Date,EquityStrategy,EquityBuyHold,DailyReturnStrategy,DailyReturnBuyHold,EffectiveExposure,Turnover
2016-12-08,1.0,1.0,,,0.0,0.0
2016-12-09,1.0,1.032926829268293,0.0,0.032926829268292934,0.0,0.0
2016-12-10,1.0,0.9926829268292684,-0.0,-0.038961038961038974,0.0,0.0
2016-12-11,1.0,1.003658536585366,0.0,0.011056511056511065,0.0,0.0
2016-12-12,1.0,1.0365853658536586,0.0,0.03280680437424044,0.0,0.0
2016-12-13,1.0,1.025609756097561,-0.0,-0.010588235294117676,0.0,0.0
2016-12-14,1.0,1.0048780487804878,-0.0,-0.02021403091557672,0.0,0.0
2016-12-15,1.0,0.9548780487804879,-0.0,-0.04975728155339809,0.0,0.0
2016-12-16,1.0,0.9560975609756098,0.0,0.0012771392081736277,0.0,0.0
2016-12-17,1.0,0.9573170731707318,0.0,0.0012755102040815647,0.0,0.0
2016-12-18,1.0,0.9658536585365854,0.0,0.008917197452229297,0.0,0.0
2016-12-19,1.0,0.9317073170731708,-0.0,-0.03535353535353536,0.0,0.0
2016-12-20,1.0,0.9317073170731708,0.0,0.0,0.0,0.0
2016-12-21,1.0,0.9646341463414635,0.0,0.035340314136125706,0.0,0.0
2016-12-22,1.0,0.9207317073170732,-0.0,-0.04551201011378003,0.0,0.0
2016-12-23,1.0,0.8695121951219513,-0.0,-0.05562913907284772,0.0,0.0
2016-12-24,1.0,0.8804878048780488,0.0,0.012622720897615736,0.0,0.0
2016-12-25,1.0,0.876829268292683,-0.0,-0.0041551246537395725,0.0,0.0
2016-12-26,1.0,0.8853658536585366,0.0,0.009735744089012455,0.0,0.0
2016-12-27,1.0,0.8731707317073172,-0.0,-0.01377410468319551,0.0,0.0
2016-12-28,1.0,0.9292682926829269,0.0,0.06424581005586583,0.0,0.0
2016-12-29,1.0,1.0109756097560976,0.0,0.08792650918635148,0.0,0.0
2016-12-30,1.0,1.0012195121951222,-0.0,-0.009650180940892428,0.0,0.0
2016-12-31,1.0,0.9951219512195123,-0.0,-0.006090133982947665,0.0,0.0
2017-01-01,1.0,0.9975609756097561,0.0,0.002450980392156854,0.0,0.0
2017-01-02,1.0,1.0219512195121954,0.0,0.02444987775061147,0.0,0.0
2017-01-03,1.0,1.1695121951219514,0.0,0.1443914081145583,0.0,0.0
2017-01-04,1.0,1.3621951219512196,0.0,0.16475495307612098,0.0,0.0
2017-01-05,1.0,1.2475609756097563,-0.0,-0.08415398388540729,0.0,0.0
2017-01-06,1.0,1.2365853658536587,-0.0,-0.008797653958944274,0.0,0.0
2017-01-07,1.0,1.2097560975609758,-0.0,-0.021696252465483346,0.0,0.0
2017-01-08,1.0,1.2804878048780488,0.0,0.058467741935483986,0.0,0.0
2017-01-09,1.0,1.2670731707317076,-0.0,-0.010476190476190417,0.0,0.0
2017-01-10,1.0,1.2963414634146344,0.0,0.023099133782483072,0.0,0.0
2017-01-11,1.0,1.2134146341463414,-0.0,-0.0639698965192852,0.0,0.0
2017-01-12,1.0,1.1951219512195124,-0.0,-0.015075376884421954,0.0,0.0
2017-01-13,1.0,1.2000000000000002,0.0,0.004081632653061051,0.0,0.0
2017-01-14,1.0,1.2024390243902439,0.0,0.00203252032520318,0.0,0.0
2017-01-15,1.0,1.207317073170732,0.0,0.0040567951318459805,0.0,0.0
2017-01-16,1.0,1.178048780487805,-0.0,-0.024242424242424288,0.0,0.0
2017-01-17,1.0,1.2609756097560976,0.0,0.07039337474120089,0.0,0.0
2017-01-18,1.0,1.2475609756097563,-0.0,-0.010638297872340385,0.0,0.0
2017-01-19,1.0,1.2707317073170732,0.0,0.01857282502443791,0.0,0.0
2017-01-20,1.0,1.2951219512195122,0.0,0.019193857965450922,0.0,0.0
2017-01-21,1.0,1.3329268292682928,0.0,0.029190207156308823,0.0,0.0
2017-01-22,1.0,1.3134146341463415,-0.0,-0.014638609332113472,0.0,0.0
2017-01-23,1.0,1.3170731707317076,0.0,0.002785515320334442,0.0,0.0
2017-01-24,1.0,1.2890243902439027,-0.0,-0.02129629629629637,0.0,0.0
2017-01-25,1.0,1.2865853658536588,-0.0,-0.0018921475875117721,0.0,0.0
2017-01-26,1.0,1.2926829268292683,0.0,0.004739336492890933,0.0,0.0
2017-01-27,1.0,1.2865853658536588,-0.0,-0.004716981132075415,0.0,0.0
2017-01-28,1.0,1.2902439024390244,0.0,0.0028436018957345155,0.0,0.0
2017-01-29,1.0,1.2792682926829269,-0.0,-0.008506616257088817,0.0,0.0
2017-01-30,1.0,1.2926829268292683,0.0,0.010486177311725298,0.0,0.0
2017-01-31,1.0,1.3048780487804879,0.0,0.00943396226415083,0.0,0.0
2017-02-01,1.0,1.307317073170732,0.0,0.0018691588785046953,0.0,0.0
2017-02-02,1.0,1.3195121951219513,0.0,0.009328358208955168,0.0,0.0
2017-02-03,1.0,1.3402439024390245,0.0,0.015711645101663674,0.0,0.0
2017-02-04,1.0,1.3914634146341465,0.0,0.03821656050955413,0.0,0.0
2017-02-05,1.0,1.3731707317073172,-0.0,-0.013146362839614456,0.0,0.0
2017-02-06,1.0,1.3829268292682928,0.0,0.007104795737122638,0.0,0.0
2017-02-07,1.0,1.403658536585366,0.0,0.014991181657848296,0.0,0.0
2017-02-08,1.0,1.3914634146341465,-0.0,-0.008688097306689846,0.0,0.0
2017-02-09,1.0,1.3439024390243903,-0.0,-0.034180543382997475,0.0,0.0
2017-02-10,1.0,1.3939024390243904,0.0,0.03720508166969139,0.0,0.0
2017-02-11,1.0,1.404878048780488,0.0,0.007874015748031482,0.0,0.0
2017-02-12,1.0,1.402439024390244,-0.0,-0.0017361111111110494,0.0,0.0
2017-02-13,1.0,1.3939024390243904,-0.0,-0.006086956521739184,0.0,0.0
2017-02-14,1.0,1.6024390243902442,0.0,0.1496062992125986,0.0,0.0
2017-02-15,1.0,1.582926829268293,-0.0,-0.0121765601217656,0.0,0.0
2017-02-16,1.0,1.5719512195121954,-0.0,-0.006933744221879756,0.0,0.0
2017-02-17,1.0,1.5548780487804879,-0.0,-0.010861132660977546,0.0,0.0
2017-02-18,1.0,1.5719512195121954,0.0,0.01098039215686275,0.0,0.0
2017-02-19,1.0,1.5731707317073174,0.0,0.0007757951900697613,0.0,0.0
2017-02-20,1.0,1.5378048780487805,-0.0,-0.022480620155038822,0.0,0.0
2017-02-21,1.0,1.5646341463414635,0.0,0.017446471054718637,0.0,0.0
2017-02-22,1.0,1.5548780487804879,-0.0,-0.00623538581449723,0.0,0.0
2017-02-23,1.0,1.6109756097560979,0.0,0.03607843137254907,0.0,0.0
2017-02-24,1.0,1.6097560975609757,-0.0,-0.0007570022710069457,0.0,0.0
2017-02-25,1.0,1.6646341463414636,0.0,0.03409090909090917,0.0,0.0
2017-02-26,1.0,1.7975609756097564,0.0,0.07985347985347979,0.0,0.0
2017-02-27,1.0,1.9097560975609758,0.0,0.06241519674355489,0.0,0.0
2017-02-28,1.0,2.0,0.0,0.047254150702426445,0.0,0.0
2017-03-01,1.0,2.1182926829268296,0.0,0.0591463414634148,0.0,0.0
2017-03-02,1.0,2.35,0.0,0.10938399539435806,0.0,0.0
2017-03-03,1.0,2.4000000000000004,0.0,0.02127659574468077,0.0,0.0
2017-03-04,1.0,2.274390243902439,-0.0,-0.05233739837398377,0.0,0.0
2017-03-05,1.0,2.3658536585365852,0.0,0.04021447721179627,0.0,0.0
2017-03-06,1.0,2.4000000000000004,0.0,0.014432989690721598,0.0,0.0
2017-03-07,1.0,2.31219512195122,-0.0,-0.03658536585365846,0.0,0.0
2017-03-08,1.0,2.0341463414634147,-0.0,-0.12025316455696211,0.0,0.0
2017-03-09,1.0,2.1731707317073172,0.0,0.06834532374100721,0.0,0.0
2017-03-10,1.0,2.3414634146341466,0.0,0.07744107744107742,0.0,0.0
2017-03-11,1.0,2.6390243902439026,0.0,0.12708333333333344,0.0,0.0
2017-03-12,1.0,2.8524390243902444,0.0,0.08086876155268019,0.0,0.0
2017-03-13,1.0,3.4926829268292687,0.0,0.22445489525438211,0.0,0.0
2017-03-14,1.0,3.4987804878048787,0.0,0.0017458100558660483,0.0,0.0
2017-03-15,1.0,4.347560975609756,0.0,0.24259323806204236,0.0,0.0
2017-03-16,1.0,5.604878048780488,0.0,0.28920056100981784,0.0,0.0
2017-03-17,1.0,5.441463414634146,-0.0,-0.029155787641427455,0.0,0.0
2017-03-18,1.0,4.102439024390244,-0.0,-0.24607799193186908,0.0,0.0
2017-03-19,1.2844827586206897,5.269512195121952,0.2844827586206897,0.2844827586206897,1.0,1.0
2017-03-20,1.2577288941736031,5.159756097560976,-0.020828511918537296,-0.020828511918537296,1.0,0.0
2017-03-21,1.2592152199762188,5.1658536585365855,0.0011817537225240482,0.0011817537225240482,1.0,0.0
2017-03-22,1.2297859690844233,5.045121951219512,-0.02337110481586402,-0.02337110481586402,1.0,0.0
2017-03-23,1.2779429250891798,5.242682926829269,0.039158810732415006,0.039158810732415006,1.0,0.0
2017-03-24,1.5734244946492273,6.454878048780488,0.23121656199116059,0.23121656199116059,1.0,0.0
2017-03-25,1.501189060642093,6.158536585365854,-0.04590969204609863,-0.04590969204609863,1.0,0.0
2017-03-26,1.5080261593341262,6.1865853658536585,0.0045544554455445585,0.0045544554455445585,1.0,0.0
2017-03-27,1.4557074910820456,5.971951219512196,-0.0346934752611866,-0.0346934752611866,1.0,0.0
2017-03-28,1.4952437574316295,6.134146341463415,0.02715948539922408,0.02715948539922408,1.0,0.0
2017-03-29,1.578478002378122,6.475609756097562,0.055666003976143186,0.055666003976143186,1.0,0.0
2017-03-30,1.5422116527942933,6.326829268292684,-0.022975517890772124,-0.022975517890772124,1.0,0.0
2017-03-31,1.4916765755053516,6.119512195121952,-0.03276792598303779,-0.03276792598303779,1.0,0.0
2017-04-01,1.5074316290130805,6.184146341463415,0.010561976883220359,0.010561976883220359,1.0,0.0
2017-04-02,1.4488703923900128,5.943902439024391,-0.0388483533819759,-0.0388483533819759,1.0,0.0
2017-04-03,1.3153983353151018,5.396341463414634,-0.09212146081247441,-0.09212146081247441,1.0,0.0
2017-04-04,1.3219381688466119,5.423170731707318,0.004971751412429448,0.004971751412429448,1.0,0.0
2017-04-05,1.3311533888228309,5.460975609756098,0.006970991679784211,0.006970991679784211,1.0,0.0
2017-04-06,1.287158145065399,5.280487804878049,-0.03305046895935693,-0.03305046895935693,1.0,0.0
2017-04-07,1.2580261593341269,5.160975609756098,-0.02263279445727473,-0.02263279445727473,1.0,0.0
2017-04-08,1.3213436385255657,5.420731707317074,0.05033081285444241,0.05033081285444241,1.0,0.0
2017-04-09,1.3055885850178368,5.35609756097561,-0.011923509561304835,-0.011923509561304835,1.0,0.0
2017-04-10,1.3055885850178368,5.35609756097561,0.0,0.0,1.0,0.0
2017-04-11,1.302913198573128,5.345121951219513,-0.002049180327868938,-0.002049180327868938,1.0,0.0
2017-04-12,1.3816884661117725,5.668292682926829,0.06046087154916724,0.06046087154916724,1.0,0.0
2017-04-13,1.4794887039239013,6.069512195121952,0.0707831325301207,0.0707831325301207,1.0,0.0
2017-04-14,1.4030915576694423,5.75609756097561,-0.05163753265019089,-0.05163753265019089,1.0,0.0
2017-04-15,1.4548156956004765,5.96829268292683,0.03686440677966085,0.03686440677966085,1.0,0.0
2017-04-16,1.4307372175980986,5.869512195121952,-0.016550878626889975,-0.016550878626889975,1.0,0.0
2017-04-17,1.425089179548158,5.8463414634146345,-0.003947641803449087,-0.003947641803449087,1.0,0.0
2017-04-18,1.4800832342449475,6.071951219512195,0.03858990404672502,0.03858990404672502,1.0,0.0
2017-04-19,1.420332936979787,5.826829268292683,-0.040369552118899366,-0.040369552118899366,1.0,0.0
2017-04-20,1.467895362663497,6.021951219512196,0.03348681456676439,0.03348681456676439,1.0,0.0
2017-04-21,1.4378715814506549,5.898780487804879,-0.020453624949372307,-0.020453624949372307,1.0,0.0
2017-04-22,1.4450059453032116,5.9280487804878055,0.004961753152780801,0.004961753152780801,1.0,0.0
2017-04-23,1.4554102259215231,5.970731707317074,0.007200164575190238,0.007200164575190238,1.0,0.0
2017-04-24,1.4898929845422126,6.11219512195122,0.023692810457516256,0.023692810457516256,1.0,0.0
2017-04-25,1.4955410225921533,6.135365853658538,0.0037909018355946067,0.0037909018355946067,1.0,0.0
2017-04-26,1.5879904875148643,6.514634146341464,0.061816736235340786,0.061816736235340786,1.0,0.0
2017-04-27,1.892687277051131,7.764634146341464,0.19187570198427562,0.19187570198427562,1.0,0.0
2017-04-28,2.174197384066589,8.919512195121952,0.14873566828961837,0.14873566828961837,1.0,0.0
2017-04-29,2.092746730083236,8.585365853658539,-0.03746240087503416,-0.03746240087503416,1.0,0.0
2017-04-30,2.4039833531510126,9.86219512195122,0.14872159090909087,0.14872159090909087,1.0,0.0
2017-05-01,2.358799048751488,9.676829268292684,-0.018795597873129788,-0.018795597873129788,1.0,0.0
2017-05-02,2.3052913198573144,9.457317073170731,-0.022684310018903586,-0.022684310018903586,1.0,0.0
2017-05-03,2.4164684898929862,9.913414634146344,0.04822695035461,0.04822695035461,1.0,0.0
2017-05-04,2.8528537455410246,11.703658536585367,0.18058801820642145,0.18058801820642145,1.0,0.0
2017-05-05,2.7327586206896575,11.2109756097561,-0.04209648848598513,-0.04209648848598513,1.0,0.0
2017-05-06,2.8489892984542236,11.687804878048782,0.04253236157946261,0.04253236157946261,1.0,0.0
2017-05-07,2.7889417360285393,11.441463414634146,-0.02107679465776302,-0.02107679465776302,1.0,0.0
2017-05-08,2.653091557669443,10.884146341463415,-0.0487102963120869,-0.0487102963120869,1.0,0.0
2017-05-09,2.573721759809752,10.558536585365854,-0.029915966386554693,-0.029915966386554693,1.0,0.0
2017-05-10,2.626634958382879,10.775609756097563,0.02055902055902048,0.02055902055902048,1.0,0.0
2017-05-11,2.62485136741974,10.76829268292683,-0.0006790402897238756,-0.0006790402897238756,1.0,0.0
2017-05-12,2.5318073721759826,10.38658536585366,-0.03544733861834648,-0.03544733861834648,1.0,0.0
2017-05-13,2.6284185493460184,10.782926829268295,0.038158976165316494,0.038158976165316494,1.0,0.0
2017-05-14,2.6572532699167675,10.901219512195123,0.010970368694865451,0.010970368694865451,1.0,0.0
2017-05-15,2.7051129607610007,11.097560975609756,0.018010963194988294,0.018010963194988294,1.0,0.0
2017-05-16,2.615338882282998,10.729268292682928,-0.03318681318681316,-0.03318681318681316,1.0,0.0
2017-05-17,2.5826397146254476,10.595121951219513,-0.012502841554898891,-0.012502841554898891,1.0,0.0
2017-05-18,2.859690844233058,11.731707317073171,0.1072744014732967,0.1072744014732967,1.0,0.0
2017-05-19,3.719976218787161,15.260975609756098,0.30083160083160077,0.30083160083160077,1.0,0.0
2017-05-20,3.6750891795481593,15.076829268292684,-0.01206648553619949,-0.01206648553619949,1.0,0.0
2017-05-21,4.422711058263975,18.14390243902439,0.20342958828763247,0.20342958828763247,1.0,0.0
2017-05-22,4.759215219976222,19.52439024390244,0.07608549536227982,0.07608549536227982,1.0,0.0
2017-05-23,5.052021403091561,20.725609756097562,0.06152404747033091,0.06152404747033091,1.0,0.0
2017-05-24,5.828180737217602,23.90975609756098,0.1536334215945867,0.1536334215945867,1.0,0.0
2017-05-25,5.395659928656365,22.135365853658538,-0.07421197592573703,-0.07421197592573703,1.0,0.0
2017-05-26,4.869203329369802,19.975609756097565,-0.09757038179714606,-0.09757038179714606,1.0,0.0
2017-05-27,4.7535671819262815,19.501219512195124,-0.023748473748473886,-0.023748473748473886,1.0,0.0
2017-05-28,5.216409036860884,21.400000000000002,0.09736726908886251,0.09736726908886251,1.0,0.0
2017-05-29,5.791319857312728,23.758536585365857,0.11021198997036707,0.11021198997036707,1.0,0.0
2017-05-30,6.798156956004762,27.889024390243904,0.17385278718817365,0.17385278718817365,1.0,0.0
2017-05-31,6.811533888228306,27.94390243902439,0.001967729240456517,0.001967729240456517,1.0,0.0
2017-06-01,6.5966111771700415,27.06219512195122,-0.0315527625032731,-0.0315527625032731,1.0,0.0
2017-06-02,6.600475624256842,27.078048780487805,0.0005858230814292931,0.0005858230814292931,1.0,0.0
2017-06-03,6.68697978596909,27.432926829268293,0.013105746712304134,0.013105746712304134,1.0,0.0
2017-06-04,7.2978596908442395,29.939024390243905,0.09135363414092024,0.09135363414092024,1.0,0.0
2017-06-05,7.372175980975037,30.243902439024392,0.010183299389002087,0.010183299389002087,1.0,0.0
2017-06-06,7.854340071343646,32.2219512195122,0.06540322580645164,0.06540322580645164,1.0,0.0
2017-06-07,7.600475624256844,31.18048780487805,-0.032321550223298856,-0.032321550223298856,1.0,0.0
2017-06-08,7.688466111771707,31.541463414634148,0.011576971214017462,0.011576971214017462,1.0,0.0
2017-06-09,8.304994054696797,34.07073170731707,0.08018867924528306,0.08018867924528306,1.0,0.0
2017-06-10,10.11296076099882,41.487804878048784,0.21769632758250412,0.21769632758250412,1.0,0.0
2017-06-11,10.196492271105836,41.830487804878054,0.008259847148736066,0.008259847148736066,1.0,0.0
2017-06-12,11.81242568370988,48.459756097560984,0.15847934462552127,0.15847934462552127,1.0,0.0
2017-06-13,11.533888228299654,47.31707317073171,-0.02358003875481296,-0.02358003875481296,1.0,0.0
2017-06-14,10.157550535077299,41.670731707317074,-0.11932989690721651,-0.11932989690721651,1.0,0.0
2017-06-15,10.21730083234246,41.915853658536584,0.00588235294117645,0.00588235294117645,1.0,0.0
2017-06-16,10.53091557669442,43.202439024390245,0.03069448081231263,0.03069448081231263,1.0,0.0
2017-06-17,10.968489892984554,44.997560975609765,0.041551402924405956,0.041551402924405956,1.0,0.0
2017-06-18,10.459274673008334,42.90853658536586,-0.046425280503008315,-0.046425280503008315,1.0,0.0
2017-06-19,10.66319857312724,43.74512195121952,0.019496944720761578,0.019496944720761578,1.0,0.0
2017-06-20,10.432223543400724,42.79756097560976,-0.02166095174374838,-0.02166095174374838,1.0,0.0
2017-06-21,9.673305588585027,39.68414634146342,-0.07274747820140193,-0.07274747820140193,1.0,0.0
2017-06-22,9.673305588585027,39.02682926829269,-0.0,-0.016563719615254713,0.0,1.0
2017-06-23,9.673305588585027,39.87682926829269,0.0,0.021779888756952692,0.0,0.0
2017-06-24,9.673305588585027,37.13414634146342,-0.0,-0.06877886173889114,0.0,0.0
2017-06-25,9.673305588585027,33.962195121951225,-0.0,-0.08541871921182265,0.0,0.0
2017-06-26,9.673305588585027,30.852439024390247,-0.0,-0.09156522675859102,0.0,0.0
2017-06-27,9.673305588585027,35.02804878048781,0.0,0.13534131783864978,0.0,0.0
2017-06-28,9.673305588585027,38.453658536585365,0.0,0.09779619120565397,0.0,0.0
2017-06-29,9.673305588585027,35.72560975609756,-0.0,-0.07094380312063941,0.0,0.0
2017-06-30,9.673305588585027,34.15121951219513,-0.0,-0.044068953746372985,0.0,0.0
2017-07-01,9.673305588585027,32.087804878048786,-0.0,-0.060419940008570205,0.0,0.0
2017-07-02,9.673305588585027,34.75609756097561,0.0,0.0831559744603223,0.0,0.0
2017-07-03,9.673305588585027,33.70365853658537,-0.0,-0.030280701754385908,0.0,0.0
2017-07-04,9.673305588585027,32.829268292682926,-0.0,-0.02594348156456927,0.0,0.0
2017-07-05,9.673305588585027,32.47195121951219,-0.0,-0.010884101040118943,0.0,0.0
2017-07-06,9.673305588585027,32.44024390243903,-0.0,-0.0009764524730536683,0.0,0.0
2017-07-07,9.673305588585027,29.42439024390244,-0.0,-0.09296642983346493,0.0,0.0
2017-07-08,9.673305588585027,30.078048780487805,0.0,0.02221485411140578,0.0,0.0
2017-07-09,9.673305588585027,29.12317073170732,-0.0,-0.031746675316250306,0.0,0.0
2017-07-10,9.673305588585027,24.739024390243905,-0.0,-0.1505380846698211,0.0,0.0
2017-07-11,9.673305588585027,23.240243902439026,-0.0,-0.06058365375135566,0.0,0.0
2017-07-12,9.673305588585027,27.321951219512197,0.0,0.17563100173164714,0.0,0.0
2017-07-13,9.673305588585027,25.000000000000004,-0.0,-0.08498482413854669,0.0,0.0
2017-07-14,9.673305588585027,24.052439024390246,-0.0,-0.03790243902439028,0.0,0.0
2017-07-15,9.673305588585027,20.45365853658537,-0.0,-0.14962226841758353,0.0,0.0
2017-07-16,9.673305588585027,18.98536585365854,-0.0,-0.07178631051752915,0.0,0.0
2017-07-17,9.673305588585027,23.276829268292687,0.0,0.22604059609455285,0.0,0.0
2017-07-18,9.673305588585027,27.684146341463418,0.0,0.18934353224707912,0.0,0.0
2017-07-19,9.673305588585027,23.748780487804883,-0.0,-0.14215232809127343,0.0,0.0
2017-07-20,9.673305588585027,27.56829268292683,0.0,0.16082982438122628,0.0,0.0
2017-07-21,9.673305588585027,26.414634146341466,-0.0,-0.041847297177740495,0.0,0.0
2017-07-22,9.673305588585027,28.132926829268296,0.0,0.0650507848568791,0.0,0.0
2017-07-23,9.673305588585027,27.84268292682927,-0.0,-0.010316875460574804,0.0,0.0
2017-07-24,9.673305588585027,27.556097560975612,-0.0,-0.010293022644649819,0.0,0.0
2017-07-25,9.673305588585027,24.851219512195126,-0.0,-0.09815896618870601,0.0,0.0
2017-07-26,9.673305588585027,24.784146341463416,-0.0,-0.002698989105898608,0.0,0.0
2017-07-27,9.673305588585027,24.74878048780488,-0.0,-0.0014269546818874712,0.0,0.0
2017-07-28,9.673305588585027,23.258536585365857,-0.0,-0.06021484182517001,0.0,0.0
2017-07-29,9.673305588585027,25.10975609756098,0.0,0.07959312080536907,0.0,0.0
2017-07-30,9.673305588585027,24.01829268292683,-0.0,-0.043467702768334227,0.0,0.0
2017-07-31,9.673305588585027,24.490243902439026,0.0,0.01964965727341972,0.0,0.0
2017-08-01,9.673305588585027,27.528048780487808,0.0,0.12404143013644053,0.0,0.0
2017-08-02,9.673305588585027,26.575609756097563,-0.0,-0.034598857041598374,0.0,0.0
2017-08-03,9.673305588585027,27.31707317073171,0.0,0.027900146842878115,0.0,0.0
2017-08-04,9.673305588585027,26.917073170731708,-0.0,-0.01464285714285718,0.0,0.0
2017-08-05,9.673305588585027,30.713414634146343,0.0,0.14103841971728892,0.0,0.0
2017-08-06,10.13843852754776,32.19024390243902,0.04808417708953727,0.04808417708953727,1.0,1.0
2017-08-07,10.366587962513792,32.91463414634146,0.02250340960751629,0.02250340960751629,1.0,0.0
2017-08-08,11.367142302726776,36.09146341463415,0.09651722860318634,0.09651722860318634,1.0,0.0
2017-08-09,11.340640095634763,36.00731707317073,-0.002331474911302589,-0.002331474911302589,1.0,0.0
2017-08-10,11.54228732350878,36.64756097560976,0.017780938833570348,0.017780938833570348,1.0,0.0
2017-08-11,11.893345544988499,37.76219512195122,0.030414961232571258,0.030414961232571258,1.0,0.0
2017-08-12,11.843413850467316,37.60365853658537,-0.00419828839011771,-0.00419828839011771,1.0,0.0
2017-08-13,11.394412689734503,36.17804878048781,-0.037911464245175885,-0.037911464245175885,1.0,0.0
2017-08-14,11.490435179198322,36.4829268292683,0.008427155666419495,0.008427155666419495,1.0,0.0
2017-08-15,11.012243181668506,34.96463414634147,-0.04161652627356616,-0.04161652627356616,1.0,0.0
2017-08-16,11.53998278376165,36.640243902439025,0.047922988385476595,0.047922988385476595,1.0,0.0
2017-08-17,11.548432762834466,36.66707317073171,0.0007322349808620565,0.0007322349808620565,1.0,0.0
2017-08-18,11.248842595707353,35.71585365853659,-0.025942062726577397,-0.025942062726577397,1.0,0.0
2017-08-19,11.276112982715077,35.802439024390246,0.0024242838119301613,0.0024242838119301613,1.0,0.0
2017-08-20,11.43781485497215,36.31585365853659,0.014340213911029576,0.014340213911029576,1.0,0.0
2017-08-21,12.367696642939762,39.268292682926834,0.0812989019107424,0.0812989019107424,1.0,0.0
2017-08-22,12.067722385854793,38.31585365853659,-0.02425465838509322,-0.02425465838509322,1.0,0.0
2017-08-23,12.19485616190489,38.71951219512196,0.010535026576275586,0.010535026576275586,1.0,0.0
2017-08-24,12.46602367215071,39.580487804878054,0.022236220472440893,0.022236220472440893,1.0,0.0
2017-08-25,12.68034586863395,40.2609756097561,0.017192506778407557,0.017192506778407557,1.0,0.0
2017-08-26,12.789811506622703,40.60853658536586,0.008632701278245669,0.008632701278245669,1.0,0.0
2017-08-27,13.374012332520572,42.463414634146346,0.04567704735877953,0.04567704735877953,1.0,0.0
2017-08-28,13.348662395302126,42.3829268292683,-0.0018954623779435797,-0.0018954623779435797,1.0,0.0
2017-08-29,14.306582750193174,45.424390243902444,0.07176152385336931,0.07176152385336931,1.0,0.0
2017-08-30,14.752895281221,46.841463414634156,0.031196305841924454,0.031196305841924454,1.0,0.0
2017-08-31,14.948781159727188,47.463414634146346,0.013277792241603636,0.013277792241603636,1.0,0.0
2017-09-01,15.089742174260072,47.9109756097561,0.009429599177800618,0.009429599177800618,1.0,0.0
2017-09-02,13.630200334410038,43.27682926829269,-0.09672410721103675,-0.09672410721103675,1.0,0.0
2017-09-03,13.560680052038233,43.056097560975616,-0.005100459323132411,-0.005100459323132411,1.0,0.0
2017-09-04,12.170274404602148,38.64146341463415,-0.10253214751033812,-0.10253214751033812,1.0,0.0
2017-09-05,12.293951371031545,39.03414634146342,0.010162216751877784,0.010162216751877784,1.0,0.0
2017-09-06,13.03524498969222,41.38780487804878,0.060297425643589087,0.060297425643589087,1.0,0.0
2017-09-07,12.888522625791508,40.9219512195122,-0.011255819435441072,-0.011255819435441072,1.0,0.0
2017-09-08,11.828434342110956,37.55609756097561,-0.08225056621766602,-0.08225056621766602,1.0,0.0
2017-09-09,11.714359624627942,37.19390243902439,-0.009644109624626473,-0.009644109624626473,1.0,0.0
2017-09-10,11.535373704267384,36.62560975609756,-0.015279189481622435,-0.015279189481622435,1.0,0.0
2017-09-11,11.463932972106305,36.398780487804885,-0.006193187493756747,-0.006193187493756747,1.0,0.0
2017-09-12,11.31144925883776,35.91463414634147,-0.013301169296746851,-0.013301169296746851,1.0,0.0
2017-09-13,10.589744228027703,33.62317073170732,-0.06380305602716474,-0.06380305602716474,1.0,0.0
2017-09-14,10.589744228027703,27.29878048780488,-0.0,-0.18809618802364803,0.0,1.0
2017-09-15,10.589744228027703,31.814634146341465,0.0,0.1654232745141837,0.0,0.0
2017-09-16,10.589744228027703,31.200000000000003,-0.0,-0.01931922723091073,0.0,0.0
2017-09-17,10.589744228027703,31.66585365853659,0.0,0.014931207004377889,0.0,0.0
2017-09-18,10.589744228027703,36.34146341463415,0.0,0.14765462527921125,0.0,0.0
2017-09-19,10.589744228027703,34.487804878048784,-0.0,-0.051006711409395944,0.0,0.0
2017-09-20,10.589744228027703,34.57926829268293,0.0,0.002652050919377702,0.0,0.0
2017-09-21,10.589744228027703,31.476829268292686,-0.0,-0.08971962616822426,0.0,0.0
2017-09-22,10.589744228027703,32.18048780487805,0.0,0.022354809964743705,0.0,0.0
2017-09-23,10.589744228027703,34.88170731707317,0.0,0.08393966954676357,0.0,0.0
2017-09-24,10.589744228027703,34.53780487804878,-0.0,-0.009859105688214465,0.0,0.0
2017-09-25,10.589744228027703,35.903658536585375,0.0,0.03954662617845428,0.0,0.0
2017-09-26,10.589744228027703,35.21585365853659,-0.0,-0.019156957983764267,0.0,0.0
2017-09-27,10.589744228027703,37.78658536585367,0.0,0.07299927277764318,0.0,0.0
2017-09-28,10.589744228027703,36.86951219512195,-0.0,-0.024269807971599278,0.0,0.0
2017-09-29,10.589744228027703,35.59512195121952,-0.0,-0.03456487943637743,0.0,0.0
2017-09-30,10.589744228027703,36.77682926829269,0.0,0.033198574756749366,0.0,0.0
2017-10-01,10.589744228027703,36.98170731707317,0.0,0.005570845906422983,0.0,0.0
2017-10-02,10.589744228027703,36.185365853658546,-0.0,-0.021533388293487166,0.0,0.0
2017-10-03,10.589744228027703,35.65365853658537,-0.0,-0.014693987597735325,0.0,0.0
2017-10-04,10.589744228027703,35.609756097560975,-0.0,-0.0012313585989875975,0.0,0.0
2017-10-05,10.589744228027703,35.96219512195122,0.0,0.009897260273972641,0.0,0.0
2017-10-06,10.589744228027703,37.52804878048781,0.0,0.04354165960188561,0.0,0.0
2017-10-07,10.589744228027703,37.94146341463415,0.0,0.01101615052156113,0.0,0.0
2017-10-08,10.589744228027703,37.707317073170735,-0.0,-0.006171252249935755,0.0,0.0
2017-10-09,10.589744228027703,36.21951219512196,-0.0,-0.0394566623544631,0.0,0.0
2017-10-10,10.589744228027703,36.34024390243903,0.0,0.0033333333333334103,0.0,0.0
2017-10-11,10.589744228027703,36.82926829268293,0.0,0.01345682741031573,0.0,0.0
2017-10-12,10.589744228027703,36.8439024390244,0.0,0.0003973509933774544,0.0,0.0
2017-10-13,10.589744228027703,40.96219512195122,0.0,0.11177677743942804,0.0,0.0
2017-10-14,10.667932223161552,41.264634146341464,0.007383369555509223,0.007383369555509223,1.0,1.0
2017-10-15,10.621271645420384,41.084146341463416,-0.0043739102166268085,-0.0043739102166268085,1.0,0.0
2017-10-16,10.541507279416901,40.775609756097566,-0.007509869690403348,-0.007509869690403348,1.0,0.0
2017-10-17,9.974329040522566,38.581707317073175,-0.053804282808948445,-0.053804282808948445,1.0,0.0
2017-10-18,9.886682820170911,38.24268292682927,-0.008787179568227166,-0.008787179568227166,1.0,0.0
2017-10-19,9.711075105293677,37.56341463414634,-0.017762045983609198,-0.017762045983609198,1.0,0.0
2017-10-20,9.55753658259132,36.96951219512195,-0.015810661645347723,-0.015810661645347723,1.0,0.0
2017-10-21,9.458225217804374,36.58536585365854,-0.010390895596239402,-0.010390895596239402,1.0,0.0
2017-10-22,9.458225217804374,35.99268292682927,-0.0,-0.016199999999999992,0.0,1.0
2017-10-23,9.458225217804374,34.857317073170734,-0.0,-0.031544351833028395,0.0,0.0
2017-10-24,9.458225217804374,36.21829268292684,0.0,0.03904418710422286,0.0,0.0
2017-10-25,9.458225217804374,36.19024390243903,-0.0,-0.0007744368497256682,0.0,0.0
2017-10-26,9.458225217804374,36.09512195121952,-0.0,-0.0026283865750099666,0.0,0.0
2017-10-27,9.458225217804374,36.291463414634144,0.0,0.005439556726805739,0.0,0.0
2017-10-28,9.458225217804374,35.989024390243905,-0.0,-0.00833361336066385,0.0,0.0
2017-10-29,9.458225217804374,36.99756097560976,0.0,0.028023448883467195,0.0,0.0
2017-10-30,9.458225217804374,37.42317073170732,0.0,0.011503724701694251,0.0,0.0
2017-10-31,9.458225217804374,37.01341463414634,-0.0,-0.010949261902434282,0.0,0.0
2017-11-01,9.458225217804374,35.46585365853659,-0.0,-0.04181081348225757,0.0,0.0
2017-11-02,9.458225217804374,34.80487804878049,-0.0,-0.01863695756825534,0.0,0.0
2017-11-03,9.458225217804374,37.31707317073171,0.0,0.0721793973370708,0.0,0.0
2017-11-04,9.32407914772179,36.78780487804879,-0.014183006535947618,-0.014183006535947618,1.0,1.0
2017-11-05,9.166751153085762,36.16707317073171,-0.016873301067427016,-0.016873301067427016,1.0,0.0
2017-11-06,9.166751153085762,36.25853658536585,0.0,0.002528913915770259,0.0,1.0
2017-11-07,9.166751153085762,35.6609756097561,-0.0,-0.016480559666352645,0.0,0.0
2017-11-08,9.166751153085762,37.550000000000004,0.0,0.05297175295807399,0.0,0.0
2017-11-09,9.548116104763293,39.112195121951224,0.041603065830924546,0.041603065830924546,1.0,1.0
2017-11-10,8.872912583760451,36.34634146341464,-0.07071588924918937,-0.07071588924918937,1.0,0.0
2017-11-11,8.872912583760451,38.49878048780488,0.0,0.0592202388941081,0.0,1.0
2017-11-12,8.631478521564937,37.45121951219513,-0.027210237891602485,-0.027210237891602485,1.0,1.0
2017-11-13,8.869258750455979,38.482926829268294,0.027548029957668474,0.027548029957668474,1.0,0.0
2017-11-14,9.416771617926134,40.85853658536586,0.061731524908099855,0.061731524908099855,1.0,0.0
2017-11-15,9.325987913515014,40.46463414634147,-0.009640639923591321,-0.009640639923591321,1.0,0.0
2017-11-16,9.28101765745997,40.269512195121955,-0.004822036707754496,-0.004822036707754496,1.0,0.0
2017-11-17,9.340041118532216,40.525609756097566,0.006359589352230577,0.006359589352230577,1.0,0.0
2017-11-18,9.741681717923825,42.268292682926834,0.04300201618970245,0.04300201618970245,1.0,0.0
2017-11-19,9.966251934098697,43.24268292682927,0.023052510098095613,0.023052510098095613,1.0,0.0
2017-11-20,10.349904431068287,44.90731707317074,0.03849516342818471,0.03849516342818471,1.0,0.0
2017-11-21,10.160748291536759,44.08658536585366,-0.0182761242667826,-0.0182761242667826,1.0,0.0
2017-11-22,10.729059902432374,46.55243902439025,0.055932062736853805,0.055932062736853805,1.0,0.0
2017-11-23,11.428347384088303,49.586585365853665,0.06517695753543085,0.06517695753543085,1.0,0.0
2017-11-24,13.237556998002777,57.43658536585367,0.15830894468901402,0.15830894468901402,1.0,0.0
2017-11-25,13.119229011757943,56.92317073170732,-0.008938808441972146,-0.008938808441972146,1.0,0.0
2017-11-26,13.322157292206327,57.803658536585374,0.015468003513507744,0.015468003513507744,1.0,0.0
2017-11-27,13.421653983728111,58.235365853658536,0.007468511993923954,0.007468511993923954,1.0,0.0
2017-11-28,13.168415229318148,57.13658536585366,-0.018867924528301883,-0.018867924528301883,1.0,0.0
2017-11-29,12.198463019030926,52.928048780487806,-0.0736574746008708,-0.0736574746008708,1.0,0.0
2017-11-30,12.198181954930583,52.926829268292686,-2.3040943757046684e-05,-2.3040943757046684e-05,1.0,0.0
2017-12-01,13.036315102156458,56.56341463414635,0.06870967741935474,0.06870967741935474,1.0,0.0
2017-12-02,12.938504795236737,56.139024390243904,-0.0075029106118753575,-0.0075029106118753575,1.0,0.0
2017-12-03,13.069480665997052,56.707317073170735,0.010122952600251978,0.010122952600251978,1.0,0.0
2017-12-04,13.159983306307828,57.10000000000001,0.006924731182795796,0.006924731182795796,1.0,0.0
2017-12-05,12.853061308732155,55.768292682926834,-0.023322369826150102,-0.023322369826150102,1.0,0.0
2017-12-06,12.155741275778635,52.742682926829275,-0.05425322545375033,-0.05425322545375033,1.0,0.0
2017-12-07,12.155741275778635,52.83902439024391,0.0,0.0018266318296376038,0.0,1.0
2017-12-08,12.155741275778635,56.518292682926834,0.0,0.06963164697193513,0.0,0.0
2017-12-09,12.155741275778635,59.15121951219513,0.0,0.046585392167439954,0.0,0.0
2017-12-10,12.155741275778635,54.57439024390244,-0.0,-0.07737506185056908,0.0,0.0
2017-12-11,12.155741275778635,63.17073170731708,0.0,0.15751603316127016,0.0,0.0
2017-12-12,12.155741275778635,83.75853658536586,0.0,0.3259073359073359,0.0,0.0
2017-12-13,12.155741275778635,86.82195121951221,0.0,0.03657435718237667,0.0,0.0
2017-12-14,12.155741275778635,85.97682926829269,-0.0,-0.009733966345478628,0.0,0.0
2017-12-15,12.155741275778635,84.57317073170732,-0.0,-0.01632600956014807,0.0,0.0
2017-12-16,12.155741275778635,85.80365853658537,0.0,0.014549387166546524,0.0,0.0
2017-12-17,12.155741275778635,89.29024390243903,0.0,0.04063446041018204,0.0,0.0
2017-12-18,12.155741275778635,95.8109756097561,0.0,0.07302849026195757,0.0,0.0
2017-12-19,12.155741275778635,100.8109756097561,0.0,0.052186087952650784,0.0,0.0
2017-12-20,12.155741275778635,97.90975609756099,-0.0,-0.02877880602431493,0.0,0.0
2017-12-21,12.155741275778635,97.19268292682928,-0.0,-0.007323817352963169,0.0,0.0
2017-12-22,12.155741275778635,83.18414634146342,-0.0,-0.14413159677783638,0.0,0.0
2017-12-23,12.155741275778635,89.3658536585366,0.0,0.07431352714371564,0.0,0.0
2017-12-24,12.155741275778635,85.0048780487805,-0.0,-0.04879912663755459,0.0,0.0
2017-12-25,12.155741275778635,90.3048780487805,0.0,0.06234936302077365,0.0,0.0
2017-12-26,12.155741275778635,92.08170731707318,0.0,0.01967589466576647,0.0,0.0
2017-12-27,12.155741275778635,90.24268292682927,-0.0,-0.019971658256850433,0.0,0.0
2017-12-28,12.155741275778635,87.7439024390244,-0.0,-0.027689563372477966,0.0,0.0
2017-12-29,12.155741275778635,91.3280487804878,0.0,0.04084781097984713,0.0,0.0
2017-12-30,12.155741275778635,86.65609756097562,-0.0,-0.05115571045146805,0.0,0.0
2017-12-31,12.155741275778635,90.39878048780488,0.0,0.04319007008359366,0.0,0.0
2018-01-01,12.155741275778635,92.56463414634146,0.0,0.023958881379254615,0.0,0.0
2018-01-02,12.155741275778635,105.48780487804879,0.0,0.13961240003688924,0.0,0.0
2018-01-03,12.155741275778635,114.42804878048781,0.0,0.08475144508670507,0.0,0.0
2018-01-04,12.155741275778635,115.73170731707319,0.0,0.011392823267363683,0.0,0.0
2018-01-05,12.155741275778635,118.20365853658538,0.0,0.021359325605901036,0.0,0.0
2018-01-06,12.155741275778635,122.76585365853659,0.0,0.03859605682627132,0.0,0.0
2018-01-07,12.155741275778635,136.3780487804878,0.0,0.11087932610164097,0.0,0.0
2018-01-08,12.155741275778635,138.65975609756097,0.0,0.016730752034337826,0.0,0.0
2018-01-09,12.155741275778635,157.31829268292685,0.0,0.1345634603037793,0.0,0.0
2018-01-10,12.155741275778635,152.0658536585366,-0.0,-0.033387338082650486,0.0,0.0
2018-01-11,12.155741275778635,138.65975609756097,-0.0,-0.08815981522767735,0.0,0.0
2018-01-12,12.155741275778635,153.65853658536588,0.0,0.1081696730899464,0.0,0.0
2018-01-13,12.155741275778635,169.0268292682927,0.0,0.10001587301587289,0.0,0.0
2018-01-14,12.155741275778635,166.51951219512196,-0.0,-0.014833840781518282,0.0,0.0
2018-01-15,12.155741275778635,155.93048780487808,-0.0,-0.0635902919162773,0.0,0.0
2018-01-16,12.155741275778635,131.70731707317074,-0.0,-0.15534595621876546,0.0,0.0
2018-01-17,12.155741275778635,125.37317073170732,-0.0,-0.04809259259259269,0.0,0.0
2018-01-18,12.155741275778635,125.09512195121953,-0.0,-0.0022177693908915774,0.0,0.0
2018-01-19,12.155741275778635,126.51829268292684,0.0,0.011376708456004359,0.0,0.0
2018-01-20,12.155741275778635,140.24634146341464,0.0,0.10850643404501414,0.0,0.0
2018-01-21,12.155741275778635,127.6987804878049,-0.0,-0.08946800925201293,0.0,0.0
2018-01-22,12.155741275778635,121.91219512195123,-0.0,-0.04531433537383145,0.0,0.0
2018-01-23,12.155741275778635,120.00365853658538,-0.0,-0.015655009603072978,0.0,0.0
2018-01-24,12.155741275778635,128.90121951219513,0.0,0.07414408097314107,0.0,0.0
2018-01-25,12.155741275778635,126.82926829268294,-0.0,-0.01607394582730204,0.0,0.0
2018-01-26,12.155741275778635,127.50853658536586,0.0,0.005355769230769081,0.0,0.0
2018-01-27,12.155741275778635,134.14634146341464,0.0,0.052057729276853815,0.0,0.0
2018-01-28,12.155741275778635,148.1719512195122,0.0,0.10455454545454534,0.0,0.0
2018-01-29,12.155741275778635,141.74024390243903,-0.0,-0.04340705014773538,0.0,0.0
2018-01-30,12.155741275778635,128.58414634146345,-0.0,-0.09281836406342747,0.0,0.0
2018-01-31,12.155741275778635,134.75731707317075,0.0,0.04800880129743246,0.0,0.0
2018-02-01,12.155741275778635,124.0829268292683,-0.0,-0.07921195283300597,0.0,0.0
2018-02-02,12.155741275778635,111.21829268292684,-0.0,-0.1036777135668514,0.0,0.0
2018-02-03,12.155741275778635,118.21951219512196,0.0,0.06295025164749601,0.0,0.0
2018-02-04,12.155741275778635,100.73170731707317,-0.0,-0.14792655250670517,0.0,0.0
2018-02-05,12.155741275778635,84.5780487804878,-0.0,-0.160363196125908,0.0,0.0
2018-02-06,12.155741275778635,95.58902439024392,0.0,0.13018715575165096,0.0,0.0
2018-02-07,12.155741275778635,91.46829268292683,-0.0,-0.04310883737545146,0.0,0.0
2018-02-08,12.155741275778635,99.02439024390245,0.0,0.0826089275238655,0.0,0.0
2018-02-09,12.155741275778635,106.82804878048782,0.0,0.07880541871921176,0.0,0.0
2018-02-10,12.155741275778635,103.5939024390244,-0.0,-0.03027431819997939,0.0,0.0
2018-02-11,12.155741275778635,98.94512195121952,-0.0,-0.04487503973065554,0.0,0.0
2018-02-12,12.155741275778635,105.41463414634147,0.0,0.06538485240648306,0.0,0.0
2018-02-13,12.155741275778635,102.4987804878049,-0.0,-0.027660805182785686,0.0,0.0
2018-02-14,12.155741275778635,112.22682926829269,0.0,0.0949089221763495,0.0,0.0
2018-02-15,12.155741275778635,113.32926829268293,0.0,0.009823310803468654,0.0,0.0
2018-02-16,12.155741275778635,114.14878048780488,0.0,0.007231249327450895,0.0,0.0
2018-02-17,12.155741275778635,118.90121951219513,0.0,0.04163372577509028,0.0,0.0
2018-02-18,12.155741275778635,111.26951219512196,-0.0,-0.06418527369511484,0.0,0.0
2018-02-19,12.155741275778635,114.51341463414634,0.0,0.029153560351157903,0.0,0.0
2018-02-20,12.155741275778635,107.89756097560976,-0.0,-0.05777361263458325,0.0,0.0
2018-02-21,12.155741275778635,102.48048780487807,-0.0,-0.05020570550205705,0.0,0.0
2018-02-22,12.155741275778635,98.29268292682927,-0.0,-0.04086441202370472,0.0,0.0
2018-02-23,12.155741275778635,104.14756097560976,0.0,0.05956575682382126,0.0,0.0
2018-02-24,12.155741275778635,101.60975609756099,-0.0,-0.02436739616632122,0.0,0.0
2018-02-25,12.155741275778635,102.67804878048781,0.0,0.010513682189150275,0.0,0.0
2018-02-26,12.155741275778635,105.74268292682927,0.0,0.029847023611573098,0.0,0.0
2018-02-27,12.155741275778635,106.22804878048782,0.0,0.004590065621792538,0.0,0.0
2018-02-28,12.155741275778635,103.65731707317074,-0.0,-0.024200121689416543,0.0,0.0
2018-03-01,12.155741275778635,105.9439024390244,0.0,0.022059083048035832,0.0,0.0
2018-03-02,12.155741275778635,104.18414634146342,-0.0,-0.016610263139719694,0.0,0.0
2018-03-03,12.155741275778635,104.1878048780488,0.0,3.5116058573647635e-05,0.0,0.0
2018-03-04,12.155741275778635,105.09024390243903,0.0,0.008661656951564956,0.0,0.0
2018-03-05,12.155741275778635,103.5158536585366,-0.0,-0.014981316870517736,0.0,0.0
2018-03-06,12.155741275778635,99.44268292682928,-0.0,-0.039348279396345665,0.0,0.0
2018-03-07,12.155741275778635,91.63170731707318,-0.0,-0.07854751480813804,0.0,0.0
2018-03-08,12.155741275778635,85.22317073170733,-0.0,-0.06993798078202762,0.0,0.0
2018-03-09,12.155741275778635,88.83658536585367,0.0,0.04239943906243293,0.0,0.0
2018-03-10,12.155741275778635,83.3658536585366,-0.0,-0.06158196743815725,0.0,0.0
2018-03-11,12.155741275778635,87.77926829268293,0.0,0.05294031597425386,0.0,0.0
2018-03-12,12.155741275778635,84.94024390243904,-0.0,-0.032342766640270026,0.0,0.0
2018-03-13,12.155741275778635,84.1939024390244,-0.0,-0.008786664943791211,0.0,0.0
2018-03-14,12.155741275778635,74.9548780487805,-0.0,-0.1097350772751633,0.0,0.0
2018-03-15,12.155741275778635,74.5109756097561,-0.0,-0.005922262173990833,0.0,0.0
2018-03-16,12.155741275778635,73.2329268292683,-0.0,-0.01715249022078924,0.0,0.0
2018-03-17,12.155741275778635,67.04756097560976,-0.0,-0.08446154102346348,0.0,0.0
2018-03-18,12.155741275778635,65.60975609756098,-0.0,-0.02144455155604863,0.0,0.0
2018-03-19,12.155741275778635,67.75,0.0,0.03262081784386606,0.0,0.0
2018-03-20,12.155741275778635,68.04878048780489,0.0,0.004410044100441102,0.0,0.0
2018-03-21,12.155741275778635,68.29024390243903,0.0,0.003548387096774297,0.0,0.0
2018-03-22,12.155741275778635,65.84024390243903,-0.0,-0.03587628129576059,0.0,0.0
2018-03-23,12.155741275778635,66.22439024390243,0.0,0.005834521847042806,0.0,0.0
2018-03-24,12.155741275778635,63.36219512195123,-0.0,-0.043219652327636804,0.0,0.0
2018-03-25,12.155741275778635,63.72560975609756,0.0,0.005735512058047787,0.0,0.0
2018-03-26,12.155741275778635,59.35975609756098,-0.0,-0.0685101904124007,0.0,0.0
2018-03-27,12.155741275778635,54.75609756097561,-0.0,-0.0775552131484335,0.0,0.0
2018-03-28,12.155741275778635,54.32560975609757,-0.0,-0.007861915367483263,0.0,0.0
2018-03-29,12.155741275778635,46.742682926829275,-0.0,-0.13958291242956877,0.0,0.0
2018-03-30,12.155741275778635,48.10487804878049,0.0,0.029142424795846278,0.0,0.0
2018-03-31,12.155741275778635,48.11463414634147,0.0,0.00020280890331103585,0.0,0.0
2018-04-01,12.155741275778635,46.119512195121956,-0.0,-0.04146601105084402,0.0,0.0
2018-04-02,12.155741275778635,46.82926829268293,0.0,0.01538949706488979,0.0,0.0
2018-04-03,12.155741275778635,50.765853658536585,0.0,0.08406249999999993,0.0,0.0
2018-04-04,12.155741275778635,46.150000000000006,-0.0,-0.0909243778226193,0.0,0.0
2018-04-05,12.155741275778635,46.53048780487806,0.0,0.008244589488148435,0.0,0.0
2018-04-06,12.155741275778635,45.1609756097561,-0.0,-0.029432577643821345,0.0,0.0
2018-04-07,12.155741275778635,46.90365853658537,0.0,0.03858824800172833,0.0,0.0
2018-04-08,12.155741275778635,48.768292682926834,0.0,0.03975455656379179,0.0,0.0
2018-04-09,12.155741275778635,48.63414634146342,-0.0,-0.002750687671917884,0.0,0.0
2018-04-10,12.155741275778635,50.66463414634146,0.0,0.04175025075225669,0.0,0.0
2018-04-11,12.155741275778635,52.53780487804879,0.0,0.03697195811770371,0.0,0.0
2018-04-12,12.155741275778635,60.1719512195122,0.0,0.14530767623778473,0.0,0.0
2018-04-13,12.155741275778635,60.458536585365856,0.0,0.00476277335278974,0.0,0.0
2018-04-14,12.155741275778635,61.268292682926834,0.0,0.01339357753751802,0.0,0.0
2018-04-15,12.155741275778635,65.09024390243903,0.0,0.062380573248407734,0.0,0.0
2018-04-16,12.155741275778635,62.35121951219512,-0.0,-0.04208041368456561,0.0,0.0
2018-04-17,12.155741275778635,61.27073170731708,-0.0,-0.017329056485682948,0.0,0.0
2018-04-18,12.155741275778635,64.1329268292683,0.0,0.04671390470124592,0.0,0.0
2018-04-19,12.155741275778635,69.18170731707318,0.0,0.07872368746315761,0.0,0.0
2018-04-20,12.155741275778635,75.26463414634146,0.0,0.08792680992085167,0.0,0.0
2018-04-21,12.155741275778635,73.8,-0.0,-0.019459792277654486,0.0,0.0
2018-04-22,12.155741275778635,75.61829268292684,0.0,0.024638112234780962,0.0,0.0
2018-04-23,12.155741275778635,78.39634146341464,0.0,0.03673778766913416,0.0,0.0
2018-04-24,12.155741275778635,85.77804878048781,0.0,0.0941588239869331,0.0,0.0
2018-04-25,12.155741275778635,75.30365853658537,-0.0,-0.12211038130171459,0.0,0.0
2018-04-26,12.155741275778635,80.60975609756099,0.0,0.07046267955756358,0.0,0.0
2018-04-27,12.155741275778635,78.42804878048781,-0.0,-0.027065052950075663,0.0,0.0
2018-04-28,12.155741275778635,83.17073170731707,0.0,0.06047176999269177,0.0,0.0
2018-04-29,12.155741275778635,83.84268292682927,0.0,0.008079178885630478,0.0,0.0
2018-04-30,12.155741275778635,81.68414634146342,-0.0,-0.02574508007156262,0.0,0.0
2018-05-01,12.155741275778635,81.79878048780489,0.0,0.0014033830489244004,0.0,0.0
2018-05-02,12.155741275778635,83.53902439024391,0.0,0.021274692508386206,0.0,0.0
2018-05-03,12.155741275778635,94.57439024390244,0.0,0.13209833289538997,0.0,0.0
2018-05-04,12.155741275778635,95.48902439024391,0.0,0.009671055176593502,0.0,0.0
2018-05-05,12.155741275778635,99.02439024390245,0.0,0.03702379279958112,0.0,0.0
2018-05-06,12.155741275778635,95.6439024390244,-0.0,-0.034137931034482816,0.0,0.0
2018-05-07,12.155741275778635,91.75853658536586,-0.0,-0.04062324679961238,0.0,0.0
2018-05-08,12.155741275778635,91.09634146341465,-0.0,-0.007216714069269714,0.0,0.0
2018-05-09,12.155741275778635,91.46341463414635,0.0,0.004029505080389351,0.0,0.0
2018-05-10,12.155741275778635,88.2329268292683,-0.0,-0.03532000000000002,0.0,0.0
2018-05-11,12.155741275778635,82.6890243902439,-0.0,-0.06283258006109116,0.0,0.0
2018-05-12,12.155741275778635,83.49512195121952,0.0,0.009748543617727368,0.0,0.0
2018-05-13,12.155741275778635,88.93780487804878,0.0,0.06518563958753254,0.0,0.0
2018-05-14,12.155741275778635,88.64634146341464,-0.0,-0.003277159977512323,0.0,0.0
2018-05-15,12.155741275778635,86.10731707317075,-0.0,-0.02864217911679723,0.0,0.0
2018-05-16,12.155741275778635,86.27439024390245,0.0,0.0019402900521188204,0.0,0.0
2018-05-17,12.155741275778635,81.53170731707317,-0.0,-0.05497208283270916,0.0,0.0
2018-05-18,12.155741275778635,84.69512195121952,0.0,0.03879980854373577,0.0,0.0
2018-05-19,12.155741275778635,84.87317073170733,0.0,0.0021022318214543034,0.0,0.0
2018-05-20,12.155741275778635,87.07317073170732,0.0,0.025921029944249607,0.0,0.0
2018-05-21,12.155741275778635,84.9719512195122,-0.0,-0.02413165266106443,0.0,0.0
2018-05-22,12.155741275778635,78.10975609756099,-0.0,-0.08075835641603402,0.0,0.0
2018-05-23,12.155741275778635,70.39024390243904,-0.0,-0.09882903981264635,0.0,0.0
2018-05-24,12.155741275778635,73.49268292682927,0.0,0.044074844074843966,0.0,0.0
2018-05-25,12.155741275778635,71.22195121951219,-0.0,-0.030897384840037123,0.0,0.0
2018-05-26,12.155741275778635,71.34024390243903,0.0,0.0016609020239033434,0.0,0.0
2018-05-27,12.155741275778635,69.60365853658537,-0.0,-0.024342296449512024,0.0,0.0
2018-05-28,12.155741275778635,62.357317073170734,-0.0,-0.10410862899693385,0.0,0.0
2018-05-29,12.155741275778635,69.10487804878049,0.0,0.10820800657109886,0.0,0.0
2018-05-30,12.155741275778635,67.95365853658538,-0.0,-0.016659019517876628,0.0,0.0
2018-05-31,12.155741275778635,70.37804878048782,0.0,0.03567711137432261,0.0,0.0
2018-06-01,12.155741275778635,70.59634146341463,0.0,0.0031017154739212405,0.0,0.0
2018-06-02,12.155741275778635,72.00731707317074,0.0,0.01998652593757022,0.0,0.0
2018-06-03,12.155741275778635,75.44268292682928,0.0,0.04770856620262154,0.0,0.0
2018-06-04,12.155741275778635,72.13414634146342,-0.0,-0.04385496985273907,0.0,0.0
2018-06-05,12.155741275778635,74.09756097560977,0.0,0.02721893491124261,0.0,0.0
2018-06-06,12.155741275778635,73.92439024390244,-0.0,-0.0023370638578013025,0.0,0.0
2018-06-07,12.155741275778635,73.60487804878049,-0.0,-0.004322148536738291,0.0,0.0
2018-06-08,12.155741275778635,72.9987804878049,-0.0,-0.008234475445688783,0.0,0.0
2018-06-09,12.155741275778635,72.36707317073171,-0.0,-0.008653669456556323,0.0,0.0
2018-06-10,12.155741275778635,64.0548780487805,-0.0,-0.11486156283176885,0.0,0.0
2018-06-11,12.155741275778635,64.8390243902439,0.0,0.012241789623988586,0.0,0.0
2018-06-12,12.155741275778635,60.2609756097561,-0.0,-0.07060637977730955,0.0,0.0
2018-06-13,12.155741275778635,58.051219512195125,-0.0,-0.03666976970089453,0.0,0.0
2018-06-14,12.155741275778635,63.38414634146342,0.0,0.09186588798789974,0.0,0.0
2018-06-15,12.155741275778635,59.44512195121952,-0.0,-0.06214526214526217,0.0,0.0
2018-06-16,12.155741275778635,60.647560975609764,0.0,0.020227715663144963,0.0,0.0
2018-06-17,12.155741275778635,60.54878048780488,-0.0,-0.0016287627435603858,0.0,0.0
2018-06-18,12.155741275778635,63.10609756097562,0.0,0.0422356495468279,0.0,0.0
2018-06-19,12.155741275778635,65.67073170731707,0.0,0.0406400371036002,0.0,0.0
2018-06-20,12.155741275778635,65.3658536585366,-0.0,-0.00464252553389044,0.0,0.0
2018-06-21,12.155741275778635,64.08414634146342,-0.0,-0.01960820895522386,0.0,0.0
2018-06-22,12.155741275778635,56.34268292682927,-0.0,-0.12080153761251411,0.0,0.0
2018-06-23,12.155741275778635,57.94756097560976,0.0,0.028484231943031624,0.0,0.0
2018-06-24,12.155741275778635,55.462195121951225,-0.0,-0.04288991308373846,0.0,0.0
2018-06-25,12.155741275778635,55.903658536585375,0.0,0.00795971767189263,0.0,0.0
2018-06-26,12.155741275778635,52.326829268292684,-0.0,-0.06398202482493842,0.0,0.0
2018-06-27,12.155741275778635,53.830487804878054,0.0,0.02873590006525606,0.0,0.0
2018-06-28,12.155741275778635,51.21951219512196,-0.0,-0.04850365872997897,0.0,0.0
2018-06-29,12.155741275778635,53.00000000000001,0.0,0.03476190476190477,0.0,0.0
2018-06-30,12.155741275778635,55.279268292682936,0.0,0.0430050621260929,0.0,0.0
2018-07-01,12.155741275778635,55.05243902439025,-0.0,-0.004103333406869858,0.0,0.0
2018-07-02,12.155741275778635,58.09024390243903,0.0,0.055180205125933135,0.0,0.0
2018-07-03,12.155741275778635,56.3109756097561,-0.0,-0.030629382373934533,0.0,0.0
2018-07-04,12.155741275778635,56.9390243902439,0.0,0.011153221440173278,0.0,0.0
2018-07-05,12.155741275778635,56.98170731707317,0.0,0.0007496251874063997,0.0,0.0
2018-07-06,12.155741275778635,57.23170731707318,0.0,0.004387372926698774,0.0,0.0
2018-07-07,12.155741275778635,59.0829268292683,0.0,0.032346047304496084,0.0,0.0
2018-07-08,12.155741275778635,59.27804878048781,0.0,0.0033025099075296716,0.0,0.0
2018-07-09,12.155741275778635,57.51219512195123,-0.0,-0.029789335088874158,0.0,0.0
2018-07-10,12.155741275778635,52.75487804878049,-0.0,-0.0827184054283292,0.0,0.0
2018-07-11,12.155741275778635,54.42073170731708,0.0,0.03157724404170237,0.0,0.0
2018-07-12,12.155741275778635,52.61707317073171,-0.0,-0.03314285714285714,0.0,0.0
2018-07-13,12.155741275778635,52.78048780487806,0.0,0.003105734019376083,0.0,0.0
2018-07-14,12.155741275778635,52.94268292682927,0.0,0.0030730129390017513,0.0,0.0
2018-07-15,12.155741275778635,54.806097560975616,0.0,0.03519683044249433,0.0,0.0
2018-07-16,12.155741275778635,58.31463414634147,0.0,0.06401726708350952,0.0,0.0
2018-07-17,12.155741275778635,60.85487804878049,0.0,0.04356100213308789,0.0,0.0
2018-07-18,12.155741275778635,58.39146341463415,-0.0,-0.04048015069838273,0.0,0.0
2018-07-19,12.155741275778635,57.12073170731708,-0.0,-0.021762285666548364,0.0,0.0
2018-07-20,12.155741275778635,54.65975609756098,-0.0,-0.043083754990499434,0.0,0.0
2018-07-21,12.155741275778635,56.28048780487806,0.0,0.029651279534147035,0.0,0.0
2018-07-22,12.155741275778635,55.71951219512195,-0.0,-0.009967497291440974,0.0,0.0
2018-07-23,12.155741275778635,54.75609756097561,-0.0,-0.017290435543882654,0.0,0.0
2018-07-24,12.155741275778635,58.38902439024391,0.0,0.06634743875278404,0.0,0.0
2018-07-25,12.155741275778635,57.41585365853659,-0.0,-0.01666701476639032,0.0,0.0
2018-07-26,12.155741275778635,56.27073170731708,-0.0,-0.019944351224485457,0.0,0.0
2018-07-27,12.155741275778635,57.23170731707318,0.0,0.01707771661393087,0.0,0.0
2018-07-28,12.155741275778635,57.087804878048786,-0.0,-0.002514383123801367,0.0,0.0
2018-07-29,12.155741275778635,56.830487804878054,-0.0,-0.004507391267196459,0.0,0.0
2018-07-30,12.155741275778635,55.66585365853659,-0.0,-0.0204931224651832,0.0,0.0
2018-07-31,12.155741275778635,52.72560975609757,-0.0,-0.0528195241642202,0.0,0.0
2018-08-01,12.155741275778635,51.17073170731708,-0.0,-0.02948999653058859,0.0,0.0
2018-08-02,12.155741275778635,50.08658536585366,-0.0,-0.021186844613918066,0.0,0.0
2018-08-03,12.155741275778635,50.95121951219513,0.0,0.017262788829100817,0.0,0.0
2018-08-04,12.155741275778635,49.63414634146342,-0.0,-0.02584968884633798,0.0,0.0
2018-08-05,12.155741275778635,49.857317073170734,0.0,0.00449631449631438,0.0,0.0
2018-08-06,12.155741275778635,49.38902439024391,-0.0,-0.009392657094635881,0.0,0.0
2018-08-07,12.155741275778635,46.107317073170734,-0.0,-0.06644608508852079,0.0,0.0
2018-08-08,12.155741275778635,43.37804878048781,-0.0,-0.059193821413457415,0.0,0.0
2018-08-09,12.155741275778635,44.389024390243904,0.0,0.023306156873770023,0.0,0.0
2018-08-10,12.155741275778635,40.364634146341466,-0.0,-0.09066183136899364,0.0,0.0
2018-08-11,12.155741275778635,38.78292682926829,-0.0,-0.03918547388138627,0.0,0.0
2018-08-12,12.155741275778635,38.798780487804876,0.0,0.0004087793220552971,0.0,0.0
2018-08-13,12.155741275778635,34.647560975609764,-0.0,-0.10699355649850684,0.0,0.0
2018-08-14,12.155741275778635,34.073170731707314,-0.0,-0.01657808595262411,0.0,0.0
2018-08-15,12.155741275778635,34.29390243902439,0.0,0.0064781675017895335,0.0,0.0
2018-08-16,12.155741275778635,34.959756097560984,0.0,0.019416094733473388,0.0,0.0
2018-08-17,12.155741275778635,38.72439024390245,0.0,0.10768479436285627,0.0,0.0
2018-08-18,12.155741275778635,36.1719512195122,-0.0,-0.0659129558480821,0.0,0.0
2018-08-19,12.155741275778635,36.5890243902439,0.0,0.011530292303024048,0.0,0.0
2018-08-20,12.155741275778635,33.019512195121955,-0.0,-0.09755691097556907,0.0,0.0
2018-08-21,12.155741275778635,34.32804878048781,0.0,0.0396291919042695,0.0,0.0
2018-08-22,12.155741275778635,32.98414634146342,-0.0,-0.03914881523322311,0.0,0.0
2018-08-23,12.155741275778635,33.64268292682927,0.0,0.019965245683439825,0.0,0.0
2018-08-24,12.155741275778635,34.310975609756106,0.0,0.019864428897669262,0.0,0.0
2018-08-25,12.155741275778635,33.898780487804885,-0.0,-0.012013506308867994,0.0,0.0
2018-08-26,12.155741275778635,33.44512195121951,-0.0,-0.013382739144512046,0.0,0.0
2018-08-27,12.155741275778635,35.12073170731708,0.0,0.050100273473108414,0.0,0.0
2018-08-28,12.155741275778635,36.02317073170732,0.0,0.025695336643633437,0.0,0.0
2018-08-29,12.155741275778635,35.243902439024396,-0.0,-0.02163241815904393,0.0,0.0
2018-08-30,12.155741275778635,34.697560975609754,-0.0,-0.015501730103806288,0.0,0.0
2018-08-31,12.155741275778635,34.38292682926829,-0.0,-0.009067903838043012,0.0,0.0
2018-09-01,12.155741275778635,35.93170731707317,0.0,0.04504504504504503,0.0,0.0
2018-09-02,12.155741275778635,35.982926829268294,0.0,0.001425468368178251,0.0,0.0
2018-09-03,12.155741275778635,35.19512195121952,-0.0,-0.021893852097878308,0.0,0.0
2018-09-04,12.155741275778635,34.80853658536586,-0.0,-0.010984060984061017,0.0,0.0
2018-09-05,12.155741275778635,27.751219512195124,-0.0,-0.20274673299933432,0.0,0.0
2018-09-06,12.155741275778635,27.93048780487805,0.0,0.006459834768852257,0.0,0.0
2018-09-07,12.155741275778635,26.245121951219517,-0.0,-0.060341439986028034,0.0,0.0
2018-09-08,12.155741275778635,24.02439024390244,-0.0,-0.08461502718275171,0.0,0.0
2018-09-09,12.155741275778635,23.89146341463415,-0.0,-0.005532994923857837,0.0,0.0
2018-09-10,12.155741275778635,24.01707317073171,0.0,0.005257516206421231,0.0,0.0
2018-09-11,12.155741275778635,22.57926829268293,-0.0,-0.05986594902000608,0.0,0.0
2018-09-12,12.155741275778635,22.291463414634148,-0.0,-0.012746421820145848,0.0,0.0
2018-09-13,12.155741275778635,25.77926829268293,0.0,0.15646370151540023,0.0,0.0
2018-09-14,12.155741275778635,25.60975609756098,-0.0,-0.006575523913146308,0.0,0.0
2018-09-15,12.155741275778635,27.03536585365854,0.0,0.05566666666666675,0.0,0.0
2018-09-16,12.155741275778635,26.852439024390247,-0.0,-0.006766205061121355,0.0,0.0
2018-09-17,12.155741275778635,23.89878048780488,-0.0,-0.10999591262091835,0.0,0.0
2018-09-18,12.155741275778635,25.426829268292686,0.0,0.06393835791192526,0.0,0.0
2018-09-19,12.155741275778635,25.58658536585366,0.0,0.006282973621103194,0.0,0.0
2018-09-20,12.155741275778635,27.36707317073171,0.0,0.06958676898145932,0.0,0.0
2018-09-21,12.155741275778635,30.214634146341464,0.0,0.10405062163005208,0.0,0.0
2018-09-22,12.155741275778635,29.354878048780492,-0.0,-0.02845495640942841,0.0,0.0
2018-09-23,12.155741275778635,29.79878048780488,0.0,0.015121930954260288,0.0,0.0
2018-09-24,12.155741275778635,27.806097560975612,-0.0,-0.06687129118068347,0.0,0.0
2018-09-25,12.155741275778635,26.730487804878052,-0.0,-0.0386825139248278,0.0,0.0
2018-09-26,12.155741275778635,26.115853658536587,-0.0,-0.022993749714859235,0.0,0.0
2018-09-27,12.155741275778635,27.926829268292686,0.0,0.0693439178146158,0.0,0.0
2018-09-28,12.155741275778635,26.910975609756097,-0.0,-0.03637554585152847,0.0,0.0
2018-09-29,12.155741275778635,28.171951219512195,0.0,0.046857298228123456,0.0,0.0
2018-09-30,12.155741275778635,28.325609756097563,0.0,0.005454309337258101,0.0,0.0
2018-10-01,12.155741275778635,28.09756097560976,-0.0,-0.008050975158221063,0.0,0.0
2018-10-02,12.155741275778635,27.420731707317074,-0.0,-0.02408854166666674,0.0,0.0
2018-10-03,12.155741275778635,26.708536585365856,-0.0,-0.025972870802757453,0.0,0.0
2018-10-04,12.155741275778635,26.951219512195124,0.0,0.00908634308935663,0.0,0.0
2018-10-05,12.155741275778635,27.669512195121953,0.0,0.0266515837104071,0.0,0.0
2018-10-06,12.155741275778635,27.29878048780488,-0.0,-0.013398563180395784,0.0,0.0
2018-10-07,12.155741275778635,27.417073170731708,0.0,0.004333258878713497,0.0,0.0
2018-10-08,12.155741275778635,27.76585365853659,0.0,0.012721288141624543,0.0,0.0
2018-10-09,12.155741275778635,27.57926829268293,-0.0,-0.006719957835558676,0.0,0.0
2018-10-10,12.155741275778635,27.269512195121955,-0.0,-0.011231483528631458,0.0,0.0
2018-10-11,12.155741275778635,22.965853658536588,-0.0,-0.1578194177362373,0.0,0.0
2018-10-12,12.155741275778635,23.670731707317074,0.0,0.030692438402718736,0.0,0.0
2018-10-13,12.155741275778635,23.990243902439026,0.0,0.013498196805770135,0.0,0.0
2018-10-14,12.155741275778635,23.39878048780488,-0.0,-0.02465433102887349,0.0,0.0
2018-10-15,12.155741275778635,24.94268292682927,0.0,0.06598217543128149,0.0,0.0
2018-10-16,12.155741275778635,25.052439024390246,0.0,0.004400332469564505,0.0,0.0
2018-10-17,12.155741275778635,24.781707317073174,-0.0,-0.010806600788589749,0.0,0.0
2018-10-18,12.155741275778635,24.29268292682927,-0.0,-0.019733280842478274,0.0,0.0
2018-10-19,12.155741275778635,24.390243902439025,0.0,0.004016064257028162,0.0,0.0
2018-10-20,12.155741275778635,24.71829268292683,0.0,0.013449999999999962,0.0,0.0
2018-10-21,12.155741275778635,24.64878048780488,-0.0,-0.002812176229710417,0.0,0.0
2018-10-22,12.155741275778635,24.542682926829272,-0.0,-0.004304373639422154,0.0,0.0
2018-10-23,12.155741275778635,24.526829268292687,-0.0,-0.0006459627329192807,0.0,0.0
2018-10-24,12.155741275778635,24.47317073170732,-0.0,-0.002187748607796358,0.0,0.0
2018-10-25,12.155741275778635,24.34756097560976,-0.0,-0.005132549332270253,0.0,0.0
2018-10-26,12.155741275778635,24.475609756097562,0.0,0.005259203606311047,0.0,0.0
2018-10-27,12.155741275778635,24.56829268292683,0.0,0.003786746387643314,0.0,0.0
2018-10-28,12.155741275778635,24.686585365853663,0.0,0.004814851583440971,0.0,0.0
2018-10-29,12.155741275778635,23.696341463414637,-0.0,-0.04011263152694766,0.0,0.0
2018-10-30,12.155741275778635,23.823170731707318,0.0,0.005352272142452819,0.0,0.0
2018-10-31,12.155741275778635,24.01829268292683,0.0,0.008190427437931858,0.0,0.0
2018-11-01,12.155741275778635,24.14146341463415,0.0,0.005128205128205332,0.0,0.0
2018-11-02,12.155741275778635,24.35975609756098,0.0,0.009042230753687486,0.0,0.0
2018-11-03,12.155741275778635,24.189024390243905,-0.0,-0.007008760951188964,0.0,0.0
2018-11-04,12.155741275778635,25.61707317073171,0.0,0.05903705570960427,0.0,0.0
2018-11-05,12.155741275778635,25.43048780487805,-0.0,-0.007283633247643584,0.0,0.0
2018-11-06,12.155741275778635,26.664634146341466,0.0,0.04853018750299709,0.0,0.0
2018-11-07,12.155741275778635,26.44390243902439,-0.0,-0.008278069974845703,0.0,0.0
2018-11-08,12.155741275778635,25.651219512195123,-0.0,-0.029976019184652314,0.0,0.0
2018-11-09,12.155741275778635,25.367073170731707,-0.0,-0.011077303413520978,0.0,0.0
2018-11-10,12.155741275778635,25.645121951219515,0.0,0.010961011489832195,0.0,0.0
2018-11-11,12.155741275778635,25.595121951219515,-0.0,-0.0019496885253696972,0.0,0.0
2018-11-12,12.155741275778635,25.45975609756098,-0.0,-0.005288736420811846,0.0,0.0
2018-11-13,12.155741275778635,24.78048780487805,-0.0,-0.02668007855534804,0.0,0.0
2018-11-14,12.155741275778635,21.681707317073172,-0.0,-0.12504921259842516,0.0,0.0
2018-11-15,12.155741275778635,21.815853658536586,0.0,0.0061870746386185616,0.0,0.0
2018-11-16,12.155741275778635,21.02439024390244,-0.0,-0.03627927776846096,0.0,0.0
2018-11-17,12.155741275778635,21.03536585365854,0.0,0.0005220417633411412,0.0,0.0
2018-11-18,12.155741275778635,21.447560975609758,0.0,0.019595338860223688,0.0,0.0
2018-11-19,12.155741275778635,17.708536585365856,-0.0,-0.1743333143799397,0.0,0.0
2018-11-20,12.155741275778635,15.55487804878049,-0.0,-0.12161696852833837,0.0,0.0
2018-11-21,12.155741275778635,16.430487804878048,0.0,0.056291650333202714,0.0,0.0
2018-11-22,12.155741275778635,15.03048780487805,-0.0,-0.08520745194091883,0.0,0.0
2018-11-23,12.155741275778635,14.809756097560976,-0.0,-0.014685598377282005,0.0,0.0
2018-11-24,12.155741275778635,13.434146341463416,-0.0,-0.09288537549407117,0.0,0.0
2018-11-25,12.155741275778635,13.939024390243903,0.0,0.03758169934640532,0.0,0.0
2018-11-26,12.155741275778635,13.04268292682927,-0.0,-0.06430446194225714,0.0,0.0
2018-11-27,12.155741275778635,13.256097560975611,0.0,0.016362786348761205,0.0,0.0
2018-11-28,12.155741275778635,14.870731707317074,0.0,0.12180312787488501,0.0,0.0
2018-11-29,12.155741275778635,14.192682926829269,-0.0,-0.045596194849926164,0.0,0.0
2018-11-30,12.155741275778635,13.615853658536587,-0.0,-0.04064272211720221,0.0,0.0
2018-12-01,12.155741275778635,14.246341463414634,0.0,0.04630541871921179,0.0,0.0
2018-12-02,12.155741275778635,13.995121951219515,-0.0,-0.01763396678650908,0.0,0.0
2018-12-03,12.155741275778635,13.074390243902439,-0.0,-0.06578947368421062,0.0,0.0
2018-12-04,12.155741275778635,13.245121951219513,0.0,0.013058483350433692,0.0,0.0
2018-12-05,12.155741275778635,12.287804878048782,-0.0,-0.07227695423994107,0.0,0.0
2018-12-06,12.155741275778635,10.864634146341464,-0.0,-0.11581976974990071,0.0,0.0
2018-12-07,12.155741275778635,11.27439024390244,0.0,0.03771467055786282,0.0,0.0
2018-12-08,12.155741275778635,10.97439024390244,-0.0,-0.02660897782585192,0.0,0.0
2018-12-09,12.155741275778635,11.315853658536588,0.0,0.031114568285365074,0.0,0.0
2018-12-10,12.155741275778635,10.881707317073172,-0.0,-0.03836620325466111,0.0,0.0
2018-12-11,12.155741275778635,10.604878048780488,-0.0,-0.025439874481676727,0.0,0.0
2018-12-12,12.155741275778635,10.864634146341464,0.0,0.02449402023919056,0.0,0.0
2018-12-13,12.155741275778635,10.408536585365853,-0.0,-0.04198002020428793,0.0,0.0
2018-12-14,12.155741275778635,10.121951219512196,-0.0,-0.027533684827182103,0.0,0.0
2018-12-15,12.155741275778635,10.125609756097562,0.0,0.00036144578313246356,0.0,0.0
2018-12-16,12.155741275778635,10.21219512195122,0.0,0.008551126099000328,0.0,0.0
2018-12-17,12.155741275778635,11.437804878048782,0.0,0.12001433006926221,0.0,0.0
2018-12-18,12.155741275778635,12.317073170731708,0.0,0.07687386715001598,0.0,0.0
2018-12-19,12.155741275778635,12.114634146341466,-0.0,-0.01643564356435645,0.0,0.0
2018-12-20,12.155741275778635,13.965853658536586,0.0,0.15280853633984282,0.0,0.0
2018-12-21,12.155741275778635,13.139024390243902,-0.0,-0.05920363255326577,0.0,0.0
2018-12-22,12.155741275778635,14.157317073170733,0.0,0.07750139224057917,0.0,0.0
2018-12-23,12.155741275778635,15.806097560975612,0.0,0.11646136618141112,0.0,0.0
2018-12-24,12.155741275778635,16.962195121951222,0.0,0.07314250443638604,0.0,0.0
2018-12-25,12.155741275778635,15.709756097560977,-0.0,-0.0738370839025092,0.0,0.0
2018-12-26,12.155741275778635,15.910975609756099,0.0,0.01280857009781089,0.0,0.0
2018-12-27,12.155741275778635,13.979268292682928,-0.0,-0.12140722005058635,0.0,0.0
2018-12-28,12.155741275778635,16.68536585365854,0.0,0.1935793422315275,0.0,0.0
2018-12-29,12.155741275778635,16.35975609756098,-0.0,-0.019514690834673165,0.0,0.0
2018-12-30,12.155741275778635,16.92439024390244,0.0,0.03451360417443161,0.0,0.0
2018-12-31,12.155741275778635,15.91829268292683,-0.0,-0.059446606139213154,0.0,0.0
2019-01-01,12.155741275778635,17.04268292682927,0.0,0.07063510304144649,0.0,0.0
2019-01-02,12.155741275778635,18.719512195121954,0.0,0.09838998211091243,0.0,0.0
2019-01-03,12.155741275778635,17.95487804878049,-0.0,-0.0408469055374594,0.0,0.0
2019-01-04,12.155741275778635,18.687804878048784,0.0,0.04082048495551183,0.0,0.0
2019-01-05,12.155741275778635,18.806097560975612,0.0,0.006329939963455988,0.0,0.0
2019-01-06,12.155741275778635,19.014634146341464,0.0,0.011088775047013666,0.0,0.0
2019-01-07,12.155741275778635,18.368292682926832,-0.0,-0.03399179066187774,0.0,0.0
2019-01-08,12.155741275778635,18.167073170731708,-0.0,-0.010954720488646985,0.0,0.0
2019-01-09,12.155741275778635,18.231707317073173,0.0,0.003557763308048578,0.0,0.0
2019-01-10,12.155741275778635,15.415853658536586,-0.0,-0.15444816053511712,0.0,0.0
2019-01-11,12.155741275778635,15.345121951219513,-0.0,-0.004588244600901792,0.0,0.0
2019-01-12,12.155741275778635,15.193902439024392,-0.0,-0.009854565683859118,0.0,0.0
2019-01-13,12.155741275778635,14.095121951219513,-0.0,-0.072317200417369,0.0,0.0
2019-01-14,12.155741275778635,15.654878048780489,0.0,0.11065928361308197,0.0,0.0
2019-01-15,12.155741275778635,14.634146341463415,-0.0,-0.06520215003505492,0.0,0.0
2019-01-16,12.155741275778635,14.89268292682927,0.0,0.01766666666666672,0.0,0.0
2019-01-17,12.155741275778635,14.945121951219512,0.0,0.0035211267605632646,0.0,0.0
2019-01-18,12.155741275778635,14.576829268292684,-0.0,-0.024643002855977092,0.0,0.0
2019-01-19,12.155741275778635,15.020731707317074,0.0,0.030452606040324515,0.0,0.0
2019-01-20,12.155741275778635,14.320731707317075,-0.0,-0.04660225704311105,0.0,0.0
2019-01-21,12.155741275778635,14.129268292682928,-0.0,-0.013369667035680877,0.0,0.0
2019-01-22,12.155741275778635,14.4,0.0,0.019161056447436486,0.0,0.0
2019-01-23,12.155741275778635,14.213414634146343,-0.0,-0.012957317073170715,0.0,0.0
2019-01-24,12.155741275778635,14.195121951219514,-0.0,-0.0012870012870012104,0.0,0.0
2019-01-25,12.155741275778635,14.01829268292683,-0.0,-0.012457044673539586,0.0,0.0
2019-01-26,12.155741275778635,14.025609756097563,0.0,0.0005219660722053376,0.0,0.0
2019-01-27,12.155741275778635,13.579268292682928,-0.0,-0.03182331971132957,0.0,0.0
2019-01-28,12.155741275778635,12.86219512195122,-0.0,-0.052806466097889526,0.0,0.0
2019-01-29,12.155741275778635,12.685365853658537,-0.0,-0.013747985209064173,0.0,0.0
2019-01-30,12.155741275778635,13.123170731707319,0.0,0.03451259373197457,0.0,0.0
2019-01-31,12.155741275778635,12.901219512195123,-0.0,-0.016912926307963927,0.0,0.0
2019-02-01,12.155741275778635,12.91219512195122,0.0,0.0008507420361092422,0.0,0.0
2019-02-02,12.155741275778635,13.329268292682928,0.0,0.03230071779372867,0.0,0.0
2019-02-03,12.155741275778635,12.919512195121952,-0.0,-0.030741079597438214,0.0,0.0
2019-02-04,12.155741275778635,12.93658536585366,0.0,0.0013215027373985055,0.0,0.0
2019-02-05,12.155741275778635,12.926829268292684,-0.0,-0.0007541478129713397,0.0,0.0
2019-02-06,12.155741275778635,12.604878048780488,-0.0,-0.02490566037735853,0.0,0.0
2019-02-07,12.155741275778635,12.58658536585366,-0.0,-0.0014512383900929793,0.0,0.0
2019-02-08,12.155741275778635,14.385365853658538,0.0,0.14291250847786063,0.0,0.0
2019-02-09,12.155741275778635,14.397560975609757,0.0,0.0008477449983046448,0.0,0.0
2019-02-10,12.155741275778635,15.114634146341464,0.0,0.049805183804845,0.0,0.0
2019-02-11,12.155741275778635,14.579268292682928,-0.0,-0.03542036469259324,0.0,0.0
2019-02-12,12.155741275778635,14.734146341463415,0.0,0.01062317022166459,0.0,0.0
2019-02-13,12.155741275778635,14.72439024390244,-0.0,-0.0006621420294653513,0.0,0.0
2019-02-14,12.155741275778635,14.559756097560976,-0.0,-0.01118105019049187,0.0,0.0
2019-02-15,12.155741275778635,14.685365853658539,0.0,0.008627188206717484,0.0,0.0
2019-02-16,12.155741275778635,14.82439024390244,0.0,0.009466865969108174,0.0,0.0
2019-02-17,12.155741275778635,16.139024390243904,0.0,0.08868048700230347,0.0,0.0
2019-02-18,12.155741275778635,17.636585365853662,0.0,0.09279129514885898,0.0,0.0
2019-02-19,12.155741275778635,17.401219512195123,-0.0,-0.01334531876642242,0.0,0.0
2019-02-20,12.155741275778635,17.950000000000003,0.0,0.03153689817085992,0.0,0.0
2019-02-21,12.155741275778635,17.58658536585366,-0.0,-0.020245940620966074,0.0,0.0
2019-02-22,12.155741275778635,17.887804878048783,0.0,0.017127799736495364,0.0,0.0
2019-02-23,12.155741275778635,19.214634146341464,0.0,0.07417507499318243,0.0,0.0
2019-02-24,12.155741275778635,16.06829268292683,-0.0,-0.16374714394516376,0.0,0.0
2019-02-25,12.155741275778635,16.785365853658536,0.0,0.04462659380692169,0.0,0.0
2019-02-26,12.155741275778635,16.543902439024393,-0.0,-0.014385353095030418,0.0,0.0
2019-02-27,12.155741275778635,16.397560975609757,-0.0,-0.008845643520566049,0.0,0.0
2019-02-28,12.155741275778635,16.4,0.0,0.00014874312063062334,0.0,0.0
2019-03-01,12.155741275778635,16.429268292682927,0.0,0.0017846519928614857,0.0,0.0
2019-03-02,12.155741275778635,16.13658536585366,-0.0,-0.017814726840855166,0.0,0.0
2019-03-03,12.155741275778635,15.826829268292684,-0.0,-0.019195888754534374,0.0,0.0
2019-03-04,12.155741275778635,15.273170731707317,-0.0,-0.034982277700724373,0.0,0.0
2019-03-05,12.155741275778635,16.621951219512198,0.0,0.08831044394762078,0.0,0.0
2019-03-06,12.155741275778635,16.70731707317073,0.0,0.005135730007336692,0.0,0.0
2019-03-07,12.155741275778635,16.620731707317074,-0.0,-0.005182481751824897,0.0,0.0
2019-03-08,12.155741275778635,16.189024390243905,-0.0,-0.02597402597402587,0.0,0.0
2019-03-09,12.155741275778635,16.635365853658538,0.0,0.027570621468926637,0.0,0.0
2019-03-10,12.155741275778635,16.421951219512195,-0.0,-0.012828971483029084,0.0,0.0
2019-03-11,12.155741275778635,16.103658536585368,-0.0,-0.019382147631070712,0.0,0.0
2019-03-12,12.155741275778635,16.195121951219516,0.0,0.005679666792881566,0.0,0.0
2019-03-13,12.155741275778635,15.995121951219513,-0.0,-0.012349397590361577,0.0,0.0
2019-03-14,12.155741275778635,16.02439024390244,0.0,0.0018298261665141702,0.0,0.0
2019-03-15,12.155741275778635,16.584146341463416,0.0,0.03493150684931501,0.0,0.0
2019-03-16,12.155741275778635,17.13170731707317,0.0,0.03301713361276559,0.0,0.0
2019-03-17,12.155741275778635,16.837804878048782,-0.0,-0.017155466970387168,0.0,0.0
2019-03-18,12.155741275778635,16.708536585365852,-0.0,-0.00767726515535605,0.0,0.0
2019-03-19,12.155741275778635,16.84756097560976,0.0,0.008320560543026101,0.0,0.0
2019-03-20,12.155741275778635,16.91829268292683,0.0,0.004198335142960419,0.0,0.0
2019-03-21,12.155741275778635,16.391463414634146,-0.0,-0.031139623729546595,0.0,0.0
2019-03-22,12.155741275778635,16.540243902439027,0.0,0.009076705602261814,0.0,0.0
2019-03-23,12.155741275778635,16.64878048780488,0.0,0.006561970065619871,0.0,0.0
2019-03-24,12.155741275778635,16.508536585365857,-0.0,-0.00842367418693235,0.0,0.0
2019-03-25,12.155741275778635,16.220731707317075,-0.0,-0.017433700229002147,0.0,0.0
2019-03-26,12.155741275778635,16.253658536585366,0.0,0.0020299225622133488,0.0,0.0
2019-03-27,12.155741275778635,16.9609756097561,0.0,0.04351740696278528,0.0,0.0
2019-03-28,12.155741275778635,16.763414634146343,-0.0,-0.011647972389991379,0.0,0.0
2019-03-29,12.155741275778635,17.418292682926833,0.0,0.03906591008293314,0.0,0.0
2019-03-30,12.155741275778635,17.33170731707317,-0.0,-0.004970944479451123,0.0,0.0
2019-03-31,12.155741275778635,17.21951219512195,-0.0,-0.006473402758232605,0.0,0.0
2019-04-01,12.155741275778635,17.195121951219512,-0.0,-0.0014164305949008194,0.0,0.0
2019-04-02,12.155741275778635,20.084146341463416,0.0,0.1680141843971632,0.0,0.0
2019-04-03,12.155741275778635,19.674390243902444,-0.0,-0.020401967332564164,0.0,0.0
2019-04-04,12.155741275778635,19.225609756097562,-0.0,-0.022810388644393553,0.0,0.0
2019-04-05,12.155741275778635,20.25365853658537,0.0,0.05347288296860131,0.0,0.0
2019-04-06,12.155741275778635,20.21829268292683,-0.0,-0.0017461464354529,0.0,0.0
2019-04-07,12.155741275778635,21.321951219512197,0.0,0.05458712829483092,0.0,0.0
2019-04-08,12.155741275778635,22.041463414634148,0.0,0.033745138412262676,0.0,0.0
2019-04-09,12.155741275778635,21.44268292682927,-0.0,-0.02716609494301203,0.0,0.0
2019-04-10,12.155741275778635,21.652439024390247,0.0,0.00978217596542108,0.0,0.0
2019-04-11,12.155741275778635,20.11219512195122,-0.0,-0.07113489157983677,0.0,0.0
2019-04-12,12.155741275778635,20.032926829268295,-0.0,-0.003941304875090812,0.0,0.0
2019-04-13,12.155741275778635,19.969512195121954,-0.0,-0.003165520180191228,0.0,0.0
2019-04-14,12.155741275778635,20.520731707317076,0.0,0.0276030534351146,0.0,0.0
2019-04-15,12.155741275778635,19.541463414634148,-0.0,-0.04772092470434419,0.0,0.0
2019-04-16,12.155741275778635,20.290243902439027,0.0,0.0383175237144282,0.0,0.0
2019-04-17,12.155741275778635,20.309756097560978,0.0,0.0009616540449572941,0.0,0.0
2019-04-18,12.155741275778635,21.237804878048784,0.0,0.0456947279932749,0.0,0.0
2019-04-19,12.155741275778635,21.198780487804882,-0.0,-0.0018374964111397274,0.0,0.0
2019-04-20,12.155741275778635,21.18658536585366,-0.0,-0.0005752746936663611,0.0,0.0
2019-04-21,12.155741275778635,20.719512195121954,-0.0,-0.0220457031025153,0.0,0.0
2019-04-22,12.155741275778635,20.924390243902444,0.0,0.009888169511477418,0.0,0.0
2019-04-23,12.155741275778635,20.74878048780488,-0.0,-0.008392586548548908,0.0,0.0
2019-04-24,11.84209543000064,20.213414634146343,-0.02580228047490296,-0.02580228047490296,1.0,1.0
2019-04-25,10.863291765499834,18.542682926829272,-0.08265460030165905,-0.08265460030165905,1.0,0.0
2019-04-26,10.96045767672035,18.708536585365856,0.008944426175599984,0.008944426175599984,1.0,0.0
2019-04-27,11.121210103371943,18.982926829268294,0.014666579753601416,0.014666579753601416,1.0,0.0
2019-04-28,10.944739661669972,18.681707317073172,-0.01586791725555703,-0.01586791725555703,1.0,0.0
2019-04-29,10.885439877616275,18.580487804878054,-0.00541810823160771,-0.00541810823160771,1.0,0.0
2019-04-30,10.885439877616275,19.5609756097561,0.0,0.05276975584142818,0.0,1.0
2019-05-01,10.885439877616275,19.30487804878049,-0.0,-0.013092269326683281,0.0,0.0
2019-05-02,10.885439877616275,19.353658536585368,0.0,0.0025268477574225123,0.0,0.0
2019-05-03,10.885439877616275,20.090243902439028,0.0,0.038059231253938286,0.0,0.0
2019-05-04,10.69447884054992,19.73780487804878,-0.01754279470681086,-0.01754279470681086,1.0,1.0
2019-05-05,10.654832950501541,19.664634146341466,-0.003707136237256714,-0.003707136237256714,1.0,0.0
2019-05-06,11.303704017626657,20.86219512195122,0.06089922480620147,0.06089922480620147,1.0,0.0
2019-05-07,11.002395253258985,20.306097560975612,-0.02665575495411232,-0.02665575495411232,1.0,0.0
2019-05-08,11.205250057339853,20.68048780487805,0.018437331091225806,0.018437331091225806,1.0,0.0
2019-05-09,11.240270593549253,20.745121951219517,0.0031253685576129175,0.0031253685576129175,1.0,0.0
2019-05-10,11.379031208718574,21.001219512195124,0.012344953265533976,0.012344953265533976,1.0,0.0
2019-05-11,12.721044586856163,23.478048780487807,0.1179374020091748,0.1179374020091748,1.0,0.0
2019-05-12,12.43757647301026,22.95487804878049,-0.022283399127363546,-0.022283399127363546,1.0,0.0
2019-05-13,12.984689755677874,23.964634146341464,0.04398873718323326,0.04398873718323326,1.0,0.0
2019-05-14,14.367670553532118,26.51707317073171,0.10650857462724539,0.10650857462724539,1.0,0.0
2019-05-15,16.453044370076793,30.365853658536587,0.14514348785871967,0.14514348785871967,1.0,0.0
2019-05-16,17.46996144981768,32.24268292682927,0.06180722891566259,0.06180722891566259,1.0,0.0
2019-05-17,16.161647078221215,29.82804878048781,-0.07488936797912171,-0.07488936797912171,1.0,0.0
2019-05-18,15.463879413369765,28.540243902439027,-0.04317429167177722,-0.04317429167177722,1.0,0.0
2019-05-19,17.251909054551604,31.840243902439024,0.11562620176900396,0.11562620176900396,1.0,0.0
2019-05-20,16.665810646669755,30.758536585365857,-0.033972959515875645,-0.033972959515875645,1.0,0.0
2019-05-21,16.83232338487294,31.06585365853659,0.009991277456188996,0.009991277456188996,1.0,0.0
2019-05-22,16.07772994428548,29.67317073170732,-0.04483002276831283,-0.04483002276831283,1.0,0.0
2019-05-23,16.231027385805874,29.95609756097561,0.009534769028439971,0.009534769028439971,1.0,0.0
2019-05-24,16.507887851310382,30.467073170731712,0.017057482494707843,0.017057482494707843,1.0,0.0
2019-05-25,16.621539402782396,30.676829268292686,0.0068846815834766595,0.0068846815834766595,1.0,0.0
2019-05-26,17.732945853805255,32.72804878048781,0.06686543430729475,0.06686543430729475,1.0,0.0
2019-05-27,17.92258536120333,33.07804878048781,0.010694190855907948,0.010694190855907948,1.0,0.0
2019-05-28,17.916638477696072,33.06707317073171,-0.00033180946763022856,-0.00033180946763022856,1.0,0.0
2019-05-29,17.8003438668875,32.85243902439024,-0.006490872210953347,-0.006490872210953347,1.0,0.0
2019-05-30,16.824394206863268,31.051219512195125,-0.05482757340658517,-0.05482757340658517,1.0,0.0
2019-05-31,17.691317669254463,32.65121951219513,0.051527766868274316,0.051527766868274316,1.0,0.0
2019-06-01,17.49573127834913,32.29024390243902,-0.011055501606035856,-0.011055501606035856,1.0,0.0
2019-06-02,17.78977162954127,32.832926829268295,0.016806405317622453,0.016806405317622453,1.0,0.0
2019-06-03,16.48938643595448,30.432926829268297,-0.07309735170671916,-0.07309735170671916,1.0,0.0
2019-06-04,15.919807148926118,29.381707317073175,-0.034542175916649986,-0.034542175916649986,1.0,0.0
2019-06-05,16.27595939452738,30.039024390243902,0.022371643215871817,0.022371643215871817,1.0,0.0
2019-06-06,16.479474963442385,30.414634146341466,0.012504059759662178,0.012504059759662178,1.0,0.0
2019-06-07,16.48542184694964,30.425609756097565,0.0003608660785885398,0.0003608660785885398,1.0,0.0
2019-06-08,16.142484898031174,29.792682926829272,-0.0208024369714217,-0.0208024369714217,1.0,0.0
2019-06-09,15.283490613649654,28.207317073170735,-0.05321326238231683,-0.05321326238231683,1.0,0.0
2019-06-10,16.376395649316603,30.22439024390244,0.07150886294855163,0.07150886294855163,1.0,0.0
2019-06-11,16.196006849596483,29.89146341463415,-0.011015171078114894,-0.011015171078114894,1.0,0.0
2019-06-12,17.372829019199166,32.06341463414635,0.07266125413079849,0.07266125413079849,1.0,0.0
2019-06-13,16.875933863926164,31.146341463414636,-0.02860185607789445,-0.02860185607789445,1.0,0.0
2019-06-14,17.430976324603456,32.170731707317074,0.03288958496476124,0.03288958496476124,1.0,0.0
2019-06-15,17.793736218546112,32.84024390243903,0.020811220621683058,0.020811220621683058,1.0,0.0
2019-06-16,17.730302794468706,32.72317073170732,-0.0035649300011141305,-0.0035649300011141305,1.0,0.0
2019-06-17,18.10297416092346,33.4109756097561,0.021018894644654118,0.021018894644654118,1.0,0.0
2019-06-18,17.468639920149414,32.240243902439026,-0.03504033288316244,-0.03504033288316244,1.0,0.0
2019-06-19,17.76069797683913,32.77926829268293,0.016718992321367754,0.016718992321367754,1.0,0.0
2019-06-20,17.97280348859795,33.170731707317074,0.011942408571747443,0.011942408571747443,1.0,0.0
2019-06-21,19.575158211386555,36.12804878048781,0.08915441176470584,0.08915441176470584,1.0,0.0
2019-06-22,20.38393436837346,37.62073170731708,0.04131645569620246,0.04131645569620246,1.0,0.0
2019-06-23,20.284158878418374,37.43658536585367,-0.004894810204544742,-0.004894810204544742,1.0,0.0
2019-06-24,20.549786341742504,37.926829268292686,0.013095315655742956,0.013095315655742956,1.0,0.0
2019-06-25,20.919153884026557,38.608536585365854,0.01797427652733119,0.01797427652733119,1.0,0.0
2019-06-26,22.126371235999667,40.836585365853665,0.057708708424144994,0.057708708424144994,1.0,0.0
2019-06-27,19.391465587495738,35.78902439024391,-0.1236038941647255,-0.1236038941647255,1.0,0.0
2019-06-28,20.442081673777746,37.72804878048781,0.054179302824820086,0.054179302824820086,1.0,0.0
2019-06-29,20.946245242226286,38.65853658536586,0.024663024856967475,0.024663024856967475,1.0,0.0
2019-06-30,19.166805543888263,35.37439024390244,-0.0849526813880126,-0.0849526813880126,1.0,0.0
2019-07-01,19.406663178680947,35.81707317073171,0.012514220705347023,0.012514220705347023,1.0,0.0
2019-07-02,19.244775794316737,35.518292682926834,-0.008341845420497096,-0.008341845420497096,1.0,0.0
2019-07-03,19.94122192949991,36.803658536585374,0.03618884120171684,0.03618884120171684,1.0,0.0
2019-07-04,18.686429509468752,34.487804878048784,-0.06292455018390275,-0.06292455018390275,1.0,0.0
2019-07-05,19.030027223221357,35.1219512195122,0.018387553041018245,0.018387553041018245,1.0,0.0
2019-07-06,19.001614335353352,35.06951219512195,-0.001493055555555567,-0.001493055555555567,1.0,0.0
2019-07-07,20.241869929033435,37.358536585365854,0.0652710644364849,0.0652710644364849,1.0,0.0
2019-07-08,20.697797664589782,38.2,0.022523992949011085,0.022523992949011085,1.0,0.0
2019-07-09,20.3462707728275,37.551219512195125,-0.016983782403269032,-0.016983782403269032,1.0,0.0
2019-07-10,19.07231617260629,35.2,-0.06261366588724349,-0.06261366588724349,1.0,0.0
2019-07-11,17.753429563663587,32.76585365853659,-0.06915188470066513,-0.06915188470066513,1.0,0.0
2019-07-12,17.753429563663587,33.60365853658537,0.0,0.025569450647610514,0.0,1.0
2019-07-13,17.753429563663587,32.80975609756098,-0.0,-0.023625476320087047,0.0,0.0
2019-07-14,17.753429563663587,27.53170731707317,-0.0,-0.160868272375855,0.0,0.0
2019-07-15,17.753429563663587,27.839024390243907,0.0,0.01116229624379872,0.0,0.0
2019-07-16,17.753429563663587,24.254878048780487,-0.0,-0.12874540038549154,0.0,0.0
2019-07-17,17.753429563663587,25.780487804878053,0.0,0.06289908994921833,0.0,0.0
2019-07-18,17.753429563663587,27.59878048780488,0.0,0.07052980132450326,0.0,0.0
2019-07-19,17.753429563663587,26.976829268292686,-0.0,-0.02253546020944719,0.0,0.0
2019-07-20,17.753429563663587,27.913414634146342,0.0,0.03471814113286009,0.0,0.0
2019-07-21,17.753429563663587,27.51707317073171,-0.0,-0.014198960199222288,0.0,0.0
2019-07-22,17.753429563663587,26.479268292682928,-0.0,-0.03771494415883703,0.0,0.0
2019-07-23,17.753429563663587,25.845121951219515,-0.0,-0.023948786441302383,0.0,0.0
2019-07-24,17.753429563663587,26.413414634146346,0.0,0.021988392393714973,0.0,0.0
2019-07-25,17.753429563663587,26.74146341463415,0.0,0.012419779306523937,0.0,0.0
2019-07-26,17.753429563663587,26.75,0.0,0.00031922655964966573,0.0,0.0
2019-07-27,17.753429563663587,25.257317073170736,-0.0,-0.055801230909505284,0.0,0.0
2019-07-28,17.753429563663587,25.792682926829272,0.0,0.021196465646274865,0.0,0.0
2019-07-29,17.753429563663587,25.69878048780488,-0.0,-0.0036406619385342953,0.0,0.0
2019-07-30,17.753429563663587,25.589024390243907,-0.0,-0.004270867935272538,0.0,0.0
2019-07-31,17.753429563663587,26.670731707317074,0.0,0.04227231568412515,0.0,0.0
2019-08-01,17.753429563663587,26.530487804878053,-0.0,-0.005258344764517475,0.0,0.0
2019-08-02,17.753429563663587,26.560975609756103,0.0,0.001149161112387942,0.0,0.0
2019-08-03,17.753429563663587,27.090243902439024,0.0,0.019926538108356207,0.0,0.0
2019-08-04,17.753429563663587,27.1719512195122,0.0,0.003016115962906296,0.0,0.0
2019-08-05,17.753429563663587,28.414634146341466,0.0,0.04573403348144156,0.0,0.0
2019-08-06,17.753429563663587,27.53780487804878,-0.0,-0.030858369098712424,0.0,0.0
2019-08-07,17.753429563663587,27.53658536585366,-0.0,-4.428501837827614e-05,0.0,0.0
2019-08-08,17.753429563663587,26.928048780487806,-0.0,-0.022099202834366727,0.0,0.0
2019-08-09,17.753429563663587,25.646341463414636,-0.0,-0.04759748199809788,0.0,0.0
2019-08-10,17.753429563663587,25.134146341463417,-0.0,-0.019971469329529312,0.0,0.0
2019-08-11,17.753429563663587,26.34878048780488,0.0,0.048326055312954974,0.0,0.0
2019-08-12,17.753429563663587,25.763414634146343,-0.0,-0.0222160510969176,0.0,0.0
2019-08-13,17.753429563663587,25.436585365853663,-0.0,-0.012685790021774057,0.0,0.0
2019-08-14,17.753429563663587,22.719512195121954,-0.0,-0.10681752804679256,0.0,0.0
2019-08-15,17.753429563663587,22.951219512195124,0.0,0.010198604401502775,0.0,0.0
2019-08-16,17.753429563663587,22.59268292682927,-0.0,-0.01562167906482459,0.0,0.0
2019-08-17,17.753429563663587,22.632926829268296,0.0,0.001781280362733506,0.0,0.0
2019-08-18,17.753429563663587,23.748780487804883,0.0,0.04930222533541673,0.0,0.0
2019-08-19,17.753429563663587,24.67317073170732,0.0,0.03892369312930044,0.0,0.0
2019-08-20,17.753429563663587,23.970731707317075,-0.0,-0.028469750889679624,0.0,0.0
2019-08-21,17.753429563663587,22.85,-0.0,-0.046754171754171736,0.0,0.0
2019-08-22,17.753429563663587,23.220731707317075,0.0,0.01622458237711477,0.0,0.0
2019-08-23,17.753429563663587,23.730487804878052,0.0,0.021952628538417063,0.0,0.0
2019-08-24,17.753429563663587,23.27926829268293,-0.0,-0.019014337838532347,0.0,0.0
2019-08-25,17.753429563663587,22.75487804878049,-0.0,-0.022526062130022395,0.0,0.0
2019-08-26,17.753429563663587,22.963414634146346,0.0,0.009164478267860154,0.0,0.0
2019-08-27,17.753429563663587,22.79756097560976,-0.0,-0.0072225172596920295,0.0,0.0
2019-08-28,17.753429563663587,21.071951219512197,-0.0,-0.07569273563710288,0.0,0.0
2019-08-29,17.753429563663587,20.587804878048782,-0.0,-0.022975866658950128,0.0,0.0
2019-08-30,17.753429563663587,20.53658536585366,-0.0,-0.002487856888994111,0.0,0.0
2019-08-31,17.753429563663587,20.96707317073171,0.0,0.02096199524940623,0.0,0.0
2019-09-01,17.753429563663587,20.889024390243904,-0.0,-0.0037224451811784798,0.0,0.0
2019-09-02,17.753429563663587,21.80487804878049,0.0,0.04384377371708803,0.0,0.0
2019-09-03,17.753429563663587,21.824390243902442,0.0,0.0008948545861298118,0.0,0.0
2019-09-04,17.753429563663587,21.319512195121952,-0.0,-0.023133661153330487,0.0,0.0
2019-09-05,17.753429563663587,21.219512195121954,-0.0,-0.004690538839949632,0.0,0.0
2019-09-06,17.753429563663587,20.634146341463413,-0.0,-0.02758620689655178,0.0,0.0
2019-09-07,17.753429563663587,21.717073170731712,0.0,0.052482269503546286,0.0,0.0
2019-09-08,17.753429563663587,22.14146341463415,0.0,0.019541778975741275,0.0,0.0
2019-09-09,17.753429563663587,22.028048780487808,-0.0,-0.005122273628552554,0.0,0.0
2019-09-10,17.753429563663587,21.90731707317073,-0.0,-0.00548081714001003,0.0,0.0
2019-09-11,17.753429563663587,21.743902439024392,-0.0,-0.007459363170785882,0.0,0.0
2019-09-12,17.753429563663587,22.084146341463416,0.0,0.015647784632641493,0.0,0.0
2019-09-13,17.753429563663587,22.152439024390247,0.0,0.0030923850019326515,0.0,0.0
2019-09-14,17.753429563663587,23.03048780487805,0.0,0.03963666391412057,0.0,0.0
2019-09-15,17.753429563663587,23.08536585365854,0.0,0.002382843526608447,0.0,0.0
2019-09-16,17.753429563663587,24.096341463414635,0.0,0.043792921288959175,0.0,0.0
2019-09-17,17.753429563663587,25.359756097560975,0.0,0.05243180322890817,0.0,0.0
2019-09-18,17.753429563663587,25.642682926829274,0.0,0.011156528011541322,0.0,0.0
2019-09-19,17.753429563663587,26.926829268292686,0.0,0.05007847053787984,0.0,0.0
2019-09-20,17.753429563663587,26.59268292682927,-0.0,-0.012409420289855144,0.0,0.0
2019-09-21,17.753429563663587,26.195121951219516,-0.0,-0.014950013757681346,0.0,0.0
2019-09-22,17.753429563663587,25.743902439024392,-0.0,-0.01722532588454384,0.0,0.0
2019-09-23,17.753429563663587,24.487804878048784,-0.0,-0.0487920416864045,0.0,0.0
2019-09-24,17.753429563663587,20.275609756097563,-0.0,-0.1720119521912351,0.0,0.0
2019-09-25,17.753429563663587,20.731707317073173,0.0,0.02249488752556239,0.0,0.0
2019-09-26,17.753429563663587,20.225609756097562,-0.0,-0.024411764705882355,0.0,0.0
2019-09-27,17.753429563663587,21.273170731707317,0.0,0.05179378956888758,0.0,0.0
2019-09-28,17.753429563663587,21.207317073170735,-0.0,-0.0030956202705800795,0.0,0.0
2019-09-29,17.753429563663587,20.65609756097561,-0.0,-0.02599194939620475,0.0,0.0
2019-09-30,17.753429563663587,22.09390243902439,0.0,0.0696068012752391,0.0,0.0
2019-10-01,17.753429563663587,21.481707317073173,-0.0,-0.027708781807142313,0.0,0.0
2019-10-02,17.753429563663587,22.05121951219512,0.0,0.02651149588418944,0.0,0.0
2019-10-03,17.753429563663587,21.34756097560976,-0.0,-0.031910186926224826,0.0,0.0
2019-10-04,17.753429563663587,21.459756097560977,0.0,0.005255641245358378,0.0,0.0
2019-10-05,17.753429563663587,21.552439024390246,0.0,0.004318917997385929,0.0,0.0
2019-10-06,17.753429563663587,20.75365853658537,-0.0,-0.03706218525434268,0.0,0.0
2019-10-07,17.753429563663587,21.982926829268294,0.0,0.05923140204489363,0.0,0.0
2019-10-08,17.753429563663587,22.039024390243902,0.0,0.002551869521801864,0.0,0.0
2019-10-09,17.753429563663587,23.56829268292683,0.0,0.06938911022576355,0.0,0.0
2019-10-10,17.753429563663587,23.389024390243904,-0.0,-0.007606333436820822,0.0,0.0
2019-10-11,17.753429563663587,22.053658536585367,-0.0,-0.057093696230251734,0.0,0.0
2019-10-12,17.753429563663587,21.934146341463418,-0.0,-0.005419155054191549,0.0,0.0
2019-10-13,17.753429563663587,22.095121951219515,0.0,0.007339041476704056,0.0,0.0
2019-10-14,17.753429563663587,22.78658536585366,0.0,0.031294844905618735,0.0,0.0
2019-10-15,17.753429563663587,22.0219512195122,-0.0,-0.03355632860583346,0.0,0.0
2019-10-16,17.753429563663587,21.28048780487805,-0.0,-0.033669287850260354,0.0,0.0
2019-10-17,17.753429563663587,21.62317073170732,0.0,0.016103151862464138,0.0,0.0
2019-10-18,17.753429563663587,21.092682926829273,-0.0,-0.024533303254187566,0.0,0.0
2019-10-19,17.753429563663587,20.98658536585366,-0.0,-0.005030064754856678,0.0,0.0
2019-10-20,17.753429563663587,21.401219512195127,0.0,0.019757103841013368,0.0,0.0
2019-10-21,17.753429563663587,21.264634146341464,-0.0,-0.0063821300358994915,0.0,0.0
2019-10-22,17.753429563663587,20.89024390243903,-0.0,-0.017606239605436724,0.0,0.0
2019-10-23,17.753429563663587,19.81585365853659,-0.0,-0.0514302393461763,0.0,0.0
2019-10-24,17.753429563663587,19.59390243902439,-0.0,-0.011200689273186182,0.0,0.0
2019-10-25,17.753429563663587,22.153658536585368,0.0,0.1306404431443331,0.0,0.0
2019-10-26,17.753429563663587,21.95487804878049,-0.0,-0.008972806341517092,0.0,0.0
2019-10-27,17.753429563663587,22.489024390243905,0.0,0.02432927845359112,0.0,0.0
2019-10-28,17.753429563663587,22.197560975609758,-0.0,-0.012960251613252982,0.0,0.0
2019-10-29,17.753429563663587,23.304878048780488,0.0,0.04988462806285021,0.0,0.0
2019-10-30,17.753429563663587,22.36341463414634,-0.0,-0.04039769754055467,0.0,0.0
2019-10-31,17.753429563663587,22.241463414634147,-0.0,-0.005453157378121909,0.0,0.0
2019-11-01,17.753429563663587,22.340243902439028,0.0,0.004441276455751764,0.0,0.0
2019-11-02,17.753429563663587,22.34756097560976,0.0,0.00032752879524000633,0.0,0.0
2019-11-03,17.753429563663587,22.16219512195122,-0.0,-0.008294679399727167,0.0,0.0
2019-11-04,17.753429563663587,22.713414634146343,0.0,0.024872062950531015,0.0,0.0
2019-11-05,17.753429563663587,23.034146341463416,0.0,0.01412080536912752,0.0,0.0
2019-11-06,17.753429563663587,23.308536585365854,0.0,0.011912325285895697,0.0,0.0
2019-11-07,17.753429563663587,22.734146341463415,-0.0,-0.024642913200439542,0.0,0.0
2019-11-08,17.753429563663587,22.39268292682927,-0.0,-0.015019847655830865,0.0,0.0
2019-11-09,17.753429563663587,22.532926829268295,0.0,0.006262934320880209,0.0,0.0
2019-11-10,17.753429563663587,23.034146341463416,0.0,0.02224387075823997,0.0,0.0
2019-11-11,17.753429563663587,22.51829268292683,-0.0,-0.02239517153748405,0.0,0.0
2019-11-12,17.753429563663587,22.802439024390246,0.0,0.01261846737070127,0.0,0.0
2019-11-13,17.753429563663587,22.89268292682927,0.0,0.003957642528612748,0.0,0.0
2019-11-14,17.753429563663587,22.506097560975615,-0.0,-0.016886852759428916,0.0,0.0
2019-11-15,17.753429563663587,21.929268292682927,-0.0,-0.025629910593335192,0.0,0.0
2019-11-16,17.753429563663587,22.225609756097562,0.0,0.013513513513513598,0.0,0.0
2019-11-17,17.753429563663587,22.42439024390244,0.0,0.00894375857338825,0.0,0.0
2019-11-18,17.753429563663587,21.689024390243905,-0.0,-0.03279312595170769,0.0,0.0
2019-11-19,17.753429563663587,21.430487804878048,-0.0,-0.01192015743604169,0.0,0.0
2019-11-20,17.753429563663587,21.26219512195122,-0.0,-0.007852956239685849,0.0,0.0
2019-11-21,17.753429563663587,19.61219512195122,-0.0,-0.07760252365930598,0.0,0.0
2019-11-22,17.753429563663587,18.289024390243902,-0.0,-0.06746673299340877,0.0,0.0
2019-11-23,17.753429563663587,18.53658536585366,0.0,0.01353604054144153,0.0,0.0
2019-11-24,17.753429563663587,17.071951219512197,-0.0,-0.07901315789473673,0.0,0.0
2019-11-25,17.753429563663587,17.793902439024393,0.0,0.04228873490963636,0.0,0.0
2019-11-26,17.753429563663587,18.028048780487808,0.0,0.013158796518401905,0.0,0.0
2019-11-27,17.753429563663587,18.658536585365855,0.0,0.03497260366637356,0.0,0.0
2019-11-28,17.753429563663587,18.415853658536587,-0.0,-0.013006535947712505,0.0,0.0
2019-11-29,17.753429563663587,18.871951219512198,0.0,0.02476657175021524,0.0,0.0
2019-11-30,17.753429563663587,18.509756097560977,-0.0,-0.01919224555735055,0.0,0.0
2019-12-01,17.753429563663587,18.4109756097561,-0.0,-0.005336671498221146,0.0,0.0
2019-12-02,17.753429563663587,18.167073170731708,-0.0,-0.013247665099026307,0.0,0.0
2019-12-03,17.753429563663587,17.96707317073171,-0.0,-0.011008927972074867,0.0,0.0
2019-12-04,17.753429563663587,17.743902439024392,-0.0,-0.012421095499898227,0.0,0.0
2019-12-05,17.753429563663587,18.070731707317076,0.0,0.018419243986254275,0.0,0.0
2019-12-06,17.753429563663587,18.148780487804878,0.0,0.004319071399649044,0.0,0.0
2019-12-07,17.753429563663587,17.979268292682928,-0.0,-0.00934014245397119,0.0,0.0
2019-12-08,17.753429563663587,18.37926829268293,0.0,0.02224784643559663,0.0,0.0
2019-12-09,17.753429563663587,17.963414634146343,-0.0,-0.02262623581713219,0.0,0.0
2019-12-10,17.753429563663587,17.750000000000004,-0.0,-0.011880515953835658,0.0,0.0
2019-12-11,17.753429563663587,17.47439024390244,-0.0,-0.015527310202679612,0.0,0.0
2019-12-12,17.753429563663587,17.645121951219515,0.0,0.009770395701026002,0.0,0.0
2019-12-13,17.753429563663587,17.646341463414636,0.0,6.911327666037081e-05,0.0,0.0
2019-12-14,17.753429563663587,17.284146341463416,-0.0,-0.02052522460262607,0.0,0.0
2019-12-15,17.753429563663587,17.36341463414634,0.0,0.004586184999647358,0.0,0.0
2019-12-16,17.753429563663587,16.14146341463415,-0.0,-0.07037505267593747,0.0,0.0
2019-12-17,17.753429563663587,14.857317073170734,-0.0,-0.07955575702629203,0.0,0.0
2019-12-18,17.753429563663587,16.20609756097561,0.0,0.09078223754411874,0.0,0.0
2019-12-19,17.753429563663587,15.631707317073174,-0.0,-0.03544284746783044,0.0,0.0
2019-12-20,17.753429563663587,15.654878048780489,0.0,0.0014822905289435528,0.0,0.0
2019-12-21,17.753429563663587,15.49878048780488,-0.0,-0.009971177066292802,0.0,0.0
2019-12-22,17.753429563663587,16.146341463414636,0.0,0.04178141474545605,0.0,0.0
2019-12-23,17.753429563663587,15.582926829268294,-0.0,-0.03489425981873118,0.0,0.0
2019-12-24,17.753429563663587,15.574390243902439,-0.0,-0.0005478165597120332,0.0,0.0
2019-12-25,17.753429563663587,15.243902439024392,-0.0,-0.021219951452509545,0.0,0.0
2019-12-26,17.753429563663587,15.303658536585367,0.0,0.0039199999999999235,0.0,0.0
2019-12-27,17.753429563663587,15.393902439024393,0.0,0.00589688421388157,0.0,0.0
2019-12-28,17.753429563663587,15.598780487804879,0.0,0.013309039055692029,0.0,0.0
2019-12-29,17.753429563663587,16.37804878048781,0.0,0.04995700101633971,0.0,0.0
2019-12-30,17.753429563663587,15.987804878048781,-0.0,-0.023827252419955425,0.0,0.0
2019-12-31,17.753429563663587,15.675609756097561,-0.0,-0.019527078565980238,0.0,0.0
2020-01-01,17.753429563663587,15.876829268292685,0.0,0.012836471137389172,0.0,0.0
2020-01-02,17.753429563663587,15.464634146341465,-0.0,-0.025962055457408373,0.0,0.0
2020-01-03,17.753429563663587,16.36219512195122,0.0,0.05803958678337651,0.0,0.0
2020-01-04,17.753429563663587,16.358536585365854,-0.0,-0.00022359692926887664,0.0,0.0
2020-01-05,17.753429563663587,16.501219512195124,0.0,0.008722230505442186,0.0,0.0
2020-01-06,17.753429563663587,17.584146341463416,0.0,0.06562707856034278,0.0,0.0
2020-01-07,17.753429563663587,17.448780487804882,-0.0,-0.0076981760177542435,0.0,0.0
2020-01-08,17.753429563663587,17.146341463414636,-0.0,-0.01733296058149303,0.0,0.0
2020-01-09,17.753429563663587,16.793902439024393,-0.0,-0.02055476529160727,0.0,0.0
2020-01-10,17.753429563663587,17.648780487804878,0.0,0.050904073778229586,0.0,0.0
2020-01-11,17.753429563663587,17.39390243902439,-0.0,-0.014441680486456665,0.0,0.0
2020-01-12,17.753429563663587,17.878048780487806,0.0,0.027834256467783813,0.0,0.0
2020-01-13,17.753429563663587,17.50121951219512,-0.0,-0.021077762619372442,0.0,0.0
2020-01-14,17.753429563663587,20.214634146341464,0.0,0.1550414605253989,0.0,0.0
2020-01-15,17.753429563663587,20.27926829268293,0.0,0.0031973938223939236,0.0,0.0
2020-01-16,17.753429563663587,19.99146341463415,-0.0,-0.0141920740874375,0.0,0.0
2020-01-17,17.753429563663587,20.681707317073172,0.0,0.03452693222717018,0.0,0.0
2020-01-18,17.753429563663587,21.226829268292686,0.0,0.02635768618432688,0.0,0.0
2020-01-19,17.753429563663587,20.335365853658537,-0.0,-0.0419970125244169,0.0,0.0
2020-01-20,17.753429563663587,20.326829268292684,-0.0,-0.0004197901049475261,0.0,0.0
2020-01-21,17.753429563663587,20.632926829268293,0.0,0.015058795296376326,0.0,0.0
2020-01-22,17.753429563663587,20.448780487804882,-0.0,-0.008924877356817684,0.0,0.0
2020-01-23,17.753429563663587,19.80487804878049,-0.0,-0.031488549618320594,0.0,0.0
2020-01-24,17.753429563663587,19.792682926829272,-0.0,-0.0006157635467980427,0.0,0.0
2020-01-25,17.753429563663587,19.526829268292687,-0.0,-0.013431916204559524,0.0,0.0
2020-01-26,17.753429563663587,20.408536585365855,0.0,0.04515363477391943,0.0,0.0
2020-01-27,17.753429563663587,20.70365853658537,0.0,0.01446071108455338,0.0,0.0
2020-01-28,17.753429563663587,21.462195121951222,0.0,0.03663780408788364,0.0,0.0
2020-01-29,17.753429563663587,21.152439024390244,-0.0,-0.014432638218080718,0.0,0.0
2020-01-30,17.753429563663587,22.506097560975615,0.0,0.06399538771980406,0.0,0.0
2020-01-31,17.753429563663587,21.919512195121953,-0.0,-0.02606339745326469,0.0,0.0
2020-02-01,17.753429563663587,22.378048780487806,0.0,0.02091910537442976,0.0,0.0
2020-02-02,17.753429563663587,22.962195121951222,0.0,0.02610354223433231,0.0,0.0
2020-02-03,17.753429563663587,23.1,0.0,0.006001380848690729,0.0,0.0
2020-02-04,17.753429563663587,22.956097560975614,-0.0,-0.006229542814908506,0.0,0.0
2020-02-05,17.753429563663587,24.878048780487806,0.0,0.08372290692732687,0.0,0.0
2020-02-06,17.753429563663587,25.96951219512195,0.0,0.04387254901960769,0.0,0.0
2020-02-07,17.753429563663587,27.221951219512196,0.0,0.048227283399859155,0.0,0.0
2020-02-08,17.753429563663587,27.240243902439026,0.0,0.0006719827972403447,0.0,0.0
2020-02-09,17.753429563663587,27.902439024390247,0.0,0.024309441733446846,0.0,0.0
2020-02-10,17.753429563663587,27.176829268292686,-0.0,-0.026005244755244794,0.0,0.0
2020-02-11,17.753429563663587,29.021951219512196,0.0,0.06789320170518276,0.0,0.0
2020-02-12,17.753429563663587,32.49878048780488,0.0,0.11979998319186502,0.0,0.0
2020-02-13,17.753429563663587,32.73414634146342,0.0,0.007242298022439808,0.0,0.0
2020-02-14,17.753429563663587,34.9109756097561,0.0,0.06650026078533622,0.0,0.0
2020-02-15,17.753429563663587,32.307317073170736,-0.0,-0.07457994201278506,0.0,0.0
2020-02-16,17.753429563663587,31.52439024390244,-0.0,-0.024233730937641584,0.0,0.0
2020-02-17,17.753429563663587,32.68658536585366,0.0,0.0368665377176014,0.0,0.0
2020-02-18,17.753429563663587,34.550000000000004,0.0,0.05700854381972187,0.0,0.0
2020-02-19,17.753429563663587,31.543902439024397,-0.0,-0.08700716529596542,0.0,0.0
2020-02-20,17.753429563663587,31.390243902439025,-0.0,-0.004871259568545727,0.0,0.0
2020-02-21,17.753429563663587,32.41463414634147,0.0,0.03263403263403286,0.0,0.0
2020-02-22,17.753429563663587,31.960975609756098,-0.0,-0.013995485327313872,0.0,0.0
2020-02-23,17.753429563663587,33.59512195121952,0.0,0.05112942612942617,0.0,0.0
2020-02-24,17.753429563663587,32.35487804878049,-0.0,-0.03691738057209237,0.0,0.0
2020-02-25,17.753429563663587,30.0609756097561,-0.0,-0.0708981945648487,0.0,0.0
2020-02-26,17.753429563663587,27.25609756097561,-0.0,-0.09330628803245433,0.0,0.0
2020-02-27,17.753429563663587,27.759756097560977,0.0,0.01847874720357945,0.0,0.0
2020-02-28,17.753429563663587,27.728048780487807,-0.0,-0.0011422044545973398,0.0,0.0
2020-02-29,17.753429563663587,26.501219512195124,-0.0,-0.044245063112987704,0.0,0.0
2020-03-01,17.753429563663587,26.495121951219513,-0.0,-0.0002300860521835535,0.0,0.0
2020-03-02,17.753429563663587,28.307317073170736,0.0,0.06839731197643384,0.0,0.0
2020-03-03,17.753429563663587,27.28658536585366,-0.0,-0.036058935033603357,0.0,0.0
2020-03-04,17.753429563663587,27.385365853658538,0.0,0.0036201117318435116,0.0,0.0
2020-03-05,17.753429563663587,27.882926829268293,0.0,0.018168863555397152,0.0,0.0
2020-03-06,17.753429563663587,29.946341463414637,0.0,0.0740027991602521,0.0,0.0
2020-03-07,17.753429563663587,28.993902439024392,-0.0,-0.031804854210783495,0.0,0.0
2020-03-08,17.753429563663587,24.324390243902442,-0.0,-0.16105152471083062,0.0,0.0
2020-03-09,17.753429563663587,24.728048780487807,0.0,0.016594805976135607,0.0,0.0
2020-03-10,17.753429563663587,24.451219512195124,-0.0,-0.011194949943285515,0.0,0.0
2020-03-11,17.753429563663587,23.732926829268298,-0.0,-0.0293765586034912,0.0,0.0
2020-03-12,17.753429563663587,13.451219512195122,-0.0,-0.4332254252093932,0.0,0.0
2020-03-13,17.753429563663587,16.525609756097563,0.0,0.22855847688123299,0.0,0.0
2020-03-14,17.753429563663587,14.89878048780488,-0.0,-0.09844291934174587,0.0,0.0
2020-03-15,17.753429563663587,15.036585365853659,0.0,0.00924940656462292,0.0,0.0
2020-03-16,17.753429563663587,13.582926829268294,-0.0,-0.09667477696674776,0.0,0.0
2020-03-17,17.753429563663587,14.157317073170733,0.0,0.0422876638534746,0.0,0.0
2020-03-18,17.753429563663587,14.463414634146343,0.0,0.021621155999655306,0.0,0.0
2020-03-19,17.753429563663587,16.668292682926833,0.0,0.15244519392917377,0.0,0.0
2020-03-20,17.753429563663587,16.252439024390245,-0.0,-0.024948785484342983,0.0,0.0
2020-03-21,17.753429563663587,16.19390243902439,-0.0,-0.0036017108126361608,0.0,0.0
2020-03-22,17.753429563663587,14.929268292682929,-0.0,-0.07809322991189094,0.0,0.0
2020-03-23,17.753429563663587,16.70731707317073,0.0,0.11909818657082183,0.0,0.0
2020-03-24,17.753429563663587,16.951219512195124,0.0,0.014598540145985384,0.0,0.0
2020-03-25,17.753429563663587,16.617073170731707,-0.0,-0.019712230215827353,0.0,0.0
2020-03-26,17.753429563663587,16.951219512195124,0.0,0.020108615881403225,0.0,0.0
2020-03-27,17.753429563663587,16.043902439024393,-0.0,-0.053525179856115046,0.0,0.0
2020-03-28,17.753429563663587,16.01829268292683,-0.0,-0.001596229857099507,0.0,0.0
2020-03-29,17.753429563663587,15.164634146341465,-0.0,-0.05329272934906737,0.0,0.0
2020-03-30,17.753429563663587,16.13658536585366,0.0,0.06409328508242873,0.0,0.0
2020-03-31,17.753429563663587,16.22926829268293,0.0,0.005743651753325363,0.0,0.0
2020-04-01,17.753429563663587,16.602439024390243,0.0,0.022993688007213464,0.0,0.0
2020-04-02,17.753429563663587,17.259756097560977,0.0,0.03959159688555913,0.0,0.0
2020-04-03,17.753429563663587,17.2609756097561,0.0,7.065639793668588e-05,0.0,0.0
2020-04-04,17.753429563663587,17.619512195121953,0.0,0.020771513353115667,0.0,0.0
2020-04-05,17.753429563663587,17.413414634146342,-0.0,-0.01169712070874862,0.0,0.0
2020-04-06,17.753429563663587,20.914634146341466,0.0,0.2010645003151481,0.0,0.0
2020-04-07,17.753429563663587,20.069512195121952,-0.0,-0.04040816326530616,0.0,0.0
2020-04-08,17.753429563663587,21.14146341463415,0.0,0.05341192197848943,0.0,0.0
2020-04-09,17.753429563663587,20.701219512195124,-0.0,-0.020823719427780385,0.0,0.0
2020-04-10,17.753429563663587,19.28048780487805,-0.0,-0.0686303387334315,0.0,0.0
2020-04-11,17.753429563663587,19.33536585365854,0.0,0.002846299810246755,0.0,0.0
2020-04-12,17.753429563663587,19.37439024390244,0.0,0.0020182907600125866,0.0,0.0
2020-04-13,17.753429563663587,19.117073170731707,-0.0,-0.01328129917542653,0.0,0.0
2020-04-14,17.753429563663587,19.34756097560976,0.0,0.012056647103853013,0.0,0.0
2020-04-15,17.753429563663587,18.63048780487805,-0.0,-0.037062716671919294,0.0,0.0
2020-04-16,17.753429563663587,21.042682926829272,0.0,0.1294756823983767,0.0,0.0
2020-04-17,17.753429563663587,20.840243902439024,-0.0,-0.00962039988409169,0.0,0.0
2020-04-18,17.753429563663587,22.91219512195122,0.0,0.09942067996957116,0.0,0.0
2020-04-19,17.753429563663587,21.99878048780488,-0.0,-0.03986587183308499,0.0,0.0
2020-04-20,17.753429563663587,20.79268292682927,-0.0,-0.05482565552414209,0.0,0.0
2020-04-21,17.753429563663587,20.86219512195122,0.0,0.003343108504398895,0.0,0.0
2020-04-22,17.753429563663587,22.330487804878054,0.0,0.07038054597533194,0.0,0.0
2020-04-23,17.753429563663587,22.64146341463415,0.0,0.013926055376549451,0.0,0.0
2020-04-24,17.753429563663587,22.907317073170734,0.0,0.011741893784336987,0.0,0.0
2020-04-25,17.753429563663587,23.709756097560977,0.0,0.03502981260647342,0.0,0.0
2020-04-26,17.753429563663587,24.125609756097564,0.0,0.017539347803724015,0.0,0.0
2020-04-27,17.753429563663587,23.99756097560976,-0.0,-0.005307587322448626,0.0,0.0
2020-04-28,17.753429563663587,23.984146341463415,-0.0,-0.0005589998983637212,0.0,0.0
2020-04-29,17.753429563663587,26.3,0.0,0.0965576854629584,0.0,0.0
2020-04-30,17.753429563663587,25.150000000000002,-0.0,-0.04372623574144485,0.0,0.0
2020-05-01,17.753429563663587,25.864634146341466,0.0,0.02841487659409414,0.0,0.0
2020-05-02,17.753429563663587,26.128048780487806,0.0,0.01018435569805276,0.0,0.0
2020-05-03,17.753429563663587,25.639024390243907,-0.0,-0.018716452742123635,0.0,0.0
2020-05-04,17.753429563663587,25.226829268292686,-0.0,-0.01607686453576862,0.0,0.0
2020-05-05,17.753429563663587,25.052439024390246,-0.0,-0.006912887943536727,0.0,0.0
2020-05-06,17.753429563663587,24.3,-0.0,-0.0300345616511708,0.0,0.0
2020-05-07,17.753429563663587,25.9109756097561,0.0,0.06629529258255551,0.0,0.0
2020-05-08,17.753429563663587,25.803658536585367,-0.0,-0.004141761189815019,0.0,0.0
2020-05-09,17.753429563663587,25.60975609756098,-0.0,-0.0075145328229122565,0.0,0.0
2020-05-10,17.753429563663587,22.89390243902439,-0.0,-0.10604761904761906,0.0,0.0
2020-05-11,17.753429563663587,22.67439024390244,-0.0,-0.009588238427528761,0.0,0.0
2020-05-12,17.753429563663587,23.182926829268293,0.0,0.022427795406873452,0.0,0.0
2020-05-13,17.753429563663587,24.38048780487805,0.0,0.051657022619673754,0.0,0.0
2020-05-14,17.753429563663587,24.80487804878049,0.0,0.01740696278511411,0.0,0.0
2020-05-15,17.753429563663587,23.743902439024392,-0.0,-0.04277286135693226,0.0,0.0
2020-05-16,17.753429563663587,24.45487804878049,0.0,0.029943502824858914,0.0,0.0
2020-05-17,17.753429563663587,25.250000000000004,0.0,0.0325138383284298,0.0,0.0
2020-05-18,17.753429563663587,26.215853658536588,0.0,0.03825163004105292,0.0,0.0
2020-05-19,17.753429563663587,26.184146341463418,-0.0,-0.0012094710889891669,0.0,0.0
2020-05-20,17.753429563663587,25.604878048780492,-0.0,-0.022122863397140313,0.0,0.0
2020-05-21,17.753429563663587,24.2219512195122,-0.0,-0.05401028767384264,0.0,0.0
2020-05-22,17.753429563663587,25.282926829268295,0.0,0.043802235424428515,0.0,0.0
2020-05-23,17.753429563663587,25.202439024390245,-0.0,-0.0031834844684545116,0.0,0.0
2020-05-24,17.753429563663587,24.345121951219515,-0.0,-0.03401722636214077,0.0,0.0
2020-05-25,17.753429563663587,24.885365853658538,0.0,0.022191053448880504,0.0,0.0
2020-05-26,17.753429563663587,24.501219512195124,-0.0,-0.015436636283446048,0.0,0.0
2020-05-27,17.753429563663587,25.415853658536587,0.0,0.03733014782738531,0.0,0.0
2020-05-28,17.753429563663587,26.882926829268296,0.0,0.05772275802504678,0.0,0.0
2020-05-29,17.76792610386255,26.90487804878049,0.0008165487207403288,0.0008165487207403288,1.0,1.0
2020-05-30,19.637979789528803,29.73658536585366,0.10524884416644009,0.10524884416644009,1.0,0.0
2020-05-31,18.647382875932983,28.23658536585366,-0.05044291338582685,-0.05044291338582685,1.0,0.0
2020-06-01,20.00603083791359,30.293902439024393,0.07285998099680402,0.07285998099680402,1.0,0.0
2020-06-02,19.144292059419666,28.989024390243905,-0.04307395032406103,-0.04307395032406103,1.0,0.0
2020-06-03,19.699187403702197,29.82926829268293,0.028984897564258816,0.028984897564258816,1.0,0.0
2020-06-04,19.584825808799266,29.656097560975613,-0.0058053965658216855,-0.0058053965658216855,1.0,0.0
2020-06-05,19.331941718661795,29.273170731707317,-0.012912246072867894,-0.012912246072867894,1.0,0.0
2020-06-06,19.483350027406523,29.502439024390245,0.007832027995334112,0.007832027995334112,1.0,0.0
2020-06-07,19.71610003393432,29.854878048780492,0.011946097883597906,0.011946097883597906,1.0,0.0
2020-06-08,19.856233255857635,30.06707317073171,0.007107552796046024,0.007107552796046024,1.0,0.0
2020-06-09,19.65328169307215,29.759756097560977,-0.01022105049685662,-0.01022105049685662,1.0,0.0
2020-06-10,19.985896754303912,30.263414634146343,0.016924148670245387,0.016924148670245387,1.0,0.0
2020-06-11,18.535437371063207,28.06707317073171,-0.07257414571244358,-0.07257414571244358,1.0,0.0
2020-06-12,19.129795519220696,28.96707317073171,0.032066043884423134,0.032066043884423134,1.0,0.0
2020-06-13,19.181338773261455,29.045121951219514,0.0026943964972845347,0.0026943964972845347,1.0,0.0
2020-06-14,18.631275609045243,28.212195121951222,-0.028676995423436935,-0.028676995423436935,1.0,0.0
2020-06-15,18.602282528647315,28.16829268292683,-0.0015561511195643085,-0.0015561511195643085,1.0,0.0
2020-06-16,18.95342094679998,28.700000000000003,0.018876093168239683,0.018876093168239683,1.0,0.0
2020-06-17,18.822146721664925,28.501219512195124,-0.006926149400866777,-0.006926149400866777,1.0,0.0
2020-06-18,18.607920072058025,28.176829268292686,-0.011381626802447475,-0.011381626802447475,1.0,0.0
2020-06-19,18.41543823274957,27.885365853658538,-0.0103440813676694,-0.0103440813676694,1.0,0.0
2020-06-20,18.426713319570982,27.902439024390247,0.000612262748185044,0.000612262748185044,1.0,0.0
2020-06-21,18.336512624999656,27.76585365853659,-0.004895104895104918,-0.004895104895104918,1.0,0.0
2020-06-22,19.5888526255212,29.66219512195122,0.0682976106816584,0.0682976106816584,1.0,0.0
2020-06-23,19.579993628732943,29.64878048780488,-0.00045224684455036357,-0.00045224684455036357,1.0,0.0
2020-06-24,18.88093824580516,28.590243902439028,-0.03570253372820009,-0.03570253372820009,1.0,0.0
2020-06-25,18.68201349974161,28.289024390243906,-0.01053574475345509,-0.01053574475345509,1.0,0.0
2020-06-26,18.47825657361174,27.980487804878052,-0.010906582747769122,-0.010906582747769122,1.0,0.0
2020-06-27,17.77920119068396,26.921951219512195,-0.037831241283124206,-0.037831241283124206,1.0,0.0
2020-06-28,17.77920119068396,27.409756097560976,0.0,0.0181192244971915,0.0,1.0
2020-06-29,17.77920119068396,27.781707317073174,0.0,0.013570030254493659,0.0,0.0
2020-06-30,17.77920119068396,27.49756097560976,-0.0,-0.010227821430139228,0.0,0.0
2020-07-01,17.77920119068396,28.17439024390244,0.0,0.02461415646620546,0.0,0.0
2020-07-02,17.77920119068396,27.619512195121953,-0.0,-0.01969441198112809,0.0,0.0
2020-07-03,17.77920119068396,27.446341463414637,-0.0,-0.006269869304132758,0.0,0.0
2020-07-04,17.77920119068396,27.968292682926833,0.0,0.01901715098196033,0.0,0.0
2020-07-05,17.77920119068396,27.764634146341464,-0.0,-0.007281765064969137,0.0,0.0
2020-07-06,17.77920119068396,29.469512195121954,0.0,0.06140466464619854,0.0,0.0
2020-07-07,17.611452054682474,29.19146341463415,-0.009435133457479816,-0.009435133457479816,1.0,1.0
2020-07-08,18.18312345237175,30.139024390243904,0.03246020804612093,0.03246020804612093,1.0,0.0
2020-07-09,17.804952154543837,29.512195121951223,-0.020797928299749024,-0.020797928299749024,1.0,0.0
2020-07-10,17.746092808578403,29.414634146341463,-0.0033057851239669533,-0.0033057851239669533,1.0,0.0
2020-07-11,17.596737218191116,29.167073170731708,-0.008416252072968478,-0.008416252072968478,1.0,0.0
2020-07-12,17.864547242333842,29.6109756097561,0.015219300079441389,0.015219300079441389,1.0,0.0
2020-07-13,17.61660224745445,29.200000000000003,-0.013879164779045383,-0.013879164779045383,1.0,0.0
2020-07-14,17.689440688086677,29.320731707317076,0.004134647510858791,0.004134647510858791,1.0,0.0
2020-07-15,17.53493490492741,29.06463414634147,-0.008734350954539782,-0.008734350954539782,1.0,0.0
2020-07-16,17.17294992723999,28.464634146341467,-0.02064364536566954,-0.02064364536566954,1.0,0.0
2020-07-17,17.17294992723999,28.369512195121953,-0.0,-0.0033417591362837618,0.0,1.0
2020-07-18,17.17294992723999,28.746341463414637,0.0,0.013282895585264187,0.0,0.0
2020-07-19,17.17294992723999,29.167073170731708,0.0,0.01463600882402849,0.0,0.0
2020-07-20,17.17294992723999,28.79268292682927,-0.0,-0.012836058034034314,0.0,0.0
2020-07-21,17.17294992723999,29.957317073170735,0.0,0.04044896230410844,0.0,0.0
2020-07-22,18.475339738534437,32.229268292682924,0.07583960920008126,0.07583960920008126,1.0,1.0
2020-07-23,19.27229324625085,33.619512195121956,0.043136067806871736,0.043136067806871736,1.0,0.0
2020-07-24,19.545634317757088,34.09634146341463,0.014183110853162928,0.014183110853162928,1.0,0.0
2020-07-25,21.36814115514014,37.275609756097566,0.09324367824314184,0.09324367824314184,1.0,0.0
2020-07-26,21.76591882697403,37.96951219512196,0.01861545508080864,0.01861545508080864,1.0,0.0
2020-07-27,22.527219151450495,39.29756097560976,0.0349767143086559,0.0349767143086559,1.0,0.0
2020-07-28,22.202146010145118,38.73048780487805,-0.014430238331678336,-0.014430238331678336,1.0,0.0
2020-07-29,22.241993685530943,38.800000000000004,0.0017947668377469306,0.0017947668377469306,1.0,0.0
2020-07-30,23.44091935722712,40.89146341463415,0.05390369625345737,0.05390369625345737,1.0,0.0
2020-07-31,24.24835909530822,42.300000000000004,0.03444573678088947,0.03444573678088947,1.0,0.0
2020-08-01,27.08243762187166,47.24390243902439,0.11687712621807056,0.11687712621807056,1.0,0.0
2020-08-02,26.02053202694076,45.391463414634146,-0.0392101187403201,-0.0392101187403201,1.0,0.0
2020-08-03,26.99994594300277,47.10000000000001,0.03764004191182413,0.03764004191182413,1.0,0.0
2020-08-04,27.251615471755322,47.5390243902439,0.009321112319403468,0.009321112319403468,1.0,0.0
2020-08-05,28.047869897447416,48.928048780487806,0.029218613719152353,0.029218613719152353,1.0,0.0
2020-08-06,27.63331425703002,48.204878048780486,-0.014780289623887777,-0.014780289623887777,1.0,0.0
2020-08-07,26.54763987327249,46.3109756097561,-0.03928860554543612,-0.03928860554543612,1.0,0.0
2020-08-08,27.789209548451737,48.47682926829268,0.046767610269914384,0.046767610269914384,1.0,0.0
2020-08-09,27.292861311189768,47.6109756097561,-0.01786118588211605,-0.01786118588211605,1.0,0.0
2020-08-10,27.668268358245655,48.265853658536585,0.013754770625752366,0.013754770625752366,1.0,0.0
2020-08-11,26.486819737157294,46.20487804878049,-0.04270049017130728,-0.04270049017130728,1.0,0.0
2020-08-12,27.0733495555556,47.2280487804878,0.022144214527026973,0.022144214527026973,1.0,0.0
2020-08-13,29.706791541141314,51.8219512195122,0.09727063805613656,0.09727063805613656,1.0,0.0
2020-08-14,30.677816472911566,53.515853658536585,0.03268696757189238,0.03268696757189238,1.0,0.0
2020-08-15,30.23879296164323,52.75000000000001,-0.014310780940227308,-0.014310780940227308,1.0,0.0
2020-08-16,30.319187394439187,52.890243902439025,0.002658652178938903,0.002658652178938903,1.0,0.0
2020-08-17,30.165389349090404,52.6219512195122,-0.005072630850818549,-0.005072630850818549,1.0,0.0
2020-08-18,29.52293296874709,51.50121951219513,-0.02129779837775203,-0.02129779837775203,1.0,0.0
2020-08-19,28.49388422895888,49.706097560975614,-0.034855911534181105,-0.034855911534181105,1.0,0.0
2020-08-20,29.076219555211313,50.7219512195122,0.020437204053092684,0.020437204053092684,1.0,0.0
2020-08-21,27.127877953451986,47.32317073170732,-0.06700807847663015,-0.06700807847663015,1.0,0.0
2020-08-22,27.657083045856652,48.24634146341464,0.019507795387192273,0.019507795387192273,1.0,0.0
2020-08-23,27.327116330381084,47.670731707317074,-0.011930640513624247,-0.011930640513624247,1.0,0.0
2020-08-24,28.505768623372198,49.72682926829268,0.04313123561013055,0.04313123561013055,1.0,0.0
2020-08-25,26.797911237976418,46.74756097560976,-0.0599126937414165,-0.0599126937414165,1.0,0.0
2020-08-26,26.99155695871102,47.085365853658544,0.00722614979260694,0.00722614979260694,1.0,0.0
2020-08-27,26.792318581781917,46.737804878048784,-0.007381507381507446,-0.007381507381507446,1.0,0.0
2020-08-28,27.646596815491968,48.22804878048781,0.03188519243313781,0.03188519243313781,1.0,0.0
2020-08-29,27.864011325053195,48.607317073170734,0.007864060484992441,0.007864060484992441,1.0,0.0
2020-08-30,29.98642435086637,52.30975609756098,0.07617040493752825,0.07617040493752825,1.0,0.0
2020-08-31,30.332469952901125,52.91341463414634,0.011540075535039884,0.011540075535039884,1.0,0.0
2020-09-01,33.2462438302362,57.99634146341464,0.09606121367166787,0.09606121367166787,1.0,0.0
2020-09-02,30.76100723380477,53.6609756097561,-0.07475240238030156,-0.07475240238030156,1.0,0.0
2020-09-03,26.765753464858033,46.69146341463415,-0.1298804599790918,-0.1298804599790918,1.0,0.0
2020-09-04,26.765753464858033,47.43414634146342,0.0,0.015906182255073453,0.0,1.0
2020-09-05,26.765753464858033,40.88414634146342,-0.0,-0.13808617852735494,0.0,0.0
2020-09-06,26.765753464858033,43.020731707317076,0.0,0.05225950782997768,0.0,0.0
2020-09-07,26.765753464858033,43.13536585365854,0.0,0.0026646256767866028,0.0,0.0
2020-09-08,26.765753464858033,41.15609756097562,-0.0,-0.04588504707246044,0.0,0.0
2020-09-09,26.765753464858033,42.81707317073171,0.0,0.0403579471376081,0.0,0.0
2020-09-10,26.765753464858033,44.88536585365854,0.0,0.04830532611791516,0.0,0.0
2020-09-11,26.765753464858033,45.60121951219513,0.0,0.015948486659783656,0.0,0.0
2020-09-12,26.765753464858033,47.29390243902439,0.0,0.03711924691787227,0.0,0.0
2020-09-13,26.765753464858033,44.704878048780486,-0.0,-0.05474330213248757,0.0,0.0
2020-09-14,26.765753464858033,46.009756097560974,0.0,0.02918871733318773,0.0,0.0
2020-09-15,26.765753464858033,44.41463414634146,-0.0,-0.034669211195928695,0.0,0.0
2020-09-16,26.765753464858033,44.54024390243903,0.0,0.002828116419549831,0.0,0.0
2020-09-17,26.765753464858033,47.493902439024396,0.0,0.06631437724173805,0.0,0.0
2020-09-18,26.765753464858033,46.90731707317073,-0.0,-0.012350751059186038,0.0,0.0
2020-09-19,26.765753464858033,46.97926829268293,0.0,0.0015339018302829022,0.0,0.0
2020-09-20,26.765753464858033,45.206097560975614,-0.0,-0.03774368559042651,0.0,0.0
2020-09-21,26.765753464858033,41.47682926829269,-0.0,-0.08249480698157485,0.0,0.0
2020-09-22,26.765753464858033,41.982926829268294,0.0,0.012201934668195413,0.0,0.0
2020-09-23,26.765753464858033,39.10121951219512,-0.0,-0.06863998140939986,0.0,0.0
2020-09-24,26.765753464858033,42.578048780487805,0.0,0.08891869132645103,0.0,0.0
2020-09-25,26.765753464858033,42.94024390243903,0.0,0.008506616257088817,0.0,0.0
2020-09-26,26.765753464858033,43.18658536585366,0.0,0.005736843600011365,0.0,0.0
2020-09-27,26.765753464858033,43.60365853658537,0.0,0.009657470420467051,0.0,0.0
2020-09-28,26.765753464858033,43.15975609756098,-0.0,-0.010180394350440491,0.0,0.0
2020-09-29,26.765753464858033,43.890243902439025,0.0,0.016925206973524176,0.0,0.0
2020-09-30,26.765753464858033,43.889024390243904,-0.0,-2.7785495971044405e-05,0.0,0.0
2020-10-01,26.765753464858033,43.03658536585366,-0.0,-0.019422601350412627,0.0,0.0
2020-10-02,26.765753464858033,42.15853658536586,-0.0,-0.020402380277699028,0.0,0.0
2020-10-03,26.765753464858033,42.21707317073171,0.0,0.0013884871275673394,0.0,0.0
2020-10-04,26.765753464858033,42.98536585365854,0.0,0.018198624992778356,0.0,0.0
2020-10-05,26.765753464858033,43.13780487804878,0.0,0.003546300499319033,0.0,0.0
2020-10-06,26.765753464858033,41.55853658536586,-0.0,-0.036609843666073116,0.0,0.0
2020-10-07,26.765753464858033,41.66829268292683,0.0,0.002641000058688947,0.0,0.0
2020-10-08,26.765753464858033,42.83536585365854,0.0,0.0280086630765628,0.0,0.0
2020-10-09,26.765753464858033,44.556097560975616,0.0,0.04017081850533821,0.0,0.0
2020-10-10,26.765753464858033,45.213414634146346,0.0,0.014752572804904718,0.0,0.0
2020-10-11,26.765753464858033,45.65609756097561,0.0,0.00979096426163184,0.0,0.0
2020-10-12,26.765753464858033,47.16341463414635,0.0,0.033014584112399215,0.0,0.0
2020-10-13,26.394103012082816,46.50853658536586,-0.01388529761596935,-0.01388529761596935,1.0,1.0
2020-10-14,26.22800225106596,46.215853658536595,-0.0062931011878227805,-0.0062931011878227805,1.0,0.0
2020-10-15,26.156717341129557,46.09024390243903,-0.0027178932369317232,-0.0027178932369317232,1.0,0.0
2020-10-16,25.30060633538851,44.581707317073175,-0.03273006297295866,-0.03273006297295866,1.0,0.0
2020-10-17,25.30060633538851,44.93658536585367,0.0,0.007960171786525194,0.0,1.0
2020-10-18,25.30060633538851,46.16829268292683,0.0,0.027409900130264786,0.0,0.0
2020-10-19,25.30060633538851,46.26341463414635,0.0,0.0020603307094935186,0.0,0.0
2020-10-20,25.30060633538851,44.97682926829269,-0.0,-0.02780999578237031,0.0,0.0
2020-10-21,25.30060633538851,47.74756097560976,0.0,0.06160353569588661,0.0,0.0
2020-10-22,26.79784805068734,50.57317073170732,0.059178096186754514,0.059178096186754514,1.0,1.0
2020-10-23,26.46311727445739,49.94146341463415,-0.01249095731854355,-0.01249095731854355,1.0,0.0
2020-10-24,26.660853987828748,50.31463414634147,0.007472162531744431,0.007472162531744431,1.0,0.0
2020-10-25,26.265380561086026,49.56829268292683,-0.014833486838916055,-0.014833486838916055,1.0,0.0
2020-10-26,25.403351882532448,47.94146341463415,-0.03281995768341284,-0.03281995768341284,1.0,0.0
2020-10-27,26.14195666483136,49.335365853658544,0.029075091575091694,0.029075091575091694,1.0,0.0
2020-10-28,25.113208796572515,47.393902439024394,-0.039352366827339,-0.039352366827339,1.0,0.0
2020-10-29,25.046650360372354,47.268292682926834,-0.002650335794971981,-0.002650335794971981,1.0,0.0
2020-10-30,24.734536528482263,46.67926829268293,-0.012461300309597578,-0.012461300309597578,1.0,0.0
2020-10-31,24.991077297137267,47.16341463414635,0.010371763722339944,0.010371763722339944,1.0,0.0
2020-11-01,25.648261079812674,48.403658536585375,0.02629673682577449,0.02629673682577449,1.0,0.0
2020-11-02,24.770723639426045,46.74756097560976,-0.034214305510065324,-0.034214305510065324,1.0,0.0
2020-11-03,25.093176645871498,47.35609756097561,0.013017504500039134,0.013017504500039134,1.0,0.0
2020-11-04,26.053427482701046,49.16829268292683,0.03826740832303255,0.03826740832303255,1.0,0.0
2020-11-05,26.9574590578858,50.87439024390245,0.034699141822511104,0.034699141822511104,1.0,0.0
2020-11-06,29.508650379422175,55.6890243902439,0.09463767768535591,0.09463767768535591,1.0,0.0
2020-11-07,28.15680330630817,53.13780487804879,-0.04581189094492488,-0.04581189094492488,1.0,0.0
2020-11-08,29.376825903841272,55.44024390243903,0.04332958483464533,0.04332958483464533,1.0,0.0
2020-11-09,28.74355146232515,54.24512195121952,-0.02155693891467414,-0.02155693891467414,1.0,0.0
2020-11-10,29.13644009542903,54.986585365853664,0.013668757446999802,0.013668757446999802,1.0,0.0
2020-11-11,29.97003604395536,56.559756097560985,0.028610082281709692,0.028610082281709692,1.0,0.0
2020-11-12,29.917693972768824,56.460975609756105,-0.0017464800879708475,-0.0017464800879708475,1.0,0.0
2020-11-13,30.832710920918647,58.18780487804879,0.03058447449133861,0.03058447449133861,1.0,0.0
2020-11-14,29.800085862201545,56.23902439024391,-0.033491218510290355,-0.033491218510290355,1.0,0.0
2020-11-15,28.98716826278595,54.70487804878049,-0.02727903547575683,-0.02727903547575683,1.0,0.0
2020-11-16,29.78005371150053,56.20121951219513,0.027352980516295977,0.027352980516295977,1.0,0.0
2020-11-17,31.190704839898174,58.863414634146345,0.047368992079852346,0.047368992079852346,1.0,0.0
2020-11-18,30.95031903148593,58.40975609756098,-0.007706969420734344,-0.007706969420734344,1.0,0.0
2020-11-19,30.495395351049858,57.55121951219513,-0.0146985134457992,-0.0146985134457992,1.0,0.0
2020-11-20,32.98390542684433,62.247560975609765,0.08160281403627723,0.08160281403627723,1.0,0.0
2020-11-21,35.73929544584917,67.44756097560976,0.08353740963501366,0.08353740963501366,1.0,0.0
2020-11-22,36.24009921337468,68.39268292682928,0.014012692787531478,0.014012692787531478,1.0,0.0
2020-11-23,39.370284310011506,74.30000000000001,0.0863735244820083,0.0863735244820083,1.0,0.0
2020-11-24,39.124082715911875,73.83536585365854,-0.00625348783770463,-0.00625348783770463,1.0,0.0
2020-11-25,36.755119345913805,69.36463414634146,-0.06055000412916023,-0.06055000412916023,1.0,0.0
2020-11-26,33.624288050867264,63.45609756097562,-0.0851808224476519,-0.0851808224476519,1.0,0.0
2020-11-27,33.542220852834056,63.30121951219513,-0.002440711842256915,-0.002440711842256915,1.0,0.0
2020-11-28,34.77258262492252,65.62317073170732,0.03668098715009527,0.03668098715009527,1.0,0.0
2020-11-29,37.27013947845295,70.33658536585367,0.07182546319525751,0.07182546319525751,1.0,0.0
2020-11-30,39.87044187912731,75.2439024390244,0.06976905471946737,0.06976905471946737,1.0,0.0
2020-12-01,37.86916540425442,71.46707317073171,-0.050194489465154035,-0.050194489465154035,1.0,0.0
2020-12-02,38.60066200404651,72.84756097560977,0.01931641724826383,0.01931641724826383,1.0,0.0
2020-12-03,39.84782493478744,75.20121951219512,0.03230936636812576,0.03230936636812576,1.0,0.0
2020-12-04,36.678221735158274,69.21951219512196,-0.07954269034298223,-0.07954269034298223,1.0,0.0
2020-12-05,38.59678481358824,72.84024390243903,0.05230796335447496,0.05230796335447496,1.0,0.0
2020-12-06,38.897913272513264,73.40853658536587,0.007801905272146081,0.007801905272146081,1.0,0.0
2020-12-07,38.22069733913684,72.13048780487806,-0.017410083894011108,-0.017410083894011108,1.0,0.0
2020-12-08,35.85044157231935,67.65731707317073,-0.062014979627031064,-0.062014979627031064,1.0,0.0
2020-12-09,37.05172441597085,69.92439024390245,0.033508174264136104,0.033508174264136104,1.0,0.0
2020-12-10,36.15157003124437,68.22560975609757,-0.02429453416582361,-0.02429453416582361,1.0,0.0
2020-12-11,35.168056051665246,66.36951219512196,-0.027205290910715885,-0.027205290910715885,1.0,0.0
2020-12-12,36.74542636976816,69.34634146341463,0.04485236021535011,0.04485236021535011,1.0,0.0
2020-12-13,38.1741710536377,72.04268292682927,0.03888224535734386,0.03888224535734386,1.0,0.0
2020-12-14,37.892428547003995,71.5109756097561,-0.007380448582310684,-0.007380448582310684,1.0,0.0
2020-12-15,38.066255919216076,71.8390243902439,0.004587390644451794,0.004587390644451794,1.0,0.0
2020-12-16,41.22616614269959,77.80243902439025,0.08301079649623144,0.08301079649623144,1.0,0.0
2020-12-17,41.57446708553346,78.45975609756098,0.008448540706605279,0.008448540706605279,1.0,0.0
2020-12-18,42.304025090096424,79.83658536585367,0.017548222640160427,0.017548222640160427,1.0,0.0
2020-12-19,42.58189040627187,80.36097560975611,0.006568294992820745,0.006568294992820745,1.0,0.0
2020-12-20,41.25330647590743,77.85365853658537,-0.031200679859172076,-0.031200679859172076,1.0,0.0
2020-12-21,39.293386699256004,74.1548780487805,-0.047509398496240474,-0.047509398496240474,1.0,0.0
2020-12-22,41.1512071271732,77.66097560975611,0.0472807407041953,0.0472807407041953,1.0,0.0
2020-12-23,37.80971515056109,71.35487804878049,-0.0812003391853271,-0.0812003391853271,1.0,0.0
2020-12-24,39.56479003133434,74.66707317073171,0.04641862213942671,0.04641862213942671,1.0,0.0
2020-12-25,40.5004853285949,76.4329268292683,0.02364969702908848,0.02364969702908848,1.0,0.0
2020-12-26,41.13182117488189,77.62439024390244,0.015588352612684542,0.015588352612684542,1.0,0.0
2020-12-27,44.20772560510306,83.42926829268293,0.07478162508640729,0.07478162508640729,1.0,0.0
2020-12-28,47.153097956562746,88.98780487804879,0.06662573817458939,0.06662573817458939,1.0,0.0
2020-12-29,47.286214828963075,89.23902439024391,0.0028230779772508985,0.0028230779772508985,1.0,0.0
2020-12-30,48.64969347345187,91.81219512195123,0.028834590576145125,0.028834590576145125,1.0,0.0
2020-12-31,47.668118089101874,89.95975609756098,-0.02017639401748006,-0.02017639401748006,1.0,0.0
2021-01-01,47.23645755141538,89.14512195121952,-0.009055539739992069,-0.009055539739992069,1.0,0.0
2021-01-02,50.099762704841844,94.54878048780488,0.060616424301289884,0.060616424301289884,1.0,0.0
2021-01-03,63.355876881639546,119.5658536585366,0.2645943505739714,0.2645943505739714,1.0,0.0
2021-01-04,67.35842983138532,127.11951219512197,0.06317571702500913,0.06317571702500913,1.0,0.0
2021-01-05,71.32285707495818,134.60121951219514,0.05885569561963955,0.05885569561963955,1.0,0.0
2021-01-06,78.32053965371134,147.80731707317074,0.0981127630851748,0.0981127630851748,1.0,0.0
2021-01-07,79.31051561738755,149.67560975609757,0.012640055444629539,0.012640055444629539,1.0,0.0
2021-01-08,78.66496340608693,148.45731707317074,-0.008139553831864044,-0.008139553831864044,1.0,0.0
2021-01-09,82.80709521233015,156.27439024390245,0.05265535794964493,0.05265535794964493,1.0,0.0
2021-01-10,81.10630099797257,153.0646341463415,-0.020539232900230187,-0.020539232900230187,1.0,0.0
2021-01-11,70.35743665085094,132.77926829268293,-0.13252810465848175,-0.13252810465848175,1.0,0.0
2021-01-12,67.83726285298066,128.02317073170732,-0.03581957953324333,-0.03581957953324333,1.0,0.0
2021-01-13,73.07211617004404,137.90243902439025,0.0771678145152841,0.0771678145152841,1.0,0.0
2021-01-14,79.56770258445228,150.1609756097561,0.08889281924301384,0.08889281924301384,1.0,0.0
2021-01-15,75.48243623826357,142.4512195121951,-0.051343273884936536,-0.051343273884936536,1.0,0.0
2021-01-16,79.29759164919336,149.65121951219515,0.050543617840938415,0.050543617840938415,1.0,0.0
2021-01-17,79.6756177188739,150.36463414634147,0.0047671822285964005,0.0047671822285964005,1.0,0.0
2021-01-18,81.32277746522553,153.47317073170734,0.020673322573581343,0.020673322573581343,1.0,0.0
2021-01-19,88.4025272420119,166.83414634146342,0.08705740258089123,0.08705740258089123,1.0,0.0
2021-01-20,88.97376663619585,167.91219512195124,0.006461799362591947,0.006461799362591947,1.0,0.0
2021-01-21,71.7680877792486,135.44146341463414,-0.19337923421067937,-0.19337923421067937,1.0,0.0
2021-01-22,79.71503582186624,150.4390243902439,0.11073094307683995,0.11073094307683995,1.0,0.0
2021-01-23,79.77642467078873,150.5548780487805,0.0007701037613490058,0.0007701037613490058,1.0,0.0
2021-01-24,90.08005831361994,170.00000000000003,0.12915637276740521,0.12915637276740521,1.0,0.0
2021-01-25,85.1670118045923,160.72804878048782,-0.05454088952654235,-0.05454088952654235,1.0,0.0
2021-01-26,88.39865005155366,166.8268292682927,0.03794471801330834,0.03794471801330834,1.0,0.0
2021-01-27,80.19063785141306,151.33658536585367,-0.0928522346817936,-0.0928522346817936,1.0,0.0
2021-01-28,86.15052578417144,162.58414634146342,0.07432149303764835,0.07432149303764835,1.0,0.0
2021-01-29,89.16697996069925,168.2768292682927,0.03501376397962774,0.03501376397962774,1.0,0.0
2021-01-30,89.17538054002549,168.2926829268293,9.421177357293864e-05,9.421177357293864e-05,1.0,0.0
2021-01-31,84.90659384547905,160.23658536585367,-0.047869565217391274,-0.047869565217391274,1.0,0.0
2021-02-01,88.8264333987819,167.6341463414634,0.04616649162062192,0.04616649162062192,1.0,0.0
2021-02-02,97.81311468262346,184.59390243902442,0.10117124981812897,0.10117124981812897,1.0,0.0
2021-02-03,107.83242102518213,203.50243902439027,0.1024331591430101,0.1024331591430101,1.0,0.0
2021-02-04,103.23342694327371,194.82317073170734,-0.042649455870367725,-0.042649455870367725,1.0,0.0
2021-02-05,111.21462350160598,209.88536585365856,0.07731213420550209,0.07731213420550209,1.0,0.0
2021-02-06,108.54647026791203,204.85000000000002,-0.023991028784586255,-0.023991028784586255,1.0,0.0
2021-02-07,104.38172151732894,196.99024390243903,-0.038368348047649437,-0.038368348047649437,1.0,0.0
2021-02-08,113.27728882540133,213.77804878048784,0.08522150409825913,0.08522150409825913,1.0,0.0
2021-02-09,114.51669737522576,216.11707317073174,0.010941368412646035,0.010941368412646035,1.0,0.0
2021-02-10,112.62785942364246,212.55243902439028,-0.016493996027446722,-0.016493996027446722,1.0,0.0
2021-02-11,115.4963341643466,217.9658536585366,0.025468607459852022,0.025468607459852022,1.0,0.0
2021-02-12,119.22360659155578,225.00000000000003,0.03227178121433205,0.03227178121433205,1.0,0.0
2021-02-13,117.4795170837476,221.70853658536586,-0.014628726287262861,-0.014628726287262861,1.0,0.0
2021-02-14,116.55803815150067,219.96951219512198,-0.007843741233546586,-0.007843741233546586,1.0,0.0
2021-02-15,114.99876138886964,217.0268292682927,-0.013377685377685467,-0.013377685377685467,1.0,0.0
2021-02-16,115.15061801515158,217.31341463414637,0.0013205066250099318,0.0013205066250099318,1.0,0.0
2021-02-17,119.67594547835301,225.85365853658539,0.03929920256794439,0.03929920256794439,1.0,0.0
2021-02-18,125.33922834105435,236.54146341463417,0.047321814254859706,0.047321814254859706,1.0,0.0
2021-02-19,126.50497027217178,238.74146341463418,0.009300694974325063,0.009300694974325063,1.0,0.0
2021-02-20,123.77672058637476,233.5926829268293,-0.021566343835560442,-0.021566343835560442,1.0,0.0
2021-02-21,125.07622558830224,236.04512195121953,0.010498783582011617,0.010498783582011617,1.0,0.0
2021-02-22,114.93672634153747,216.909756097561,-0.08106655920478201,-0.08106655920478201,1.0,0.0
2021-02-23,114.93672634153747,192.41829268292685,-0.0,-0.1129108429941642,0.0,1.0
2021-02-24,114.93672634153747,198.20731707317074,0.0,0.030085623926532135,0.0,0.0
2021-02-25,114.93672634153747,180.80731707317074,-0.0,-0.08778687011628628,0.0,0.0
2021-02-26,114.93672634153747,176.24146341463418,-0.0,-0.02525259338198582,0.0,0.0
2021-02-27,114.93672634153747,178.11829268292684,0.0,0.010649192488132897,0.0,0.0
2021-02-28,114.93672634153747,173.41707317073173,-0.0,-0.026393805158260064,0.0,0.0
2021-03-01,114.93672634153747,191.68536585365854,0.0,0.10534310347252496,0.0,0.0
2021-03-02,114.93672634153747,181.50487804878048,-0.0,-0.05311040704406356,0.0,0.0
2021-03-03,114.93672634153747,191.20243902439026,0.0,0.05342865205531,0.0,0.0
2021-03-04,114.93672634153747,187.76707317073172,-0.0,-0.017967165435689325,0.0,0.0
2021-03-05,114.93672634153747,186.44146341463414,-0.0,-0.007059862699634434,0.0,0.0
2021-03-06,114.93672634153747,201.44268292682926,0.0,0.0804607475046113,0.0,0.0
2021-03-07,114.93672634153747,210.75853658536587,0.0,0.04624567903476762,0.0,0.0
2021-03-08,114.93672634153747,223.72926829268295,0.0,0.06154309057874574,0.0,0.0
2021-03-09,114.93672634153747,228.29146341463417,0.0,0.02039158826543419,0.0,0.0
2021-03-10,114.93672634153747,218.94756097560978,-0.0,-0.04092970582107813,0.0,0.0
2021-03-11,114.93672634153747,222.80975609756098,0.0,0.017639817976238925,0.0,0.0
2021-03-12,114.93672634153747,215.58414634146342,-0.0,-0.03242950345914708,0.0,0.0
2021-03-13,114.93672634153747,234.34268292682927,0.0,0.08701259765017344,0.0,0.0
2021-03-14,114.93672634153747,225.47560975609758,-0.0,-0.03783806287436042,0.0,0.0
2021-03-15,114.93672634153747,218.91097560975612,-0.0,-0.029114608686245935,0.0,0.0
2021-03-16,114.93672634153747,220.24756097560976,0.0,0.006105611480332174,0.0,0.0
2021-03-17,114.93672634153747,222.52926829268296,0.0,0.010359739317730154,0.0,0.0
2021-03-18,114.93672634153747,216.63414634146343,-0.0,-0.026491445356598753,0.0,0.0
2021-03-19,114.93672634153747,220.65609756097564,0.0,0.01856563836973657,0.0,0.0
2021-03-20,114.93672634153747,220.30121951219513,-0.0,-0.0016082857111275883,0.0,0.0
2021-03-21,114.93672634153747,217.56097560975613,-0.0,-0.012438623392583392,0.0,0.0
2021-03-22,114.93672634153747,205.00243902439027,-0.0,-0.057724215246636734,0.0,0.0
2021-03-23,114.93672634153747,203.42560975609757,-0.0,-0.007691758575150809,0.0,0.0
2021-03-24,114.93672634153747,192.90121951219513,-0.0,-0.051735817611759494,0.0,0.0
2021-03-25,114.93672634153747,193.54634146341465,0.0,0.0033443124561414184,0.0,0.0
2021-03-26,114.93672634153747,207.32926829268294,0.0,0.07121254127076138,0.0,0.0
2021-03-27,114.93672634153747,209.009756097561,0.0,0.008105405564378776,0.0,0.0
2021-03-28,114.93672634153747,205.72195121951222,-0.0,-0.015730389525521082,0.0,0.0
2021-03-29,114.93672634153747,221.43048780487808,0.0,0.07635809641239644,0.0,0.0
2021-03-30,116.54645958979867,224.5317073170732,0.014005386263376218,0.014005386263376218,1.0,1.0
2021-03-31,121.53707576333044,234.14634146341464,0.04282083034608619,0.04282083034608619,1.0,0.0
2021-04-01,124.59955687032519,240.04634146341468,0.02519791666666671,0.02519791666666671,1.0,0.0
2021-04-02,135.12644004711782,260.32682926829267,0.0844857192208821,0.0844857192208821,1.0,0.0
2021-04-03,127.18665076951652,245.03048780487808,-0.058758221372758324,-0.058758221372758324,1.0,0.0
2021-04-04,131.43475137080668,253.2146341463415,0.03340052258305337,0.03340052258305337,1.0,0.0
2021-04-05,133.37301452699063,256.9487804878049,0.014746961027952699,0.014746961027952699,1.0,0.0
2021-04-06,133.7540838999569,257.6829268292683,0.0028571699778829895,0.0028571699778829895,1.0,0.0
2021-04-07,124.33685954510759,239.54024390243904,-0.07040700425934687,-0.07040700425934687,1.0,0.0
2021-04-08,131.74682313305314,253.8158536585366,0.059595872173829,0.059595872173829,1.0,0.0
2021-04-09,130.78085658297584,251.95487804878053,-0.007331991216985467,-0.007331991216985467,1.0,0.0
2021-04-10,135.02515915064836,260.13170731707316,0.03245354617309504,0.03245354617309504,1.0,0.0
2021-04-11,136.13038693337117,262.2609756097561,0.008185347009957544,0.008185347009957544,1.0,0.0
2021-04-12,135.33849692410072,260.7353658536586,-0.005817143601141939,-0.005817143601141939,1.0,0.0
2021-04-13,145.58622462999944,280.4780487804878,0.07571923686758364,0.07571923686758364,1.0,0.0
2021-04-14,153.9811449361103,296.65121951219515,0.05766287523044267,0.05766287523044267,1.0,0.0
2021-04-15,159.32940927529978,306.95487804878053,0.03473324179664061,0.03473324179664061,1.0,0.0
2021-04-16,153.6076716303792,295.9317073170732,-0.03591137173573633,-0.03591137173573633,1.0,0.0
2021-04-17,146.77500915230948,282.7682926829268,-0.04448125803580261,-0.04448125803580261,1.0,0.0
2021-04-18,141.8856738752472,273.3487804878049,-0.033311769526027435,-0.033311769526027435,1.0,0.0
2021-04-19,136.97101837406754,263.8804878048781,-0.0346381376424294,-0.0346381376424294,1.0,0.0
2021-04-20,147.6548869403878,284.4634146341464,0.07800094277712555,0.07800094277712555,1.0,0.0
2021-04-21,149.21271372920842,287.4646341463415,0.010550458715596456,0.010550458715596456,1.0,0.0
2021-04-22,151.9207116985601,292.6817073170732,0.01814857394971159,0.01814857394971159,1.0,0.0
2021-04-23,150.0254929233757,289.0304878048781,-0.012475051979383034,-0.012475051979383034,1.0,0.0
2021-04-24,140.31961801358847,270.33170731707315,-0.06469483766165285,-0.06469483766165285,1.0,0.0
2021-04-25,146.9940290909247,283.190243902439,0.04756577285358543,0.04756577285358543,1.0,0.0
2021-04-26,160.40361978347883,309.0243902439025,0.09122541082440483,0.09122541082440483,1.0,0.0
2021-04-27,168.87703278435353,325.3487804878049,0.05282557221783746,0.05282557221783746,1.0,0.0
2021-04-28,174.17718869772,335.55975609756103,0.03138470534435833,0.03138470534435833,1.0,0.0
2021-04-29,174.64118180467062,336.4536585365854,0.0026639143186302228,0.0026639143186302228,1.0,0.0
2021-04-30,175.75084062661395,338.5914634146342,0.006353935597987581,0.006353935597987581,1.0,0.0
2021-05-01,186.6682882604169,359.6243902439025,0.06211889283077321,0.06211889283077321,1.0,0.0
2021-05-02,186.86895103654697,360.01097560975614,0.001074969819459426,0.001074969819459426,1.0,0.0
2021-05-03,217.37349104193703,418.77926829268296,0.16324028061475082,0.16324028061475082,1.0,0.0
2021-05-04,205.09444835622307,395.1231707317074,-0.056488225067632625,-0.056488225067632625,1.0,0.0
2021-05-05,223.44907881889768,430.48414634146343,0.08949355094583034,0.08949355094583034,1.0,0.0
2021-05-06,221.0930319647773,425.94512195121956,-0.010543998957498135,-0.010543998957498135,1.0,0.0
2021-05-07,220.5834624544154,424.9634146341464,-0.002304774175077018,-0.002304774175077018,1.0,0.0
2021-05-08,247.9647528149291,477.71463414634155,0.12413120211209017,0.12413120211209017,1.0,0.0
2021-05-09,248.6724530790093,479.07804878048785,0.002854035729055404,0.002854035729055404,1.0,0.0
2021-05-10,250.00239785077363,481.64024390243907,0.005348178920894675,0.005348178920894675,1.0,0.0
2021-05-11,264.5811498919469,509.72682926829276,0.058314448847307965,0.058314448847307965,1.0,0.0
2021-05-12,242.21136488986178,466.6304878048781,-0.08454791662679206,-0.08454791662679206,1.0,0.0
2021-05-13,235.4293428600268,453.5646341463415,-0.02800042860465657,-0.02800042860465657,1.0,0.0
2021-05-14,258.29856928282686,497.6231707317074,0.0971383861713313,0.0971383861713313,1.0,0.0
2021-05-15,231.01792681317968,445.06585365853664,-0.10561669987330025,-0.10561669987330025,1.0,0.0
2021-05-16,226.97175499922548,437.2707317073171,-0.017514536078519494,-0.017514536078519494,1.0,0.0
2021-05-17,207.83599562253028,400.4048780487805,-0.08430898979813806,-0.08430898979813806,1.0,0.0
2021-05-18,213.700159528111,411.7024390243903,0.028215343006469107,0.028215343006469107,1.0,0.0
2021-05-19,154.70087230664632,298.0378048780488,-0.27608443228000334,-0.27608443228000334,1.0,0.0
2021-05-20,154.70087230664632,338.4231707317074,0.0,0.1355041715938805,0.0,1.0
2021-05-21,154.70087230664632,296.9341463414635,-0.0,-0.1225951057090452,0.0,0.0
2021-05-22,154.70087230664632,280.14512195121955,-0.0,-0.056541238510633085,0.0,0.0
2021-05-23,154.70087230664632,256.04634146341465,-0.0,-0.0860224883444557,0.0,0.0
2021-05-24,154.70087230664632,323.3219512195122,0.0,0.2627477876527686,0.0,0.0
2021-05-25,154.70087230664632,330.190243902439,0.0,0.02124289011934044,0.0,0.0
2021-05-26,154.70087230664632,352.419512195122,0.0,0.06732260780924526,0.0,0.0
2021-05-27,154.70087230664632,334.8182926829269,-0.0,-0.049943941533095226,0.0,0.0
2021-05-28,154.70087230664632,294.3670731707317,-0.0,-0.12081544048282478,0.0,0.0
2021-05-29,154.70087230664632,278.13658536585365,-0.0,-0.055136899755987456,0.0,0.0
2021-05-30,154.70087230664632,291.1780487804878,0.0,0.0468887018134625,0.0,0.0
2021-05-31,154.70087230664632,330.13658536585365,0.0,0.1337962691505492,0.0,0.0
2021-06-01,154.70087230664632,321.2707317073171,-0.0,-0.026855108011465956,0.0,0.0
2021-06-02,154.70087230664632,330.0780487804878,0.0,0.02741400384145276,0.0,0.0
2021-06-03,154.70087230664632,348.37560975609756,0.0,0.05543404368515947,0.0,0.0
2021-06-04,154.70087230664632,328.13170731707316,-0.0,-0.05810941372502343,0.0,0.0
2021-06-05,154.70087230664632,320.70121951219517,-0.0,-0.022644833276346477,0.0,0.0
2021-06-06,154.70087230664632,330.6060975609756,0.0,0.03088506512025857,0.0,0.0
2021-06-07,154.70087230664632,316.1548780487805,-0.0,-0.043711291530337815,0.0,0.0
2021-06-08,154.70087230664632,305.98902439024397,-0.0,-0.03215466331336514,0.0,0.0
2021-06-09,154.70087230664632,318.4475609756098,0.0,0.040715632236131505,0.0,0.0
2021-06-10,154.70087230664632,301.41341463414636,-0.0,-0.053491213087884404,0.0,0.0
2021-06-11,154.70087230664632,287.2280487804878,-0.0,-0.047062821908164465,0.0,0.0
2021-06-12,154.70087230664632,289.2060975609756,0.0,0.00688668390460534,0.0,0.0
2021-06-13,154.70087230664632,306.1256097560976,0.0,0.05850330383008151,0.0,0.0
2021-06-14,154.70087230664632,314.9829268292683,0.0,0.028933603693685583,0.0,0.0
2021-06-15,154.70087230664632,310.19268292682926,-0.0,-0.015207947778818953,0.0,0.0
2021-06-16,154.70087230664632,288.74756097560976,-0.0,-0.06913484144394899,0.0,0.0
2021-06-17,154.70087230664632,289.43048780487806,0.0,0.0023651345381441313,0.0,0.0
2021-06-18,154.70087230664632,272.49634146341464,-0.0,-0.058508509141164566,0.0,0.0
2021-06-19,154.70087230664632,263.99024390243903,-0.0,-0.031215456014177856,0.0,0.0
2021-06-20,154.70087230664632,273.5243902439025,0.0,0.036115525333530574,0.0,0.0
2021-06-21,154.70087230664632,229.959756097561,-0.0,-0.15927147888893844,0.0,0.0
2021-06-22,154.70087230664632,229.46951219512198,-0.0,-0.0021318682484209317,0.0,0.0
2021-06-23,154.70087230664632,240.04512195121953,0.0,0.04608721069274302,0.0,0.0
2021-06-24,154.70087230664632,242.5378048780488,0.0,0.010384226542774044,0.0,0.0
2021-06-25,154.70087230664632,220.61829268292684,-0.0,-0.09037565177166251,0.0,0.0
2021-06-26,154.70087230664632,223.06951219512197,0.0,0.011110681178727377,0.0,0.0
2021-06-27,154.70087230664632,242.0378048780488,0.0,0.08503310244537143,0.0,0.0
2021-06-28,154.70087230664632,254.12073170731708,0.0,0.049921651022063696,0.0,0.0
2021-06-29,154.70087230664632,264.16829268292685,0.0,0.03953853315353273,0.0,0.0
2021-06-30,154.70087230664632,277.64878048780486,0.0,0.05102992364438785,0.0,0.0
2021-07-01,154.70087230664632,256.9524390243903,-0.0,-0.07454144558839015,0.0,0.0
2021-07-02,154.70087230664632,262.9268292682927,0.0,0.023250957517999327,0.0,0.0
2021-07-03,154.70087230664632,271.5792682926829,0.0,0.0329081632653061,0.0,0.0
2021-07-04,154.70087230664632,283.31097560975616,0.0,0.04319809605065239,0.0,0.0
2021-07-05,154.70087230664632,267.96829268292686,-0.0,-0.054154918967780796,0.0,0.0
2021-07-06,154.70087230664632,283.15121951219515,0.0,0.05665941547507436,0.0,0.0
2021-07-07,154.70087230664632,282.5390243902439,-0.0,-0.0021620783516521636,0.0,0.0
2021-07-08,154.70087230664632,258.1646341463415,-0.0,-0.08626911024594075,0.0,0.0
2021-07-09,154.70087230664632,261.8756097560976,0.0,0.014374453813269294,0.0,0.0
2021-07-10,154.70087230664632,257.38414634146346,-0.0,-0.017151133008596497,0.0,0.0
2021-07-11,154.70087230664632,261.0756097560976,0.0,0.014342233067210053,0.0,0.0
2021-07-12,154.70087230664632,247.6487804878049,-0.0,-0.0514288917330743,0.0,0.0
2021-07-13,154.70087230664632,236.6780487804878,-0.0,-0.0442995587771825,0.0,0.0
2021-07-14,154.70087230664632,243.18414634146342,0.0,0.02748923102289824,0.0,0.0
2021-07-15,154.70087230664632,233.91097560975612,-0.0,-0.038132299622387955,0.0,0.0
2021-07-16,154.70087230664632,228.92926829268296,-0.0,-0.021297450040926535,0.0,0.0
2021-07-17,154.70087230664632,231.6768292682927,0.0,0.012001789880781155,0.0,0.0
2021-07-18,154.70087230664632,230.6658536585366,-0.0,-0.004363732070009174,0.0,0.0
2021-07-19,154.70087230664632,221.76097560975612,-0.0,-0.03860509870681905,0.0,0.0
2021-07-20,154.70087230664632,217.8609756097561,-0.0,-0.017586502716614216,0.0,0.0
2021-07-21,154.70087230664632,243.4365853658537,0.0,0.1173941761920223,0.0,0.0
2021-07-22,154.70087230664632,246.9207317073171,0.0,0.014312336562835037,0.0,0.0
2021-07-23,154.70087230664632,259.2451219512195,0.0,0.04991233485615498,0.0,0.0
2021-07-24,154.70087230664632,266.5792682926829,0.0,0.02829039283849455,0.0,0.0
2021-07-25,154.70087230664632,267.4426829268293,0.0,0.0032388663967612974,0.0,0.0
2021-07-26,154.70087230664632,271.73902439024397,0.0,0.016064531720952235,0.0,0.0
2021-07-27,159.72250985968756,280.55975609756103,0.03246030535036293,0.03246030535036293,1.0,1.0
2021-07-28,159.7107073104823,280.5390243902439,-7.389408803826214e-05,-7.389408803826214e-05,1.0,0.0
2021-07-29,165.46618571705108,290.6487804878049,0.03603689761000162,0.03603689761000162,1.0,0.0
2021-07-30,171.06059404034798,300.4756097560976,0.03380997935652785,0.03380997935652785,1.0,0.0
2021-07-31,175.90935896091207,308.9926829268293,0.02834530622184328,0.02834530622184328,1.0,0.0
2021-08-01,177.4152253859842,311.63780487804877,0.00856046792488585,0.00856046792488585,1.0,0.0
2021-08-02,181.0733213720169,318.06341463414634,0.02061883909948614,0.02061883909948614,1.0,0.0
2021-08-03,174.14383645332413,305.8914634146342,-0.038268944680459493,-0.038268944680459493,1.0,0.0
2021-08-04,189.16778732402966,332.2817073170732,0.08627322779082336,0.08627322779082336,1.0,0.0
2021-08-05,196.4326034936721,345.0426829268293,0.038404087040455614,0.038404087040455614,1.0,0.0
2021-08-06,200.8502282344438,352.80243902439025,0.02248926431865983,0.02248926431865983,1.0,0.0
2021-08-07,219.6030903864136,385.74268292682933,0.0933673927922074,0.0933673927922074,1.0,0.0
2021-08-08,209.26128021219785,367.5768292682927,-0.0470931905193972,-0.0470931905193972,1.0,0.0
2021-08-09,219.55102031639038,385.65121951219515,0.04917173446400791,0.04917173446400791,1.0,0.0
2021-08-10,218.1451284257629,383.18170731707323,-0.0064034860261704685,-0.0064034860261704685,1.0,0.0
2021-08-11,219.56976554159874,385.6841463414635,0.006530684989927149,0.006530684989927149,1.0,0.0
2021-08-12,211.5579174340229,371.6109756097561,-0.03648884939970465,-0.03648884939970465,1.0,0.0
2021-08-13,230.80995799061552,405.42804878048787,0.09100127657759072,0.09100127657759072,1.0,0.0
2021-08-14,226.7839001764186,398.3560975609756,-0.01744317207648649,-0.01744317207648649,1.0,0.0
2021-08-15,229.8671425893947,403.77195121951223,0.01359550836976342,0.01359550836976342,1.0,0.0
2021-08-16,218.45824311350265,383.7317073170732,-0.04963258057403808,-0.04963258057403808,1.0,0.0
2021-08-17,209.0446687209012,367.1963414634147,-0.04309095531684981,-0.04309095531684981,1.0,0.0
2021-08-18,209.27863690220565,367.6073170731708,0.0011192257747401069,0.0011192257747401069,1.0,0.0
2021-08-19,221.06938355826813,388.3182926829269,0.05633994386905439,0.05633994386905439,1.0,0.0
2021-08-20,228.1766009826402,400.80243902439025,0.032149261512274485,0.032149261512274485,1.0,0.0
2021-08-21,224.02140939478565,393.5036585365854,-0.018210419341686435,-0.018210419341686435,1.0,0.0
2021-08-22,225.04128849964084,395.2951219512195,0.004552596591595792,0.004552596591595792,1.0,0.0
2021-08-23,230.71345479417246,405.2585365853659,0.025205002745710248,0.025205002745710248,1.0,0.0
2021-08-24,220.1883579734749,386.7707317073171,-0.045619779002864735,-0.045619779002864735,1.0,0.0
2021-08-25,224.14498902764086,393.72073170731716,0.01796930178589462,0.01796930178589462,1.0,0.0
2021-08-26,214.75085412784802,377.219512195122,-0.04191097441234515,-0.04191097441234515,1.0,0.0
2021-08-27,227.34972827067116,399.35,0.05866739945687316,0.05866739945687316,1.0,0.0
2021-08-28,225.49742231304444,396.09634146341466,-0.008147385843459087,-0.008147385843459087,1.0,0.0
2021-08-29,224.00266416957732,393.4707317073171,-0.006628714989885931,-0.006628714989885931,1.0,0.0
2021-08-30,224.17970240765635,393.78170731707326,0.0007903398771409442,0.0007903398771409442,1.0,0.0
2021-08-31,238.14975506109147,418.3207317073171,0.06231631366889534,0.06231631366889534,1.0,0.0
2021-09-01,265.8621405950601,466.9987804878049,0.11636537491655075,0.11636537491655075,1.0,0.0
2021-09-02,262.98648419457663,461.94756097560975,-0.010816344117470456,-0.010816344117470456,1.0,0.0
2021-09-03,273.5456001276894,480.4951219512196,0.04015079316890047,0.04015079316890047,1.0,0.0
2021-09-04,269.8986124232617,474.089024390244,-0.013332284279934714,-0.013332284279934714,1.0,0.0
2021-09-05,274.38635819166467,481.9719512195122,0.016627524417818007,0.016627524417818007,1.0,0.0
2021-09-06,272.7701032181433,479.13292682926834,-0.005890434875018058,-0.005890434875018058,1.0,0.0
2021-09-07,238.6169971561,419.1414634146342,-0.1252083921921967,-0.1252083921921967,1.0,0.0
2021-09-08,243.01726520686393,426.87073170731713,0.018440715050509704,0.018440715050509704,1.0,0.0
2021-09-09,237.7831817681278,417.6768292682927,-0.021537907746104756,-0.021537907746104756,1.0,0.0
2021-09-10,222.84740288266167,391.4414634146342,-0.0628125958043182,-0.0628125958043182,1.0,0.0
2021-09-11,226.80125686642634,398.3865853658537,0.017742427924307247,0.017742427924307247,1.0,0.0
2021-09-12,236.3113344554709,415.0914634146342,0.04193132666211574,0.04193132666211574,1.0,0.0
2021-09-13,228.15021881382842,400.7560975609756,-0.03453543885420496,-0.03453543885420496,1.0,0.0
2021-09-14,238.57048122687922,419.05975609756103,0.04567281358407893,0.04567281358407893,1.0,0.0
2021-09-15,251.02286490603703,440.93292682926835,0.052195827476726464,0.052195827476726464,1.0,0.0
2021-09-16,247.76050145218093,435.2024390243903,-0.012996280060293519,-0.012996280060293519,1.0,0.0
2021-09-17,236.05098410535473,414.63414634146346,-0.04726143706601349,-0.04726143706601349,1.0,0.0
2021-09-18,238.57186976207984,419.0621951219513,0.01067941176470577,0.01067941176470577,1.0,0.0
2021-09-19,231.09321917154196,405.92560975609763,-0.03134757923470233,-0.03134757923470233,1.0,0.0
2021-09-20,206.64736269703124,362.98536585365855,-0.10578352996313756,-0.10578352996313756,1.0,0.0
2021-09-21,206.64736269703124,337.27926829268296,-0.0,-0.070818550771381,0.0,1.0
2021-09-22,206.64736269703124,375.41829268292685,0.0,0.11307847227997336,0.0,0.0
2021-09-23,206.64736269703124,384.709756097561,0.0,0.024749628869261242,0.0,0.0
2021-09-24,206.64736269703124,357.3914634146342,-0.0,-0.07101013751260055,0.0,0.0
2021-09-25,206.64736269703124,356.5865853658537,-0.0,-0.0022520908616294744,0.0,0.0
2021-09-26,206.64736269703124,373.2573170731708,0.0,0.046750866105109035,0.0,0.0
2021-09-27,206.64736269703124,356.74024390243903,-0.0,-0.044251170480052004,0.0,0.0
2021-09-28,206.64736269703124,342.1524390243903,-0.0,-0.04089195185401684,0.0,0.0
2021-09-29,206.64736269703124,347.57804878048785,0.0,0.01585728797248409,0.0,0.0
2021-09-30,206.64736269703124,365.909756097561,0.0,0.05274126884995134,0.0,0.0
2021-10-01,206.64736269703124,403.8,0.0,0.10355078887903857,0.0,0.0
2021-10-02,206.64736269703124,413.1487804878049,0.0,0.023152007151572285,0.0,0.0
2021-10-03,206.64736269703124,417.0817073170732,0.0,0.009519395953740073,0.0,0.0
2021-10-04,206.64736269703124,413.0731707317073,-0.0,-0.00961091439648909,0.0,0.0
2021-10-05,206.64736269703124,428.69512195121956,0.0,0.037818847425602486,0.0,0.0
2021-10-06,206.64736269703124,436.07926829268297,0.0,0.0172247034392512,0.0,0.0
2021-10-07,207.37898052544813,437.6231707317074,0.0035404169637989202,0.0035404169637989202,1.0,1.0
2021-10-08,205.96024295138542,434.629268292683,-0.006841279528272182,-0.006841279528272182,1.0,0.0
2021-10-09,206.64620690267355,436.0768292682927,0.003330564877271236,0.003330564877271236,1.0,0.0
2021-10-10,197.35188657532103,416.4634146341464,-0.044976970381701564,-0.044976970381701564,1.0,0.0
2021-10-11,204.7125629422606,431.99634146341464,0.0372972181551976,0.0372972181551976,1.0,0.0
2021-10-12,201.72136714456263,425.6841463414635,-0.01461168652625211,-0.01461168652625211,1.0,0.0
2021-10-13,208.51743796777134,440.0256097560976,0.033690386494051205,0.033690386494051205,1.0,0.0
2021-10-14,219.1189617136696,462.3975609756098,0.05084238445101574,0.05084238445101574,1.0,0.0
2021-10-15,223.6306049889069,471.91829268292685,0.02058992631195844,0.02058992631195844,1.0,0.0
2021-10-16,221.31497099327785,467.0317073170732,-0.010354727590813906,-0.010354727590813906,1.0,0.0
2021-10-17,222.327446850613,469.16829268292685,0.0045748186523084655,0.0045748186523084655,1.0,0.0
2021-10-18,216.4502325417667,456.7658536585366,-0.02643494715609873,-0.02643494715609873,1.0,0.0
2021-10-19,224.11835020785142,472.9475609756098,0.03542670098358558,0.03542670098358558,1.0,0.0
2021-10-20,240.51733845191546,507.5536585365854,0.07317110905401236,0.07317110905401236,1.0,0.0
2021-10-21,234.27373733168193,494.37804878048786,-0.025959047943987512,-0.025959047943987512,1.0,0.0
2021-10-22,229.51475406389932,484.3353658536586,-0.020313771923333057,-0.020313771923333057,1.0,0.0
2021-10-23,240.89990638431044,508.36097560975617,0.04960531782301625,0.04960531782301625,1.0,0.0
2021-10-24,235.93461382368037,497.88292682926834,-0.02061143416431588,-0.02061143416431588,1.0,0.0
2021-10-25,243.92635390991794,514.7475609756099,0.0338726902200539,0.0338726902200539,1.0,0.0
2021-10-26,238.75648574797702,503.83780487804887,-0.02119438133302376,-0.02119438133302376,1.0,0.0
2021-10-27,226.7633855954217,478.52926829268296,-0.050231515659075354,-0.050231515659075354,1.0,0.0
2021-10-28,247.81733561507644,522.9585365853659,0.0928454563525436,0.0928454563525436,1.0,0.0
2021-10-29,255.50163440216875,539.1743902439024,0.031007914632041667,0.031007914632041667,1.0,0.0
2021-10-30,249.92145924324842,527.398780487805,-0.021840076177896073,-0.021840076177896073,1.0,0.0
2021-10-31,247.9271360790568,523.1902439024391,-0.007979799614768357,-0.007979799614768357,1.0,0.0
2021-11-01,249.81859354541416,527.1817073170732,0.007629086094691262,0.007629086094691262,1.0,0.0
2021-11-02,265.5443315761247,560.3670731707318,0.06294862927347222,0.06294862927347222,1.0,0.0
2021-11-03,266.18348585592645,561.7158536585366,0.002406958853190533,0.002406958853190533,1.0,0.0
2021-11-04,262.20061849933165,553.3109756097562,-0.014962864220474326,-0.014962864220474326,1.0,0.0
2021-11-05,258.8673075717579,546.2768292682928,-0.012712826333711513,-0.012712826333711513,1.0,0.0
2021-11-06,261.39214034612854,551.6048780487805,0.009753386003254816,0.009753386003254816,1.0,0.0
2021-11-07,266.81628326676093,563.0512195121952,0.02075097940377968,0.02075097940377968,1.0,0.0
2021-11-08,278.0783434880782,586.8170731707318,0.042209043928767676,0.042209043928767676,1.0,0.0
2021-11-09,273.4372512447798,577.0231707317074,-0.016689873023130075,-0.016689873023130075,1.0,0.0
2021-11-10,267.69468697860424,564.9048780487806,-0.021001396993399646,-0.021001396993399646,1.0,0.0
2021-11-11,272.8755351869432,575.8378048780488,0.01935357128979187,0.01935357128979187,1.0,0.0
2021-11-12,269.72426187070533,569.1878048780488,-0.011548390785853901,-0.011548390785853901,1.0,0.0
2021-11-13,268.4008773311519,566.3951219512195,-0.004906434928674708,-0.004906434928674708,1.0,0.0
2021-11-14,267.39475834278403,564.2719512195122,-0.0037485681804479976,-0.0037485681804479976,1.0,0.0
2021-11-15,263.81352952548605,556.7146341463416,-0.013393040460079053,-0.013393040460079053,1.0,0.0
2021-11-16,243.26581743449887,513.3536585365854,-0.07788725668446861,-0.07788725668446861,1.0,0.0
2021-11-17,247.8832158934646,523.0975609756098,0.018980876588668316,0.018980876588668316,1.0,0.0
2021-11-18,231.03924682169045,487.55243902439025,-0.06795122861006198,-0.06795122861006198,1.0,0.0
2021-11-19,231.03924682169045,524.3353658536586,0.0,0.07544404229188606,0.0,1.0
2021-11-20,231.03924682169045,538.6207317073171,0.0,0.027244711655870724,0.0,0.0
2021-11-21,231.03924682169045,519.8768292682927,-0.0,-0.03479981615191463,0.0,0.0
2021-11-22,231.03924682169045,498.6780487804878,-0.0,-0.040776544162665185,0.0,0.0
2021-11-23,231.03924682169045,529.4658536585366,0.0,0.061738841229005414,0.0,0.0
2021-11-24,227.26736862536708,520.8219512195122,-0.01632570330890315,-0.01632570330890315,1.0,1.0
2021-11-25,240.84410796266926,551.9353658536586,0.05973906161461473,0.05973906161461473,1.0,0.0
2021-11-26,215.18384179072902,493.1304878048781,-0.10654305139122422,-0.10654305139122422,1.0,0.0
2021-11-27,215.18384179072902,499.79390243902446,0.0,0.01351247752660334,0.0,1.0
2021-11-28,215.18384179072902,524.1926829268293,0.0,0.04881768338656656,0.0,0.0
2021-11-29,215.18384179072902,542.6121951219512,0.0,0.03513881974139088,0.0,0.0
2021-11-30,224.15648500432405,565.2378048780488,0.041697569570865456,0.041697569570865456,1.0,1.0
2021-12-01,221.83509830539361,559.3841463414634,-0.010356098771292066,-0.010356098771292066,1.0,0.0
2021-12-02,218.33560785675604,550.559756097561,-0.015775188305954813,-0.015775188305954813,1.0,0.0
2021-12-03,203.94010859001378,514.2597560975611,-0.06593289756101883,-0.06593289756101883,1.0,0.0
2021-12-04,203.94010859001378,502.8207317073171,-0.0,-0.02224367015814832,0.0,1.0
2021-12-05,203.94010859001378,512.5878048780488,0.0,0.01942456337782228,0.0,0.0
2021-12-06,203.94010859001378,531.0024390243904,0.0,0.03592483857613926,0.0,0.0
2021-12-07,203.94010859001378,525.6329268292683,-0.0,-0.010112029249785381,0.0,0.0
2021-12-08,203.94010859001378,541.5256097560977,0.0,0.030235326052912015,0.0,0.0
2021-12-09,203.94010859001378,500.73902439024397,-0.0,-0.07531792519327729,0.0,0.0
2021-12-10,203.94010859001378,475.7207317073171,-0.0,-0.049962738001880225,0.0,0.0
2021-12-11,203.94010859001378,498.92439024390245,0.0,0.04877579846753699,0.0,0.0
2021-12-12,203.94010859001378,504.0146341463415,0.0,0.010202435483161354,0.0,0.0
2021-12-13,203.94010859001378,461.4402439024391,-0.0,-0.08447054382857644,0.0,0.0
2021-12-14,203.94010859001378,470.8219512195122,0.0,0.02033135913272588,0.0,0.0
2021-12-15,203.94010859001378,490.4304878048781,0.0,0.04164745618715604,0.0,0.0
2021-12-16,203.94010859001378,482.5951219512196,-0.0,-0.015976506454011274,0.0,0.0
2021-12-17,203.94010859001378,472.6853658536586,-0.0,-0.020534306392269497,0.0,0.0
2021-12-18,203.94010859001378,483.1609756097561,0.0,0.022161908349286108,0.0,0.0
2021-12-19,203.94010859001378,478.75487804878054,-0.0,-0.00911931588724657,0.0,0.0
2021-12-20,203.94010859001378,481.2390243902439,0.0,0.00518876455439532,0.0,0.0
2021-12-21,203.94010859001378,489.8914634146342,0.0,0.017979504125529733,0.0,0.0
2021-12-22,203.94010859001378,485.5024390243903,-0.0,-0.008959177119869821,0.0,0.0
2021-12-23,203.94010859001378,501.59512195121954,0.0,0.03314645124989957,0.0,0.0
2021-12-24,203.94010859001378,493.85975609756105,-0.0,-0.015421533254884379,0.0,0.0
2021-12-25,203.94010859001378,499.6865853658537,0.0,0.011798550492017945,0.0,0.0
2021-12-26,203.94010859001378,495.8426829268293,-0.0,-0.007692626841703354,0.0,0.0
2021-12-27,203.94010859001378,492.51707317073175,-0.0,-0.006706985644050145,0.0,0.0
2021-12-28,203.94010859001378,462.6426829268293,-0.0,-0.06065655765307132,0.0,0.0
2021-12-29,203.94010859001378,442.75487804878054,-0.0,-0.04298739742782054,0.0,0.0
2021-12-30,203.94010859001378,452.4414634146342,0.0,0.021877986773499503,0.0,0.0
2021-12-31,203.94010859001378,448.26829268292687,-0.0,-0.009223669953261626,0.0,0.0
2022-01-01,203.94010859001378,459.23414634146343,0.0,0.024462701996844194,0.0,0.0
2022-01-02,203.94010859001378,466.93536585365854,0.0,0.016769701411682325,0.0,0.0
2022-01-03,203.94010859001378,459.27317073170735,-0.0,-0.016409541196227617,0.0,0.0
2022-01-04,203.94010859001378,461.5853658536586,0.0,0.00503446591114276,0.0,0.0
2022-01-05,203.94010859001378,431.5853658536586,-0.0,-0.06499339498018497,0.0,0.0
2022-01-06,203.94010859001378,415.369512195122,-0.0,-0.037572760666855,0.0,0.0
2022-01-07,203.94010859001378,390.1000000000001,-0.0,-0.060836222816592955,0.0,0.0
2022-01-08,203.94010859001378,375.66829268292685,-0.0,-0.03699489186637572,0.0,0.0
2022-01-09,203.94010859001378,384.3487804878049,0.0,0.02310678855243342,0.0,0.0
2022-01-10,203.94010859001378,376.03780487804886,-0.0,-0.021623525380275677,0.0,0.0
2022-01-11,203.94010859001378,395.22317073170734,0.0,0.05101977940723379,0.0,0.0
2022-01-12,203.94010859001378,411.41951219512197,0.0,0.04098024271560052,0.0,0.0
2022-01-13,203.94010859001378,395.35121951219514,-0.0,-0.039055738015911556,0.0,0.0
2022-01-14,203.94010859001378,403.7134146341464,0.0,0.021151307266154218,0.0,0.0
2022-01-15,203.94010859001378,405.86829268292684,0.0,0.005337642918636476,0.0,0.0
2022-01-16,203.94010859001378,408.4707317073171,0.0,0.006412028412437154,0.0,0.0
2022-01-17,203.94010859001378,391.58292682926833,-0.0,-0.04134397783523314,0.0,0.0
2022-01-18,203.94010859001378,385.4646341463415,-0.0,-0.015624513388435957,0.0,0.0
2022-01-19,203.94010859001378,376.2524390243903,-0.0,-0.02389893729771797,0.0,0.0
2022-01-20,203.94010859001378,365.96829268292686,-0.0,-0.02733310212720441,0.0,0.0
2022-01-21,203.94010859001378,313.29390243902446,-0.0,-0.14393156810865926,0.0,0.0
2022-01-22,203.94010859001378,294.13414634146346,-0.0,-0.06115585381139044,0.0,0.0
2022-01-23,203.94010859001378,309.90121951219515,0.0,0.05360504166839419,0.0,0.0
2022-01-24,203.94010859001378,297.7731707317073,-0.0,-0.039135208307918834,0.0,0.0
2022-01-25,203.94010859001378,300.0829268292683,0.0,0.007756763619386264,0.0,0.0
2022-01-26,203.94010859001378,300.609756097561,0.0,0.00175561226977905,0.0,0.0
2022-01-27,203.94010859001378,295.8317073170732,-0.0,-0.01589452332657193,0.0,0.0
2022-01-28,203.94010859001378,310.59024390243906,0.0,0.049888285198407045,0.0,0.0
2022-01-29,203.94010859001378,317.5292682926829,0.0,0.022341411317554183,0.0,0.0
2022-01-30,203.94010859001378,317.4256097560976,-0.0,-0.0003264534861391333,0.0,0.0
2022-01-31,203.94010859001378,328.01463414634145,0.0,0.03335907395241433,0.0,0.0
2022-02-01,203.94010859001378,340.20243902439023,0.0,0.03715628392546444,0.0,0.0
2022-02-02,203.94010859001378,327.1536585365854,-0.0,-0.03835592867948068,0.0,0.0
2022-02-03,203.94010859001378,328.97439024390246,0.0,0.005565371683329268,0.0,0.0
2022-02-04,203.94010859001378,365.63292682926834,0.0,0.11143279742288481,0.0,0.0
2022-02-05,203.94010859001378,367.62195121951225,0.0,0.005439948769090597,0.0,0.0
2022-02-06,203.94010859001378,372.95365853658535,0.0,0.014503234367225115,0.0,0.0
2022-02-07,203.94010859001378,383.15731707317076,0.0,0.027359051997567274,0.0,0.0
2022-02-08,203.94010859001378,380.4353658536586,-0.0,-0.007104004277679876,0.0,0.0
2022-02-09,203.94010859001378,395.88048780487804,0.0,0.040598544030106654,0.0,0.0
2022-02-10,203.94010859001378,374.9817073170732,-0.0,-0.05279063033312592,0.0,0.0
2022-02-11,203.94010859001378,357.20487804878053,-0.0,-0.04740719059466314,0.0,0.0
2022-02-12,203.94010859001378,356.09634146341466,-0.0,-0.0031033635134581905,0.0,0.0
2022-02-13,203.94010859001378,350.34634146341466,-0.0,-0.016147315572998422,0.0,0.0
2022-02-14,203.94010859001378,357.4402439024391,0.0,0.0202482560810906,0.0,0.0
2022-02-15,203.94010859001378,388.5658536585366,0.0,0.08707919795565333,0.0,0.0
2022-02-16,203.94010859001378,381.0304878048781,-0.0,-0.019392763884704234,0.0,0.0
2022-02-17,203.94010859001378,352.8731707317073,-0.0,-0.07389780601385842,0.0,0.0
2022-02-18,203.94010859001378,339.03414634146344,-0.0,-0.03921812576894901,0.0,0.0
2022-02-19,203.94010859001378,337.12682926829274,-0.0,-0.005625737388852081,0.0,0.0
2022-02-20,203.94010859001378,319.81341463414634,-0.0,-0.05135578996107715,0.0,0.0
2022-02-21,203.94010859001378,313.2926829268293,-0.0,-0.02038917509065874,0.0,0.0
2022-02-22,203.94010859001378,321.70487804878053,0.0,0.026850914752822197,0.0,0.0
2022-02-23,203.94010859001378,314.75243902439024,-0.0,-0.021611232837246752,0.0,0.0
2022-02-24,203.94010859001378,316.7585365853659,0.0,0.00637357272653305,0.0,0.0
2022-02-25,203.94010859001378,337.74634146341464,0.0,0.0662580560710242,0.0,0.0
2022-02-26,203.94010859001378,339.1109756097561,0.0,0.004040411334816252,0.0,0.0
2022-02-27,203.94010859001378,319.269512195122,-0.0,-0.05851023659425103,0.0,0.0
2022-02-28,203.94010859001378,356.47317073170734,0.0,0.11652743877983651,0.0,0.0
2022-03-01,203.94010859001378,363.13658536585365,0.0,0.0186926119025137,0.0,0.0
2022-03-02,203.94010859001378,359.5804878048781,-0.0,-0.009792727321574879,0.0,0.0
2022-03-03,203.94010859001378,345.5682926829268,-0.0,-0.038968174295249236,0.0,0.0
2022-03-04,203.94010859001378,319.8865853658537,-0.0,-0.07431731400379715,0.0,0.0
2022-03-05,203.94010859001378,325.0939024390244,0.0,0.016278635339506797,0.0,0.0
2022-03-06,203.94010859001378,311.069512195122,-0.0,-0.04313950565877778,0.0,0.0
2022-03-07,203.94010859001378,303.85121951219514,-0.0,-0.023204757779023644,0.0,0.0
2022-03-08,203.94010859001378,314.23414634146343,0.0,0.034171088225142254,0.0,0.0
2022-03-09,203.94010859001378,332.6341463414634,0.0,0.058555062249681766,0.0,0.0
2022-03-10,203.94010859001378,318.07560975609755,-0.0,-0.04376741457691746,0.0,0.0
2022-03-11,203.94010859001378,311.7585365853659,-0.0,-0.019860287859152836,0.0,0.0
2022-03-12,203.94010859001378,313.32926829268297,0.0,0.005038295741701226,0.0,0.0
2022-03-13,203.94010859001378,306.8792682926829,-0.0,-0.020585373448021027,0.0,0.0
2022-03-14,203.94010859001378,315.8817073170732,0.0,0.029335442157677027,0.0,0.0
2022-03-15,203.94010859001378,319.4085365853659,0.0,0.01116503167672378,0.0,0.0
2022-03-16,203.94010859001378,338.40121951219515,0.0,0.05946203921119442,0.0,0.0
2022-03-17,203.94010859001378,343.2524390243903,0.0,0.014335703397251764,0.0,0.0
2022-03-18,203.94010859001378,358.4353658536586,0.0,0.04423253880561484,0.0,0.0
2022-03-19,203.94010859001378,360.019512195122,0.0,0.004419615061394877,0.0,0.0
2022-03-20,203.94010859001378,349.07804878048785,-0.0,-0.030391306704243615,0.0,0.0
2022-03-21,203.94010859001378,352.5707317073171,0.0,0.010005449895893026,0.0,0.0
2022-03-22,203.94010859001378,362.2573170731708,0.0,0.027474161904893712,0.0,0.0
2022-03-23,203.94010859001378,370.60121951219514,0.0,0.02303308186136377,0.0,0.0
2022-03-24,203.94010859001378,379.5756097560976,0.0,0.024215760152422217,0.0,0.0
2022-03-25,203.94010859001378,378.55487804878055,-0.0,-0.0026891393468957414,0.0,0.0
2022-03-26,203.94010859001378,383.68536585365854,0.0,0.013552824444694966,0.0,0.0
2022-03-27,203.94010859001378,401.98658536585367,0.0,0.04769850805093112,0.0,0.0
2022-03-28,203.94010859001378,406.64268292682925,0.0,0.011582718753507582,0.0,0.0
2022-03-29,203.94010859001378,414.8426829268293,0.0,0.020165123692820863,0.0,0.0
2022-03-30,203.94010859001378,413.00975609756097,-0.0,-0.0044183660570713545,0.0,0.0
2022-03-31,203.94010859001378,400.37560975609756,-0.0,-0.030590430746335606,0.0,0.0
2022-04-01,203.94010859001378,421.52195121951223,0.0,0.05281625790416311,0.0,0.0
2022-04-02,203.94010859001378,420.1682926829269,-0.0,-0.003211359533398128,0.0,0.0
2022-04-03,203.94010859001378,429.6073170731708,0.0,0.02246486599446218,0.0,0.0
2022-04-04,203.94010859001378,429.3487804878049,-0.0,-0.0006017974440641893,0.0,0.0
2022-04-05,203.94010859001378,415.4878048780488,-0.0,-0.032283719529860866,0.0,0.0
2022-04-06,203.94010859001378,386.4048780487805,-0.0,-0.06999706486645141,0.0,0.0
2022-04-07,203.94010859001378,393.6048780487805,0.0,0.018633305139307943,0.0,0.0
2022-04-08,203.94010859001378,389.33414634146345,-0.0,-0.010850301775954585,0.0,0.0
2022-04-09,203.94010859001378,397.4378048780488,0.0,0.020814147982484155,0.0,0.0
2022-04-10,203.94010859001378,390.61585365853665,-0.0,-0.01716482713969658,0.0,0.0
2022-04-11,203.94010859001378,363.35975609756105,-0.0,-0.06977724356472736,0.0,0.0
2022-04-12,203.94010859001378,369.2463414634147,0.0,0.016200432951284593,0.0,0.0
2022-04-13,203.94010859001378,380.3658536585366,0.0,0.030114075473442803,0.0,0.0
2022-04-14,203.94010859001378,368.509756097561,-0.0,-0.031170246873998053,0.0,0.0
2022-04-15,203.94010859001378,370.75487804878054,0.0,0.006092435584324374,0.0,0.0
2022-04-16,203.94010859001378,373.2134146341464,0.0,0.006631164499587117,0.0,0.0
2022-04-17,203.94010859001378,364.43902439024396,-0.0,-0.023510382799352914,0.0,0.0
2022-04-18,203.94010859001378,372.70609756097565,0.0,0.022684379601124238,0.0,0.0
2022-04-19,203.94010859001378,378.3243902439025,0.0,0.015074324567517117,0.0,0.0
2022-04-20,203.94010859001378,375.2512195121951,-0.0,-0.008123110248657528,0.0,0.0
2022-04-21,203.94010859001378,363.89512195121955,-0.0,-0.030262653311927568,0.0,0.0
2022-04-22,203.94010859001378,361.34756097560984,-0.0,-0.007000811008264218,0.0,0.0
2022-04-23,203.94010859001378,357.73658536585367,-0.0,-0.0099930814532323,0.0,0.0
2022-04-24,203.94010859001378,356.3365853658537,-0.0,-0.0039134940547616015,0.0,0.0
2022-04-25,203.94010859001378,366.73414634146343,0.0,0.02917904420320605,0.0,0.0
2022-04-26,203.94010859001378,342.5926829268293,-0.0,-0.06582824003564736,0.0,0.0
2022-04-27,203.94010859001378,352.4121951219513,0.0,0.028662352363255872,0.0,0.0
2022-04-28,203.94010859001378,358.0378048780488,0.0,0.015963152904373112,0.0,0.0
2022-04-29,203.94010859001378,343.52926829268296,-0.0,-0.04052235933662807,0.0,0.0
2022-04-30,203.94010859001378,332.51097560975614,-0.0,-0.03207381058879488,0.0,0.0
2022-05-01,203.94010859001378,344.4951219512196,0.0,0.036041355686040166,0.0,0.0
2022-05-02,203.94010859001378,348.3182926829269,0.0,0.011097895116926049,0.0,0.0
2022-05-03,203.94010859001378,339.06585365853664,-0.0,-0.026563172875944008,0.0,0.0
2022-05-04,203.94010859001378,358.53414634146344,0.0,0.05741743815504563,0.0,0.0
2022-05-05,203.94010859001378,335.05243902439025,-0.0,-0.0654936428138968,0.0,0.0
2022-05-06,203.94010859001378,328.25853658536585,-0.0,-0.02027713171946144,0.0,0.0
2022-05-07,203.94010859001378,321.31707317073176,-0.0,-0.021146330227512333,0.0,0.0
2022-05-08,203.94010859001378,307.20731707317077,-0.0,-0.04391225140428123,0.0,0.0
2022-05-09,203.94010859001378,271.76829268292687,-0.0,-0.11535865983883131,0.0,0.0
2022-05-10,203.94010859001378,285.42804878048787,0.0,0.050262508413731366,0.0,0.0
2022-05-11,203.94010859001378,253.1621951219512,-0.0,-0.11304373833053494,0.0,0.0
2022-05-12,203.94010859001378,238.34024390243906,-0.0,-0.05854725352010892,0.0,0.0
2022-05-13,203.94010859001378,244.5707317073171,0.0,0.026141148900679978,0.0,0.0
2022-05-14,203.94010859001378,250.4060975609756,0.0,0.023859624628517873,0.0,0.0
2022-05-15,203.94010859001378,261.3036585365854,0.0,0.04351955116810258,0.0,0.0
2022-05-16,203.94010859001378,246.41219512195124,-0.0,-0.05698911181738853,0.0,0.0
2022-05-17,203.94010859001378,254.75121951219515,0.0,0.03384176820516882,0.0,0.0
2022-05-18,203.94010859001378,233.16829268292685,-0.0,-0.08472158394607843,0.0,0.0
2022-05-19,203.94010859001378,246.04512195121953,0.0,0.055225473069801856,0.0,0.0
2022-05-20,203.94010859001378,238.60731707317075,-0.0,-0.03022943441863235,0.0,0.0
2022-05-21,203.94010859001378,240.5658536585366,0.0,0.008208200022488343,0.0,0.0
2022-05-22,203.94010859001378,248.8926829268293,0.0,0.03461351285586822,0.0,0.0
2022-05-23,203.94010859001378,240.37317073170732,-0.0,-0.03422966113321446,0.0,0.0
2022-05-24,203.94010859001378,241.23780487804882,0.0,0.0035970493034205298,0.0,0.0
2022-05-25,203.94010859001378,236.68658536585366,-0.0,-0.01886611227662216,0.0,0.0
2022-05-26,203.94010859001378,218.37195121951223,-0.0,-0.07737926557194597,0.0,0.0
2022-05-27,203.94010859001378,210.3451219512195,-0.0,-0.03675760198810496,0.0,0.0
2022-05-28,203.94010859001378,218.3207317073171,0.0,0.037916780204426015,0.0,0.0
2022-05-29,203.94010859001378,220.8658536585366,0.0,0.011657719957770762,0.0,0.0
2022-05-30,203.94010859001378,243.69512195121953,0.0,0.10336259731654796,0.0,0.0
2022-05-31,203.94010859001378,236.65731707317073,-0.0,-0.028879547615473178,0.0,0.0
2022-06-01,203.94010859001378,221.46951219512198,-0.0,-0.0641763587362606,0.0,0.0
2022-06-02,203.94010859001378,223.46951219512198,0.0,0.009030588364857817,0.0,0.0
2022-06-03,203.94010859001378,216.25000000000003,-0.0,-0.03230647493792471,0.0,0.0
2022-06-04,203.94010859001378,219.9207317073171,0.0,0.01697448188354711,0.0,0.0
2022-06-05,203.94010859001378,220.08536585365857,0.0,0.0007486067596418344,0.0,0.0
2022-06-06,203.94010859001378,226.6109756097561,0.0,0.029650357400121896,0.0,0.0
2022-06-07,203.94010859001378,220.96219512195125,-0.0,-0.024927214900361094,0.0,0.0
2022-06-08,203.94010859001378,218.38048780487807,-0.0,-0.011683932247542606,0.0,0.0
2022-06-09,203.94010859001378,217.9939024390244,-0.0,-0.0017702376697641409,0.0,0.0
2022-06-10,203.94010859001378,202.53414634146344,-0.0,-0.0709182959917205,0.0,0.0
2022-06-11,203.94010859001378,186.71829268292683,-0.0,-0.07808981322029407,0.0,0.0
2022-06-12,203.94010859001378,174.77926829268296,-0.0,-0.06394137509878572,0.0,0.0
2022-06-13,203.94010859001378,147.29512195121953,-0.0,-0.15725060878180852,0.0,0.0
2022-06-14,203.94010859001378,147.2658536585366,-0.0,-0.00019870510506536654,0.0,0.0
2022-06-15,203.94010859001378,150.78658536585368,0.0,0.023907318769771146,0.0,0.0
2022-06-16,203.94010859001378,130.1060975609756,-0.0,-0.13715071373690824,0.0,0.0
2022-06-17,203.94010859001378,132.40975609756097,0.0,0.017705999793789395,0.0,0.0
2022-06-18,203.94010859001378,121.17560975609757,-0.0,-0.08484379605069259,0.0,0.0
2022-06-19,203.94010859001378,137.4268292682927,0.0,0.13411295841552273,0.0,0.0
2022-06-20,203.94010859001378,137.41951219512194,-0.0,-5.324341112800113e-05,0.0,0.0
2022-06-21,203.94010859001378,137.1768292682927,-0.0,-0.001766000496964959,0.0,0.0
2022-06-22,203.94010859001378,127.92195121951221,-0.0,-0.06746677334755735,0.0,0.0
2022-06-23,203.94010859001378,139.51219512195124,0.0,0.09060402684563762,0.0,0.0
2022-06-24,203.94010859001378,149.32560975609758,0.0,0.07034090909090907,0.0,0.0
2022-06-25,203.94010859001378,151.38170731707316,0.0,0.013769222602431963,0.0,0.0
2022-06-26,203.94010859001378,145.99146341463418,-0.0,-0.03560696994352819,0.0,0.0
2022-06-27,203.94010859001378,145.2768292682927,-0.0,-0.00489504063886137,0.0,0.0
2022-06-28,203.94010859001378,139.34756097560978,-0.0,-0.040813585501187744,0.0,0.0
2022-06-29,203.94010859001378,134.0426829268293,-0.0,-0.03806940007876425,0.0,0.0
2022-06-30,203.94010859001378,130.49756097560976,-0.0,-0.02644770959377718,0.0,0.0
2022-07-01,203.94010859001378,128.9719512195122,-0.0,-0.011690714712918604,0.0,0.0
2022-07-02,203.94010859001378,129.95243902439023,0.0,0.0076023336516730655,0.0,0.0
2022-07-03,203.94010859001378,130.83902439024394,0.0,0.006822383423579215,0.0,0.0
2022-07-04,203.94010859001378,140.24146341463415,0.0,0.07186265006338077,0.0,0.0
2022-07-05,203.94010859001378,137.95853658536586,-0.0,-0.016278543974677873,0.0,0.0
2022-07-06,203.94010859001378,144.58658536585367,0.0,0.048043774198681,0.0,0.0
2022-07-07,203.94010859001378,150.86951219512198,0.0,0.04345442430478852,0.0,0.0
2022-07-08,203.94010859001378,147.95000000000002,-0.0,-0.019351240370858447,0.0,0.0
2022-07-09,203.94010859001378,148.3878048780488,0.0,0.0029591407776192735,0.0,0.0
2022-07-10,203.94010859001378,142.40000000000003,-0.0,-0.04035240552934782,0.0,0.0
2022-07-11,203.94010859001378,133.6048780487805,-0.0,-0.06176349684845173,0.0,0.0
2022-07-12,203.94010859001378,126.50487804878048,-0.0,-0.0531417722443317,0.0,0.0
2022-07-13,203.94010859001378,135.88536585365856,0.0,0.07415119440106444,0.0,0.0
2022-07-14,203.94010859001378,145.45121951219514,0.0,0.07039649632940259,0.0,0.0
2022-07-15,203.94010859001378,150.1341463414634,0.0,0.03219585813699988,0.0,0.0
2022-07-16,203.94010859001378,165.32926829268294,0.0,0.10121029973194706,0.0,0.0
2022-07-17,203.94010859001378,163.19512195121953,-0.0,-0.012908460573873293,0.0,0.0
2022-07-18,203.94010859001378,192.84634146341463,0.0,0.1816918248393362,0.0,0.0
2022-07-19,203.94010859001378,188.1256097560976,-0.0,-0.024479239126310448,0.0,0.0
2022-07-20,203.94010859001378,185.62439024390244,-0.0,-0.013295475908027377,0.0,0.0
2022-07-21,203.94010859001378,192.15609756097564,0.0,0.035187764433816104,0.0,0.0
2022-07-22,203.94010859001378,187.29756097560977,-0.0,-0.02528432168968331,0.0,0.0
2022-07-23,203.94010859001378,188.9207317073171,0.0,0.008666267319512588,0.0,0.0
2022-07-24,203.94010859001378,194.84390243902442,0.0,0.03135267727463442,0.0,0.0
2022-07-25,203.94010859001378,175.70121951219514,-0.0,-0.09824625090754324,0.0,0.0
2022-07-26,203.94010859001378,176.78414634146344,0.0,0.006163456533055722,0.0,0.0
2022-07-27,203.94010859001378,199.56097560975613,0.0,0.12883977290756943,0.0,0.0
2022-07-28,203.94010859001378,210.38902439024392,0.0,0.054259349792226796,0.0,0.0
2022-07-29,203.94010859001378,210.03048780487808,-0.0,-0.0017041601214938806,0.0,0.0
2022-07-30,203.94010859001378,207.07439024390246,-0.0,-0.014074611699811279,0.0,0.0
2022-07-31,203.94010859001378,204.7939024390244,-0.0,-0.011012891561298255,0.0,0.0
2022-08-01,203.94010859001378,198.88048780487807,-0.0,-0.028874954594446556,0.0,0.0
2022-08-02,203.94010859001378,198.93658536585366,0.0,0.00028206669037667,0.0,0.0
2022-08-03,203.94010859001378,197.41707317073173,-0.0,-0.007638173704085149,0.0,0.0
2022-08-04,203.94010859001378,196.11707317073174,-0.0,-0.0065850434266934155,0.0,0.0
2022-08-05,203.94010859001378,211.80365853658537,0.0,0.07998582230623819,0.0,0.0
2022-08-06,203.94010859001378,206.19634146341465,-0.0,-0.026474127557160054,0.0,0.0
2022-08-07,203.94010859001378,207.36829268292686,0.0,0.005683666408407895,0.0,0.0
2022-08-08,203.94010859001378,216.75121951219512,0.0,0.045247644699544676,0.0,0.0
2022-08-09,203.94010859001378,207.72560975609755,-0.0,-0.04164041049646672,0.0,0.0
2022-08-10,203.94010859001378,226.11219512195123,0.0,0.08851381101946165,0.0,0.0
2022-08-11,203.94010859001378,229.39512195121952,0.0,0.014519017107846421,0.0,0.0
2022-08-12,203.94010859001378,239.0134146341464,0.0,0.04192893293071931,0.0,0.0
2022-08-13,203.94010859001378,242.0426829268293,0.0,0.01267405135950117,0.0,0.0
2022-08-14,203.94010859001378,236.07926829268294,-0.0,-0.024637863710794905,0.0,0.0
2022-08-15,203.94010859001378,231.6329268292683,-0.0,-0.018834103882015563,0.0,0.0
2022-08-16,203.94010859001378,228.85000000000002,-0.0,-0.012014383565249975,0.0,0.0
2022-08-17,203.94010859001378,223.7329268292683,-0.0,-0.022359943940274074,0.0,0.0
2022-08-18,203.94010859001378,225.10975609756102,0.0,0.006153896468459319,0.0,0.0
2022-08-19,203.94010859001378,196.18536585365857,-0.0,-0.12849016739801722,0.0,0.0
2022-08-20,203.94010859001378,192.1658536585366,-0.0,-0.020488338554875973,0.0,0.0
2022-08-21,203.94010859001378,197.29756097560977,0.0,0.02670457430065487,0.0,0.0
2022-08-22,203.94010859001378,198.1439024390244,0.0,0.004289670177520577,0.0,0.0
2022-08-23,203.94010859001378,203.16219512195124,0.0,0.025326505742315986,0.0,0.0
2022-08-24,203.94010859001378,202.04146341463417,-0.0,-0.005516438265713464,0.0,0.0
2022-08-25,203.94010859001378,206.74024390243903,0.0,0.023256515808153244,0.0,0.0
2022-08-26,203.94010859001378,183.9048780487805,-0.0,-0.11045438189786883,0.0,0.0
2022-08-27,203.94010859001378,181.85609756097563,-0.0,-0.011140435803238646,0.0,0.0
2022-08-28,203.94010859001378,173.97926829268295,-0.0,-0.04331352852027193,0.0,0.0
2022-08-29,203.94010859001378,189.22560975609758,0.0,0.08763309337389513,0.0,0.0
2022-08-30,203.94010859001378,185.95243902439026,-0.0,-0.017297715335288344,0.0,0.0
2022-08-31,203.94010859001378,189.51219512195124,0.0,0.01914336868199973,0.0,0.0
2022-09-01,203.94010859001378,193.4426829268293,0.0,0.020740025740025647,0.0,0.0
2022-09-02,203.94010859001378,192.15731707317076,-0.0,-0.006644685827402075,0.0,0.0
2022-09-03,203.94010859001378,189.96341463414637,-0.0,-0.011417220392336058,0.0,0.0
2022-09-04,203.94010859001378,192.5658536585366,0.0,0.013699685433652187,0.0,0.0
2022-09-05,203.94010859001378,197.31829268292685,0.0,0.024679552132941485,0.0,0.0
2022-09-06,203.94010859001378,190.1560975609756,-0.0,-0.036297674303619853,0.0,0.0
2022-09-07,203.94010859001378,198.7707317073171,0.0,0.04530296034067005,0.0,0.0
2022-09-08,203.94010859001378,199.47926829268295,0.0,0.0035645921272209335,0.0,0.0
2022-09-09,203.94010859001378,209.659756097561,0.0,0.05103531756463475,0.0,0.0
2022-09-10,203.94010859001378,216.4256097560976,0.0,0.03227063593161983,0.0,0.0
2022-09-11,203.94010859001378,215.4817073170732,-0.0,-0.0043613250764922284,0.0,0.0
2022-09-12,203.94010859001378,209.3548780487805,-0.0,-0.02843317581142646,0.0,0.0
2022-09-13,203.94010859001378,192.0378048780488,-0.0,-0.08271635861619031,0.0,0.0
2022-09-14,203.94010859001378,199.89512195121955,0.0,0.04091547015005936,0.0,0.0
2022-09-15,203.94010859001378,179.59512195121954,-0.0,-0.10155325353539058,0.0,0.0
2022-09-16,203.94010859001378,174.84512195121954,-0.0,-0.026448379824537627,0.0,0.0
2022-09-17,203.94010859001378,179.14268292682928,0.0,0.024579244348656992,0.0,0.0
2022-09-18,203.94010859001378,162.77073170731708,-0.0,-0.09139056617902341,0.0,0.0
2022-09-19,203.94010859001378,167.82560975609758,0.0,0.031055202589307163,0.0,0.0
2022-09-20,203.94010859001378,161.3170731707317,-0.0,-0.038781545884592816,0.0,0.0
2022-09-21,203.94010859001378,151.90853658536588,-0.0,-0.05832325370426361,0.0,0.0
2022-09-22,203.94010859001378,161.759756097561,0.0,0.0648496768755269,0.0,0.0
2022-09-23,203.94010859001378,161.80731707317074,0.0,0.00029402230046060573,0.0,0.0
2022-09-24,203.94010859001378,160.64024390243904,-0.0,-0.007212734206599181,0.0,0.0
2022-09-25,203.94010859001378,157.8817073170732,-0.0,-0.01717213892579228,0.0,0.0
2022-09-26,203.94010859001378,163.00121951219512,0.0,0.03242625306071978,0.0,0.0
2022-09-27,203.94010859001378,161.94146341463417,-0.0,-0.006501522508435387,0.0,0.0
2022-09-28,203.94010859001378,163.04024390243904,0.0,0.006785047292005464,0.0,0.0
2022-09-29,203.94010859001378,162.92926829268293,-0.0,-0.0006806639091052613,0.0,0.0
2022-09-30,203.94010859001378,162.06707317073173,-0.0,-0.005291836948548623,0.0,0.0
2022-10-01,203.94010859001378,159.9707317073171,-0.0,-0.012935023891041841,0.0,0.0
2022-10-02,203.94010859001378,155.73414634146343,-0.0,-0.026483503079831716,0.0,0.0
2022-10-03,203.94010859001378,161.37926829268292,0.0,0.03624845343064309,0.0,0.0
2022-10-04,203.94010859001378,166.1048780487805,0.0,0.029282632187469293,0.0,0.0
2022-10-05,203.94010859001378,164.9365853658537,-0.0,-0.007033464017737745,0.0,0.0
2022-10-06,203.94010859001378,164.90731707317076,-0.0,-0.00017745179226313912,0.0,0.0
2022-10-07,203.94010859001378,162.33414634146345,-0.0,-0.015603738981245896,0.0,0.0
2022-10-08,203.94010859001378,160.45243902439026,-0.0,-0.011591568129573182,0.0,0.0
2022-10-09,203.94010859001378,161.39146341463416,0.0,0.0058523534821504075,0.0,0.0
2022-10-10,203.94010859001378,157.32439024390246,-0.0,-0.02520005138241377,0.0,0.0
2022-10-11,203.94010859001378,156.09024390243906,-0.0,-0.007844596375362278,0.0,0.0
2022-10-12,203.94010859001378,157.8451219512195,0.0,0.011242714502242235,0.0,0.0
2022-10-13,203.94010859001378,156.94634146341465,-0.0,-0.005694065655590053,0.0,0.0
2022-10-14,203.94010859001378,158.09268292682927,0.0,0.007304034313420749,0.0,0.0
2022-10-15,203.94010859001378,155.49878048780488,-0.0,-0.01640747940386933,0.0,0.0
2022-10-16,203.94010859001378,159.27317073170732,0.0,0.024272796430055976,0.0,0.0
2022-10-17,203.94010859001378,162.3768292682927,0.0,0.01948638632813693,0.0,0.0
2022-10-18,203.94010859001378,159.85121951219514,-0.0,-0.015554003409713912,0.0,0.0
2022-10-19,203.94010859001378,156.6780487804878,-0.0,-0.019850775873907156,0.0,0.0
2022-10-20,203.94010859001378,156.41463414634146,-0.0,-0.0016812478595225055,0.0,0.0
2022-10-21,203.94010859001378,158.5158536585366,0.0,0.013433650397629782,0.0,0.0
2022-10-22,203.94010859001378,160.22926829268295,0.0,0.010809105806143915,0.0,0.0
2022-10-23,203.94010859001378,166.34878048780487,0.0,0.03819222455627602,0.0,0.0
2022-10-24,203.94010859001378,163.86707317073171,-0.0,-0.014918698590971058,0.0,0.0
2022-10-25,203.94010859001378,178.09024390243903,0.0,0.0867970023293716,0.0,0.0
2022-10-26,203.94010859001378,191.02073170731708,0.0,0.07260637933631897,0.0,0.0
2022-10-27,203.94010859001378,184.64512195121952,-0.0,-0.033376533003057984,0.0,0.0
2022-10-28,203.94010859001378,189.61341463414635,0.0,0.026907251220204875,0.0,0.0
2022-10-29,203.94010859001378,197.57195121951221,0.0,0.04197243428542019,0.0,0.0
2022-10-30,203.94010859001378,194.01097560975612,-0.0,-0.018023690041911178,0.0,0.0
2022-10-31,203.94010859001378,191.78902439024392,-0.0,-0.011452708861077743,0.0,0.0
2022-11-01,203.94010859001378,192.46829268292686,0.0,0.0035417474740409016,0.0,0.0
2022-11-02,203.94010859001378,185.12682926829268,-0.0,-0.038143755068937635,0.0,0.0
2022-11-03,203.94010859001378,186.68414634146342,0.0,0.008412163052357036,0.0,0.0
2022-11-04,203.94010859001378,200.56219512195122,0.0,0.07433972864039307,0.0,0.0
2022-11-05,203.94010859001378,198.41463414634148,-0.0,-0.010707705778269516,0.0,0.0
2022-11-06,203.94010859001378,191.26097560975612,-0.0,-0.03605408727719739,0.0,0.0
2022-11-07,203.94010859001378,191.26097560975612,0.0,0.0,0.0,0.0
2022-11-08,203.94010859001378,162.71341463414635,-0.0,-0.14925972684494426,0.0,0.0
2022-11-09,203.94010859001378,134.13414634146343,-0.0,-0.1756417462994191,0.0,0.0
2022-11-10,203.94010859001378,157.97073170731707,0.0,0.17770706427857053,0.0,0.0
2022-11-11,203.94010859001378,156.74268292682927,-0.0,-0.007773900691699587,0.0,0.0
2022-11-12,203.94010859001378,153.0658536585366,-0.0,-0.023457741054547898,0.0,0.0
2022-11-13,203.94010859001378,148.7109756097561,-0.0,-0.028451009449145137,0.0,0.0
2022-11-14,203.94010859001378,151.40975609756097,0.0,0.018147823163281007,0.0,0.0
2022-11-15,203.94010859001378,152.65121951219513,0.0,0.008199362092850881,0.0,0.0
2022-11-16,203.94010859001378,148.19634146341465,-0.0,-0.029183376739578493,0.0,0.0
2022-11-17,203.94010859001378,146.27317073170732,-0.0,-0.012977180898774643,0.0,0.0
2022-11-18,203.94010859001378,147.67439024390245,0.0,0.009579470419529112,0.0,0.0
2022-11-19,203.94010859001378,148.30731707317074,0.0,0.004285962029183965,0.0,0.0
2022-11-20,203.94010859001378,139.0329268292683,-0.0,-0.06253494720915698,0.0,0.0
2022-11-21,203.94010859001378,134.86707317073174,-0.0,-0.02996307244292007,0.0,0.0
2022-11-22,203.94010859001378,138.80121951219513,0.0,0.02917054733206137,0.0,0.0
2022-11-23,203.94010859001378,144.3329268292683,0.0,0.03985344895753706,0.0,0.0
2022-11-24,203.94010859001378,146.68414634146342,0.0,0.016290250352758218,0.0,0.0
2022-11-25,203.94010859001378,146.1780487804878,-0.0,-0.003450253988576679,0.0,0.0
2022-11-26,203.94010859001378,146.9268292682927,0.0,0.005122386665109335,0.0,0.0
2022-11-27,203.94010859001378,145.52439024390245,-0.0,-0.009545152722443606,0.0,0.0
2022-11-28,203.94010859001378,142.34634146341466,-0.0,-0.02183859884354311,0.0,0.0
2022-11-29,203.94010859001378,148.2817073170732,0.0,0.0416966519310511,0.0,0.0
2022-11-30,203.94010859001378,157.89878048780488,0.0,0.06485677393886058,0.0,0.0
2022-12-01,203.94010859001378,155.66829268292685,-0.0,-0.014126060999250845,0.0,0.0
2022-12-02,203.94010859001378,158.0036585365854,0.0,0.015002193532213548,0.0,0.0
2022-12-03,203.94010859001378,151.33048780487806,-0.0,-0.04223427984841355,0.0,0.0
2022-12-04,203.94010859001378,156.05853658536589,0.0,0.03124320055443186,0.0,0.0
2022-12-05,203.94010859001378,153.5646341463415,-0.0,-0.015980557639409865,0.0,0.0
2022-12-06,203.94010859001378,155.02317073170732,0.0,0.009497867744574062,0.0,0.0
2022-12-07,203.94010859001378,150.19024390243902,-0.0,-0.031175512708564446,0.0,0.0
2022-12-08,203.94010859001378,156.1378048780488,0.0,0.03960018188313996,0.0,0.0
2022-12-09,203.94010859001378,154.01829268292684,-0.0,-0.013574625291916886,0.0,0.0
2022-12-10,203.94010859001378,154.44512195121953,0.0,0.002771289441387159,0.0,0.0
2022-12-11,203.94010859001378,154.01463414634148,-0.0,-0.0027873188834932616,0.0,0.0
2022-12-12,203.94010859001378,155.57560975609758,0.0,0.01013524213726913,0.0,0.0
2022-12-13,203.94010859001378,161.03292682926832,0.0,0.035078230332674876,0.0,0.0
2022-12-14,203.94010859001378,159.44756097560978,-0.0,-0.00984497943913909,0.0,0.0
2022-12-15,203.94010859001378,154.4487804878049,-0.0,-0.03135062372368014,0.0,0.0
2022-12-16,203.94010859001378,142.3146341463415,-0.0,-0.07856420946244713,0.0,0.0
2022-12-17,203.94010859001378,144.76341463414636,0.0,0.017206807314606776,0.0,0.0
2022-12-18,203.94010859001378,144.30731707317074,-0.0,-0.003150641079642136,0.0,0.0
2022-12-19,203.94010859001378,142.39024390243904,-0.0,-0.013284656728526523,0.0,0.0
2022-12-20,203.94010859001378,148.3768292682927,0.0,0.04204350805070245,0.0,0.0
2022-12-21,203.94010859001378,148.01219512195124,-0.0,-0.002457487116685475,0.0,0.0
2022-12-22,203.94010859001378,148.47560975609758,0.0,0.0031309219741286753,0.0,0.0
2022-12-23,203.94010859001378,148.77073170731708,0.0,0.0019876796714579648,0.0,0.0
2022-12-24,203.94010859001378,148.84268292682927,0.0,0.0004836382713619969,0.0,0.0
2022-12-25,203.94010859001378,148.58170731707318,-0.0,-0.0017533653964326712,0.0,0.0
2022-12-26,203.94010859001378,149.7048780487805,0.0,0.007559280021668391,0.0,0.0
2022-12-27,203.94010859001378,147.68170731707318,-0.0,-0.0135143941739031,0.0,0.0
2022-12-28,203.94010859001378,145.02926829268293,-0.0,-0.017960511647495014,0.0,0.0
2022-12-29,203.94010859001378,146.30975609756098,0.0,0.008829168208267513,0.0,0.0
2022-12-30,203.94010859001378,146.23170731707316,-0.0,-0.000533448913931478,0.0,0.0
2022-12-31,203.94010859001378,145.76219512195124,-0.0,-0.003210741389375271,0.0,0.0
2023-01-01,203.94010859001378,146.33170731707318,0.0,0.003907132399079805,0.0,0.0
2023-01-02,203.94010859001378,148.01097560975612,0.0,0.01147576505100334,0.0,0.0
2023-01-03,203.94010859001378,148.07439024390246,0.0,0.00042844548443166097,0.0,0.0
2023-01-04,203.94010859001378,153.21219512195123,0.0,0.03469745760618004,0.0,0.0
2023-01-05,203.94010859001378,152.54634146341465,-0.0,-0.004345957304551118,0.0,0.0
2023-01-06,203.94010859001378,154.73658536585367,0.0,0.014357892044000842,0.0,0.0
2023-01-07,203.94010859001378,154.13902439024392,-0.0,-0.0038617950253774236,0.0,0.0
2023-01-08,203.94010859001378,157.30731707317076,0.0,0.020554773169612517,0.0,0.0
2023-01-09,203.94010859001378,160.97804878048782,0.0,0.023334780451500725,0.0,0.0
2023-01-10,203.94010859001378,162.87317073170732,0.0,0.011772548900774282,0.0,0.0
2023-01-11,203.94010859001378,169.41951219512197,0.0,0.04019287789391712,0.0,0.0
2023-01-12,203.94010859001378,172.6890243902439,0.0,0.019298321384354056,0.0,0.0
2023-01-13,203.94010859001378,177.04634146341465,0.0,0.025232159881360072,0.0,0.0
2023-01-14,203.94010859001378,189.03170731707317,0.0,0.06769620741434657,0.0,0.0
2023-01-15,203.94010859001378,189.3768292682927,0.0,0.0018257357779700722,0.0,0.0
2023-01-16,203.94010859001378,192.2987804878049,0.0,0.01542929634423551,0.0,0.0
2023-01-17,203.94010859001378,190.9365853658537,-0.0,-0.007083742905158896,0.0,0.0
2023-01-18,203.94010859001378,184.24756097560976,-0.0,-0.03503270144601711,0.0,0.0
2023-01-19,203.94010859001378,189.1439024390244,0.0,0.026574796634962317,0.0,0.0
2023-01-20,203.94010859001378,202.22560975609758,0.0,0.06916272292357095,0.0,0.0
2023-01-21,203.94010859001378,198.39024390243904,-0.0,-0.018965777174732468,0.0,0.0
2023-01-22,203.94010859001378,198.52195121951223,0.0,0.0006638800098353048,0.0,0.0
2023-01-23,203.94010859001378,198.359756097561,-0.0,-0.0008170135390815902,0.0,0.0
2023-01-24,203.94010859001378,189.76707317073172,-0.0,-0.04331868064307898,0.0,0.0
2023-01-25,203.94010859001378,196.65121951219513,0.0,0.03627682203471516,0.0,0.0
2023-01-26,203.94010859001378,195.2560975609756,-0.0,-0.007094397658352736,0.0,0.0
2023-01-27,203.94010859001378,194.90000000000003,-0.0,-0.001823746174504981,0.0,0.0
2023-01-28,203.94010859001378,191.7439024390244,-0.0,-0.016193420015267468,0.0,0.0
2023-01-29,203.94010859001378,200.59634146341466,0.0,0.04616803409018644,0.0,0.0
2023-01-30,203.94010859001378,191.0036585365854,-0.0,-0.04782082692459688,0.0,0.0
2023-01-31,203.94010859001378,193.34024390243906,0.0,0.012233196912331046,0.0,0.0
2023-02-01,203.94010859001378,200.25,0.0,0.035738840285355566,0.0,0.0
2023-02-02,203.94010859001378,200.38902439024392,0.0,0.0006942541335526187,0.0,0.0
2023-02-03,203.94010859001378,202.88902439024392,0.0,0.012475733177538917,0.0,0.0
2023-02-04,203.94010859001378,203.2719512195122,0.0,0.0018873708443278847,0.0,0.0
2023-02-05,203.94010859001378,198.70365853658538,-0.0,-0.022473797567838405,0.0,0.0
2023-02-06,203.94010859001378,196.89024390243904,-0.0,-0.009126226701117512,0.0,0.0
2023-02-07,203.94010859001378,203.8146341463415,0.0,0.03516878290492409,0.0,0.0
2023-02-08,203.94010859001378,201.29878048780492,-0.0,-0.012343832272270316,0.0,0.0
2023-02-09,203.94010859001378,188.48048780487807,-0.0,-0.06367794505194935,0.0,0.0
2023-02-10,203.94010859001378,184.51707317073172,-0.0,-0.02102824902623035,0.0,0.0
2023-02-11,203.94010859001378,187.66585365853658,0.0,0.017064981758578623,0.0,0.0
2023-02-12,203.94010859001378,184.78658536585368,-0.0,-0.015342526285691993,0.0,0.0
2023-02-13,203.94010859001378,183.6939024390244,-0.0,-0.005913215640983349,0.0,0.0
2023-02-14,203.94010859001378,189.83780487804881,0.0,0.0334464147010205,0.0,0.0
2023-02-15,203.94010859001378,204.2536585365854,0.0,0.07593773889135136,0.0,0.0
2023-02-16,199.42875194162102,199.73536585365855,-0.02212098777225846,-0.02212098777225846,1.0,1.0
2023-02-17,206.3132891858889,206.63048780487804,0.03452128731309112,0.03452128731309112,1.0,0.0
2023-02-18,206.00279095502785,206.31951219512197,-0.0015049841534021668,-0.0015049841534021668,1.0,0.0
2023-02-19,204.59154605476144,204.90609756097564,-0.006850610585050321,-0.006850610585050321,1.0,0.0
2023-02-20,207.44082393795685,207.759756097561,0.01392666480184257,0.01392666480184257,1.0,0.0
2023-02-21,202.09903672702595,202.409756097561,-0.025750896614875396,-0.025750896614875396,1.0,0.0
2023-02-22,200.05218368358516,200.359756097561,-0.010127970308960288,-0.010127970308960288,1.0,0.0
2023-02-23,200.9861136564103,201.29512195121953,0.004668431784290439,0.004668431784290439,1.0,0.0
2023-02-24,195.74417293540338,196.04512195121953,-0.026081108916649498,-0.026081108916649498,1.0,0.0
2023-02-25,194.15393493734646,194.45243902439026,-0.008124063026804351,-0.008124063026804351,1.0,0.0
2023-02-26,199.8646671049475,200.1719512195122,0.02941342481389264,0.02941342481389264,1.0,0.0
2023-02-27,198.8722904063132,199.1780487804878,-0.0049652432969216065,-0.0049652432969216065,1.0,0.0
2023-02-28,195.47994502914125,195.78048780487808,-0.017057908722432402,-0.017057908722432402,1.0,0.0
2023-03-01,202.76143295286283,203.07317073170734,0.0372492836676217,0.0372492836676217,1.0,0.0
2023-03-02,200.6512626231288,200.95975609756098,-0.010407158299303498,-0.010407158299303498,1.0,0.0
2023-03-03,191.11348755515033,191.40731707317073,-0.0475340894609404,-0.0475340894609404,1.0,0.0
2023-03-04,191.11348755515033,191.06341463414637,-0.0,-0.0017967047670017777,0.0,1.0
2023-03-05,191.11348755515033,190.83048780487806,-0.0,-0.0012191074346405983,0.0,0.0
2023-03-06,191.11348755515033,190.95731707317074,0.0,0.0006646174295921181,0.0,0.0
2023-03-07,191.11348755515033,190.44756097560978,-0.0,-0.0026694766420792826,0.0,0.0
2023-03-08,191.11348755515033,186.85000000000002,-0.0,-0.01889003438626602,0.0,0.0
2023-03-09,191.11348755515033,175.2939024390244,-0.0,-0.061846922991574016,0.0,0.0
2023-03-10,191.11348755515033,174.65243902439028,-0.0,-0.0036593595425105097,0.0,0.0
2023-03-11,191.11348755515033,180.9365853658537,0.0,0.03598086792584576,0.0,0.0
2023-03-12,191.11348755515033,194.18414634146342,0.0,0.07321659657068902,0.0,0.0
2023-03-13,191.11348755515033,205.11341463414638,0.0,0.05628301021785975,0.0,0.0
2023-03-14,193.72919242010877,207.9207317073171,0.013686657589792706,0.013686657589792706,1.0,1.0
2023-03-15,188.25802868215268,202.0487804878049,-0.028241297398750698,-0.028241297398750698,1.0,0.0
2023-03-16,190.58057461784995,204.54146341463417,0.012337035248672246,0.012337035248672246,1.0,0.0
2023-03-17,203.80908723203163,218.73902439024394,0.0694116524766879,0.0694116524766879,1.0,0.0
2023-03-18,200.40253502301974,215.08292682926833,-0.01671442748346952,-0.01671442748346952,1.0,0.0
2023-03-19,202.98415164038968,217.85365853658539,0.012882155493060043,0.012882155493060043,1.0,0.0
2023-03-20,197.6459320680288,212.12439024390247,-0.026298701298701266,-0.026298701298701266,1.0,0.0
2023-03-21,205.351012297952,220.3939024390244,0.038984259120856235,0.038984259120856235,1.0,0.0
2023-03-22,197.61866146995797,212.09512195121954,-0.03765431074074688,-0.03765431074074688,1.0,0.0
2023-03-23,206.51683036547905,221.64512195121952,0.045026966731448015,0.045026966731448015,1.0,0.0
2023-03-24,199.0674119924697,213.65000000000003,-0.0360717252914734,-0.0360717252914734,1.0,0.0
2023-03-25,198.143620482821,212.65853658536588,-0.004640596370859673,-0.004640596370859673,1.0,0.0
2023-03-26,201.78651787511328,216.56829268292682,0.018385135910081507,0.018385135910081507,1.0,0.0
2023-03-27,195.03249975290956,209.31951219512197,-0.03347110695662936,-0.03347110695662936,1.0,0.0
2023-03-28,201.54108249247602,216.30487804878052,0.03337178546043518,0.03337178546043518,1.0,0.0
2023-03-29,203.78068035904124,218.7085365853659,0.011112363984890461,0.011112363984890461,1.0,0.0
2023-03-30,203.8113597818709,218.74146341463418,0.00015055118461471118,0.00015055118461471118,1.0,0.0
2023-03-31,207.030426629146,222.19634146341465,0.015794344587663378,0.015794344587663378,1.0,0.0
2023-04-01,206.9986109313967,222.16219512195124,-0.00015367643426766886,-0.00015367643426766886,1.0,0.0
2023-04-02,204.00339024328616,218.94756097560978,-0.01446976225895169,-0.01446976225895169,1.0,0.0
2023-04-03,205.77029774329068,220.84390243902442,0.00866116733598088,0.00866116733598088,1.0,0.0
2023-04-04,212.6379433574561,228.21463414634147,0.03337530095200214,0.03337530095200214,1.0,0.0
2023-04-05,216.90351940569852,232.7926829268293,0.02006027701778401,0.02006027701778401,1.0,0.0
2023-04-06,212.8572444169422,228.45000000000002,-0.01865472261511869,-0.01865472261511869,1.0,0.0
2023-04-07,211.9175450584189,227.44146341463417,-0.004414692866560932,-0.004414692866560932,1.0,0.0
2023-04-08,210.2176777786718,225.61707317073171,-0.008021361701215035,-0.008021361701215035,1.0,0.0
2023-04-09,211.32895465005728,226.80975609756098,0.005286315038431244,0.005286315038431244,1.0,0.0
2023-04-10,217.16827146196934,233.0768292682927,0.027631409153475728,0.027631409153475728,1.0,0.0
2023-04-11,214.96276184299265,230.70975609756098,-0.010155763565871223,-0.010155763565871223,1.0,0.0
2023-04-12,218.04093060023527,234.01341463414636,0.014319544142677554,0.014319544142677554,1.0,0.0
2023-04-13,228.84349626103455,245.60731707317075,0.049543751400534575,0.049543751400534575,1.0,0.0
2023-04-14,238.82794397970952,256.3231707317073,0.043630026117438936,0.043630026117438936,1.0,0.0
2023-04-15,237.75984555526946,255.1768292682927,-0.004472250636344266,-0.004472250636344266,1.0,0.0
2023-04-16,240.8982368832518,258.5451219512195,0.013199837511051804,0.013199837511051804,1.0,0.0
2023-04-17,235.84863114047363,253.1256097560976,-0.0209615720235653,-0.0209615720235653,1.0,0.0
2023-04-18,239.14155585752383,256.659756097561,0.013962025987290572,0.013962025987290572,1.0,0.0
2023-04-19,219.8464714475067,235.95121951219514,-0.08068478245375632,-0.08068478245375632,1.0,0.0
2023-04-20,220.7963972803066,236.9707317073171,0.0043208600372133255,0.0043208600372133255,1.0,0.0
2023-04-21,210.0017855439446,225.38536585365856,-0.04888943782292765,-0.04888943782292765,1.0,0.0
2023-04-22,212.9924611323767,228.59512195121954,0.014241191238853812,0.014241191238853812,1.0,0.0
2023-04-23,211.56302728349846,227.06097560975613,-0.006711194571294432,-0.006711194571294432,1.0,0.0
2023-04-24,209.321156867094,224.65487804878052,-0.010596702293356297,-0.010596702293356297,1.0,0.0
2023-04-25,212.0550343236926,227.58902439024394,0.01306068386739545,0.01306068386739545,1.0,0.0
2023-04-26,212.11184806967347,227.65000000000003,0.00026791981695728495,0.00026791981695728495,1.0,0.0
2023-04-27,212.11184806967347,232.79512195121953,0.0,0.02260101889400179,0.0,1.0
2023-04-28,212.11184806967347,230.79756097560977,-0.0,-0.00858076818305642,0.0,0.0
2023-04-29,212.11184806967347,232.8,0.0,0.008676170648969084,0.0,0.0
2023-04-30,212.11184806967347,228.14146341463416,-0.0,-0.020010895985248522,0.0,0.0
2023-05-01,212.11184806967347,223.3426829268293,-0.0,-0.021034232076802994,0.0,0.0
2023-05-02,212.11184806967347,228.20243902439026,0.0,0.02175919100583701,0.0,0.0
2023-05-03,212.11184806967347,232.4256097560976,0.0,0.018506247127603848,0.0,0.0
2023-05-04,212.11184806967347,229.02560975609757,-0.0,-0.014628336367786265,0.0,0.0
2023-05-05,212.11184806967347,243.38536585365856,0.0,0.06269934664884635,0.0,0.0
2023-05-06,201.94711025080568,231.7219512195122,-0.04792159377881111,-0.04792159377881111,1.0,1.0
2023-05-07,199.09345894971202,228.44756097560978,-0.014130686482958899,-0.014130686482958899,1.0,0.0
2023-05-08,199.09345894971202,225.50121951219512,-0.0,-0.012897233180481193,0.0,1.0
2023-05-09,199.09345894971202,225.32926829268294,-0.0,-0.0007625290004379393,0.0,0.0
2023-05-10,199.09345894971202,224.69146341463417,-0.0,-0.002830546084321095,0.0,0.0
2023-05-11,199.09345894971202,218.9317073170732,-0.0,-0.025634067311815167,0.0,0.0
2023-05-12,199.09345894971202,220.53048780487805,0.0,0.007302644771729705,0.0,0.0
2023-05-13,199.09345894971202,219.02317073170732,-0.0,-0.006834960046451122,0.0,0.0
2023-05-14,199.09345894971202,219.5158536585366,0.0,0.002249455731936134,0.0,0.0
2023-05-15,199.09345894971202,221.55975609756098,0.0,0.009310955928512277,0.0,0.0
2023-05-16,199.09345894971202,222.51707317073175,0.0,0.00432080757820108,0.0,0.0
2023-05-17,199.09345894971202,222.2548780487805,-0.0,-0.001178314626446908,0.0,0.0
2023-05-18,199.09345894971202,219.58658536585367,-0.0,-0.01200555284253968,0.0,0.0
2023-05-19,199.09345894971202,221.07804878048782,0.0,0.0067921426627644,0.0,0.0
2023-05-20,199.09345894971202,221.94634146341465,0.0,0.003927539109904954,0.0,0.0
2023-05-21,199.09345894971202,220.15609756097564,-0.0,-0.00806611134310653,0.0,0.0
2023-05-22,199.09345894971202,221.6780487804878,0.0,0.0069130550385536615,0.0,0.0
2023-05-23,199.09345894971202,226.1475609756098,0.0,0.020162177625209,0.0,0.0
2023-05-24,199.09345894971202,219.4817073170732,-0.0,-0.02947568229248121,0.0,0.0
2023-05-25,199.09345894971202,220.22317073170734,0.0,0.0033782469787471125,0.0,0.0
2023-05-26,199.09345894971202,222.97926829268295,0.0,0.012515020793762544,0.0,0.0
2023-05-27,199.09345894971202,223.25243902439027,0.0,0.0012250947534222512,0.0,0.0
2023-05-28,199.09345894971202,232.83536585365854,0.0,0.04292417530193848,0.0,0.0
2023-05-29,199.09345894971202,230.87804878048783,-0.0,-0.008406442320282759,0.0,0.0
2023-05-30,199.92529354737323,231.84268292682927,0.0041781111345868815,0.0041781111345868815,1.0,1.0
2023-05-31,197.07854733262113,228.54146341463417,-0.014239049818264071,-0.014239049818264071,1.0,0.0
2023-06-01,197.07854733262113,227.1256097560976,-0.0,-0.006195171928027099,0.0,1.0
2023-06-02,197.07854733262113,232.61097560975614,0.0,0.024151243268203393,0.0,0.0
2023-06-03,195.55040618045695,230.80731707317074,-0.0077539700431475955,-0.0077539700431475955,1.0,1.0
2023-06-04,195.3034651829132,230.5158536585366,-0.0012627997167946603,-0.0012627997167946603,1.0,0.0
2023-06-05,187.13891387500155,220.87926829268295,-0.041804436497145825,-0.041804436497145825,1.0,0.0
2023-06-06,187.13891387500155,229.87195121951223,0.0,0.04071311443730985,0.0,1.0
2023-06-07,187.13891387500155,223.47439024390246,-0.0,-0.027830976948990727,0.0,0.0
2023-06-08,187.13891387500155,225.1207317073171,0.0,0.007367025195226251,0.0,0.0
2023-06-09,187.13891387500155,224.44634146341465,-0.0,-0.0029956825334914727,0.0,0.0
2023-06-10,187.13891387500155,213.69756097560978,-0.0,-0.04789020136270283,0.0,0.0
2023-06-11,187.13891387500155,213.7926829268293,0.0,0.0004451241782321702,0.0,0.0
2023-06-12,187.13891387500155,212.519512195122,-0.0,-0.00595516513604466,0.0,0.0
2023-06-13,187.13891387500155,212.13902439024392,-0.0,-0.001790366451287162,0.0,0.0
2023-06-14,187.13891387500155,201.32195121951221,-0.0,-0.050990491739195454,0.0,0.0
2023-06-15,187.13891387500155,203.0829268292683,0.0,0.00874706210171805,0.0,0.0
2023-06-16,187.13891387500155,209.3658536585366,0.0,0.030937740199846298,0.0,0.0
2023-06-17,187.13891387500155,210.62073170731708,0.0,0.005993709226467914,0.0,0.0
2023-06-18,187.13891387500155,209.80853658536589,-0.0,-0.0038561974187795167,0.0,0.0
2023-06-19,187.13891387500155,211.7780487804878,0.0,0.009387188086699139,0.0,0.0
2023-06-20,187.13891387500155,218.64146341463416,0.0,0.03240852710499942,0.0,0.0
2023-06-21,187.13891387500155,230.43536585365854,0.0,0.053941746706379856,0.0,0.0
2023-06-22,185.41169410649337,228.30853658536589,-0.009229613086575217,-0.009229613086575217,1.0,1.0
2023-06-23,187.5439786028226,230.93414634146345,0.011500269746224978,0.011500269746224978,1.0,0.0
2023-06-24,185.7820955935473,228.76463414634148,-0.00939450587750712,-0.00939450587750712,1.0,0.0
2023-06-25,188.14513823555453,231.67439024390245,0.012719431517109525,0.012719431517109525,1.0,0.0
2023-06-26,184.1301445764191,226.73048780487807,-0.021339874613760856,-0.021339874613760856,1.0,0.0
2023-06-27,187.16367333269235,230.4658536585366,0.016474916495893277,0.016474916495893277,1.0,0.0
2023-06-28,180.97876080153773,222.85,-0.03304547523044521,-0.03304547523044521,1.0,0.0
2023-06-29,183.42895673461643,225.86707317073171,0.013538582771961849,0.013538582771961849,1.0,0.0
2023-06-30,191.4965784285773,235.80121951219513,0.0439822688717193,0.0439822688717193,1.0,0.0
2023-07-01,190.5626516844814,234.65121951219515,-0.004876989196150094,-0.004876989196150094,1.0,0.0
2023-07-02,191.86202802409306,236.25121951219515,0.006818630660970548,0.006818630660970548,1.0,0.0
2023-07-03,193.69422789321015,238.50731707317075,0.009549570011253117,0.009549570011253117,1.0,0.0
2023-07-04,191.77883624625213,236.1487804878049,-0.009888738904568983,-0.009888738904568983,1.0,0.0
2023-07-05,189.17612205379828,232.9439024390244,-0.013571435948812716,-0.013571435948812716,1.0,0.0
2023-07-06,182.80402802250143,225.09756097560978,-0.033683394934402755,-0.033683394934402755,1.0,0.0
2023-07-07,185.29284870957775,228.16219512195124,0.013614692816123153,0.013614692816123153,1.0,0.0
2023-07-08,184.76101555837997,227.50731707317075,-0.0028702303132667195,-0.0028702303132667195,1.0,0.0
2023-07-09,184.5084690899341,227.19634146341465,-0.0013668817942065203,-0.0013668817942065203,1.0,0.0
2023-07-10,186.252525289672,229.3439024390244,0.009452445236472151,0.009452445236472151,1.0,0.0
2023-07-11,186.05841114137638,229.1048780487805,-0.0010422094841061602,-0.0010422094841061602,1.0,0.0
2023-07-12,185.36415594772717,228.25000000000003,-0.0037313830070369036,-0.0037313830070369036,1.0,0.0
2023-07-13,198.6649366192094,244.62804878048783,0.0717548686987417,0.0717548686987417,1.0,0.0
2023-07-14,192.02544044485222,236.4524390243903,-0.033420573792965924,-0.033420573792965924,1.0,0.0
2023-07-15,191.33118525120298,235.59756097560978,-0.003615433413619029,-0.003615433413619029,1.0,0.0
2023-07-16,190.4873829331015,234.55853658536589,-0.004410166157668649,-0.004410166157668649,1.0,0.0
2023-07-17,189.2989289639445,233.09512195121954,-0.006239016730963165,-0.006239016730963165,1.0,0.0
2023-07-18,187.94607219572075,231.42926829268296,-0.007146668898910802,-0.007146668898910802,1.0,0.0
2023-07-19,187.0557220971606,230.3329268292683,-0.0047372636637649235,-0.0047372636637649235,1.0,0.0
2023-07-20,187.35184521114223,230.69756097560978,0.0015830743409592785,0.0015830743409592785,1.0,0.0
2023-07-21,187.37165277729486,230.72195121951222,0.00010572389148499894,0.00010572389148499894,1.0,0.0
2023-07-22,184.87292830714222,227.64512195121955,-0.013335659013066103,-0.013335659013066103,1.0,0.0
2023-07-23,187.04779907069954,230.32317073170734,0.011764138662552437,0.011764138662552437,1.0,0.0
2023-07-24,183.18928518416976,225.57195121951221,-0.020628491250364034,-0.020628491250364034,1.0,0.0
2023-07-25,183.18928518416976,226.49756097560976,0.0,0.004103390297833576,0.0,1.0
2023-07-26,183.18928518416976,228.28292682926832,0.0,0.007882494831150888,0.0,0.0
2023-07-27,183.18928518416976,226.9365853658537,-0.0,-0.005897687935381812,0.0,0.0
2023-07-28,183.18928518416976,228.5426829268293,0.0,0.007077296762821872,0.0,0.0
2023-07-29,183.18928518416976,229.3548780487805,0.0,0.0035538005923001492,0.0,0.0
2023-07-30,183.18928518416976,227.03048780487808,-0.0,-0.010134470492526693,0.0,0.0
2023-07-31,183.18928518416976,226.34146341463418,-0.0,-0.0030349421212365613,0.0,0.0
2023-08-01,183.18928518416976,228.40121951219515,0.0,0.009100215517241494,0.0,0.0
2023-08-02,179.86664476337288,224.25853658536587,-0.01813774434163251,-0.01813774434163251,1.0,1.0
2023-08-03,179.86664476337288,223.70000000000002,-0.0,-0.002490592304178585,0.0,1.0
2023-08-04,179.86664476337288,222.84146341463415,-0.0,-0.0038378926480369113,0.0,0.0
2023-08-05,179.86664476337288,223.73902439024394,0.0,0.00402780058009089,0.0,0.0
2023-08-06,179.86664476337288,222.8658536585366,-0.0,-0.003902630460139833,0.0,0.0
2023-08-07,179.86664476337288,222.7926829268293,-0.0,-0.00032831737346095125,0.0,0.0
2023-08-08,179.86664476337288,226.30609756097564,0.0,0.01576988340905361,0.0,0.0
2023-08-09,179.86664476337288,226.10853658536587,-0.0,-0.0008729812309036244,0.0,0.0
2023-08-10,179.86664476337288,225.65609756097564,-0.0,-0.0020009816136217218,0.0,0.0
2023-08-11,179.86664476337288,225.2146341463415,-0.0,-0.0019563549108831957,0.0,0.0
2023-08-12,179.86664476337288,225.49878048780488,0.0,0.0012616690853168855,0.0,0.0
2023-08-13,179.86664476337288,224.2658536585366,-0.0,-0.005467554310498612,0.0,0.0
2023-08-14,179.86664476337288,224.87926829268295,0.0,0.002735211910950719,0.0,0.0
2023-08-15,179.86664476337288,222.82804878048782,-0.0,-0.009121425588798249,0.0,0.0
2023-08-16,179.86664476337288,220.18414634146345,-0.0,-0.011865213798236685,0.0,0.0
2023-08-17,179.86664476337288,205.05121951219516,-0.0,-0.06872850330377567,0.0,0.0
2023-08-18,179.86664476337288,202.60975609756102,-0.0,-0.01190660275243538,0.0,0.0
2023-08-19,179.86664476337288,203.61585365853662,0.0,0.004965691585409937,0.0,0.0
2023-08-20,179.86664476337288,205.53536585365856,0.0,0.009427125445452544,0.0,0.0
2023-08-21,179.86664476337288,203.31707317073173,-0.0,-0.010792754199324794,0.0,0.0
2023-08-22,179.86664476337288,199.30853658536586,-0.0,-0.019715690978886813,0.0,0.0
2023-08-23,179.86664476337288,204.78292682926832,0.0,0.027466913046936714,0.0,0.0
2023-08-24,179.86664476337288,202.4829268292683,-0.0,-0.011231405057109956,0.0,0.0
2023-08-25,179.86664476337288,201.5548780487805,-0.0,-0.00458334337131705,0.0,0.0
2023-08-26,179.86664476337288,200.76219512195124,-0.0,-0.003932839207381633,0.0,0.0
2023-08-27,179.86664476337288,202.13536585365856,0.0,0.0068397873955960975,0.0,0.0
2023-08-28,179.86664476337288,201.45609756097562,-0.0,-0.003360462380317397,0.0,0.0
2023-08-29,179.86664476337288,210.89512195121952,0.0,0.04685400196133016,0.0,0.0
2023-08-30,179.86664476337288,207.98414634146343,-0.0,-0.013802953728011769,0.0,0.0
2023-08-31,179.86664476337288,200.68048780487806,-0.0,-0.035116419520718645,0.0,0.0
2023-09-01,179.86664476337288,198.5926829268293,-0.0,-0.010403626684816203,0.0,0.0
2023-09-02,179.86664476337288,199.61341463414635,0.0,0.005139825356471617,0.0,0.0
2023-09-03,179.86664476337288,199.47317073170734,-0.0,-0.0007025775431779291,0.0,0.0
2023-09-04,179.86664476337288,198.75000000000003,-0.0,-0.0036254035019075426,0.0,0.0
2023-09-05,179.86664476337288,199.25,0.0,0.002515723270440251,0.0,0.0
2023-09-06,179.86664476337288,199.0341463414634,-0.0,-0.0010833307831196182,0.0,0.0
2023-09-07,179.86664476337288,200.90731707317076,0.0,0.009411303367482082,0.0,0.0
2023-09-08,179.86664476337288,199.5048780487805,-0.0,-0.006980527363667277,0.0,0.0
2023-09-09,179.86664476337288,199.40731707317076,-0.0,-0.0004890154895655918,0.0,0.0
2023-09-10,179.86664476337288,197.15243902439028,-0.0,-0.011307900240957958,0.0,0.0
2023-09-11,179.86664476337288,189.19024390243902,-0.0,-0.040385983360653355,0.0,0.0
2023-09-12,179.86664476337288,194.2768292682927,0.0,0.026886087046204654,0.0,0.0
2023-09-13,179.86664476337288,196.1048780487805,0.0,0.009409504918176825,0.0,0.0
2023-09-14,179.86664476337288,198.4365853658537,0.0,0.011890103603099389,0.0,0.0
2023-09-15,179.86664476337288,200.18170731707318,0.0,0.008794355879496951,0.0,0.0
2023-09-16,179.86664476337288,199.37439024390244,-0.0,-0.004032921309298332,0.0,0.0
2023-09-17,179.86664476337288,197.9060975609756,-0.0,-0.0073644999296580416,0.0,0.0
2023-09-18,179.86664476337288,199.6268292682927,0.0,0.00869468767523407,0.0,0.0
2023-09-19,179.86664476337288,200.41707317073173,0.0,0.003958605691106509,0.0,0.0
2023-09-20,179.86664476337288,197.8378048780488,-0.0,-0.012869503839554208,0.0,0.0
2023-09-21,179.86664476337288,193.15365853658537,-0.0,-0.023676699932810297,0.0,0.0
2023-09-22,179.86664476337288,194.2719512195122,0.0,0.005789653125907623,0.0,0.0
2023-09-23,179.86664476337288,194.3719512195122,0.0,0.0005147423463462975,0.0,0.0
2023-09-24,179.86664476337288,192.76097560975612,-0.0,-0.008288107412868118,0.0,0.0
2023-09-25,179.86664476337288,193.62804878048783,0.0,0.004498177953234039,0.0,0.0
2023-09-26,179.86664476337288,194.26829268292684,0.0,0.003306565895134561,0.0,0.0
2023-09-27,179.86664476337288,194.83536585365857,0.0,0.0029190207156308823,0.0,0.0
2023-09-28,179.86664476337288,201.57804878048782,0.0,0.03460707914749794,0.0,0.0
2023-09-29,179.86664476337288,203.31829268292685,0.0,0.008633102229965939,0.0,0.0
2023-09-30,179.86664476337288,203.76097560975612,0.0,0.0021772902033936337,0.0,0.0
2023-10-01,179.86664476337288,211.39024390243907,0.0,0.037442244619472875,0.0,0.0
2023-10-02,179.86664476337288,202.75853658536585,-0.0,-0.04083304488288919,0.0,0.0
2023-10-03,179.86664476337288,202.06219512195125,-0.0,-0.003434338574057727,0.0,0.0
2023-10-04,179.86664476337288,200.80243902439025,-0.0,-0.006234496743939166,0.0,0.0
2023-10-05,179.86664476337288,196.54024390243904,-0.0,-0.021225813504354374,0.0,0.0
2023-10-06,179.86664476337288,200.72560975609758,0.0,0.021295210439120638,0.0,0.0
2023-10-07,179.86664476337288,199.34756097560978,-0.0,-0.006865336128071942,0.0,0.0
2023-10-08,179.86664476337288,199.24146341463415,-0.0,-0.0005322240234912901,0.0,0.0
2023-10-09,179.86664476337288,192.6987804878049,-0.0,-0.0328379585990769,0.0,0.0
2023-10-10,179.86664476337288,191.17439024390248,-0.0,-0.00791074152126725,0.0,0.0
2023-10-11,179.86664476337288,191.0317073170732,-0.0,-0.0007463495850423829,0.0,0.0
2023-10-12,179.86664476337288,187.71341463414635,-0.0,-0.017370376517753416,0.0,0.0
2023-10-13,179.86664476337288,189.27317073170732,0.0,0.008309241513724253,0.0,0.0
2023-10-14,179.86664476337288,189.61829268292684,0.0,0.0018234066132316595,0.0,0.0
2023-10-15,179.86664476337288,190.00121951219515,0.0,0.002019461434074943,0.0,0.0
2023-10-16,179.86664476337288,195.12439024390244,0.0,0.026963883415382472,0.0,0.0
2023-10-17,179.86664476337288,190.8829268292683,-0.0,-0.021737228284646415,0.0,0.0
2023-10-18,179.86664476337288,190.69146341463417,-0.0,-0.001003041067184518,0.0,0.0
2023-10-19,179.86664476337288,191.15609756097564,0.0,0.0024365754922712757,0.0,0.0
2023-10-20,179.86664476337288,195.7268292682927,0.0,0.023910990889835837,0.0,0.0
2023-10-21,179.86664476337288,198.70487804878053,0.0,0.015215332469345144,0.0,0.0
2023-10-22,179.86664476337288,202.97926829268295,0.0,0.02151124967779161,0.0,0.0
2023-10-23,179.86664476337288,215.39878048780488,0.0,0.06118611176198452,0.0,0.0
2023-10-24,179.86664476337288,217.7170731707317,0.0,0.010762793910330748,0.0,0.0
2023-10-25,179.86664476337288,217.99756097560976,0.0,0.0012883133177987727,0.0,0.0
2023-10-26,179.86664476337288,219.94756097560978,0.0,0.008945054207364134,0.0,0.0
2023-10-27,179.86664476337288,217.05,-0.0,-0.013173871820888583,0.0,0.0
2023-10-28,179.86664476337288,216.6439024390244,-0.0,-0.0018709862288670553,0.0,0.0
2023-10-29,179.86664476337288,218.99268292682927,0.0,0.010841664415022878,0.0,0.0
2023-10-30,179.86664476337288,220.6939024390244,0.0,0.007768385178255288,0.0,0.0
2023-10-31,179.86664476337288,221.3585365853659,0.0,0.003011565516745973,0.0,0.0
2023-11-01,179.86664476337288,225.33414634146342,0.0,0.017960047158896764,0.0,0.0
2023-11-02,179.86664476337288,219.6719512195122,-0.0,-0.025127994198318016,0.0,0.0
2023-11-03,179.86664476337288,223.62926829268295,0.0,0.01801466710338584,0.0,0.0
2023-11-04,179.86664476337288,226.49146341463415,0.0,0.012798839542797369,0.0,0.0
2023-11-05,179.86664476337288,230.87317073170735,0.0,0.01934601530235902,0.0,0.0
2023-11-06,179.86664476337288,231.91219512195124,0.0,0.004500412009550203,0.0,0.0
2023-11-07,179.86664476337288,229.99146341463418,-0.0,-0.008282150519540621,0.0,0.0
2023-11-08,179.86664476337288,230.34634146341463,0.0,0.0015430053077261086,0.0,0.0
2023-11-09,179.86664476337288,258.69512195121956,0.0,0.12307024417102586,0.0,0.0
2023-11-10,179.86664476337288,253.48414634146346,-0.0,-0.020143308348654188,0.0,0.0
2023-11-11,179.86664476337288,250.4670731707317,-0.0,-0.011902413678634982,0.0,0.0
2023-11-12,179.86664476337288,249.51951219512196,-0.0,-0.003783175822731133,0.0,0.0
2023-11-13,179.86664476337288,250.48658536585364,0.0,0.003875741669354671,0.0,0.0
2023-11-14,179.86664476337288,241.4158536585366,-0.0,-0.03621244504598364,0.0,0.0
2023-11-15,179.86664476337288,251.14390243902443,0.0,0.040295815842514626,0.0,0.0
2023-11-16,179.86664476337288,239.2390243902439,-0.0,-0.04740261632141718,0.0,0.0
2023-11-17,179.86664476337288,239.2158536585366,-0.0,-9.685180654106507e-05,0.0,0.0
2023-11-18,179.86664476337288,239.4829268292683,0.0,0.0011164526374281003,0.0,0.0
2023-11-19,179.86664476337288,245.40121951219513,0.0,0.02471279586100139,0.0,0.0
2023-11-20,179.86664476337288,246.65243902439025,0.0,0.005098668680955543,0.0,0.0
2023-11-21,179.86664476337288,235.78658536585368,-0.0,-0.044053299053175454,0.0,0.0
2023-11-22,179.86664476337288,251.70000000000002,0.0,0.06749075486824063,0.0,0.0
2023-11-23,179.7655539817002,251.55853658536589,-0.0005620318420108683,-0.0005620318420108683,1.0,1.0
2023-11-24,181.49368346494956,253.97682926829273,0.009613240384335642,0.009613240384335642,1.0,0.0
2023-11-25,181.6165610530172,254.14878048780488,0.0006770350665750158,0.0006770350665750158,1.0,0.0
2023-11-26,179.79256962162998,251.59634146341466,-0.0100430897976026,-0.0100430897976026,1.0,0.0
2023-11-27,176.68838544647403,247.25243902439027,-0.017265364089787738,-0.017265364089787738,1.0,0.0
2023-11-28,178.5716369912556,249.8878048780488,0.010658604073056521,0.010658604073056521,1.0,0.0
2023-11-29,176.83130689642505,247.45243902439026,-0.009745837156187154,-0.009745837156187154,1.0,0.0
2023-11-30,178.92196883808677,250.3780487804878,0.011822917436708602,0.011822917436708602,1.0,0.0
2023-12-01,181.99826590105718,254.68292682926833,0.01719351224976884,0.01719351224976884,1.0,0.0
2023-12-02,188.739975271918,264.11707317073177,0.03704271212411414,0.03704271212411414,1.0,0.0
2023-12-03,191.2123420616197,267.5768292682927,0.013099327718676168,0.013099327718676168,1.0,0.0
2023-12-04,195.49649967112742,273.5719512195122,0.022405235788216737,0.022405235788216737,1.0,0.0
2023-12-05,199.9131210635166,279.75243902439024,0.02259181826692047,0.02259181826692047,1.0,0.0
2023-12-06,194.58232527479433,272.2926829268293,-0.02666556232208772,-0.02666556232208772,1.0,0.0
2023-12-07,205.36853738481818,287.3865853658537,0.05543264063059827,0.05543264063059827,1.0,0.0
2023-12-08,205.54457478048954,287.63292682926834,0.0008571780172028642,0.0008571780172028642,1.0,0.0
2023-12-09,204.03605630570152,285.52195121951223,-0.00733913058225466,-0.00733913058225466,1.0,0.0
2023-12-10,204.99554725933615,286.8646341463415,0.004702555866876068,0.004702555866876068,1.0,0.0
2023-12-11,193.82065852322594,271.2268292682927,-0.05451283642748128,-0.05451283642748128,1.0,0.0
2023-12-12,191.9278207836306,268.57804878048785,-0.00976592358119821,-0.00976592358119821,1.0,0.0
2023-12-13,197.0128613962176,275.69390243902444,0.026494546709409095,0.026494546709409095,1.0,0.0
2023-12-14,201.82861708176273,282.4329268292683,0.024443864483852273,0.024443864483852273,1.0,0.0
2023-12-15,193.49385642730138,270.769512195122,-0.041296228329627094,-0.041296228329627094,1.0,0.0
2023-12-16,194.1021440618491,271.6207317073171,0.0031437051582887676,0.0031437051582887676,1.0,0.0
2023-12-17,191.26637334147924,267.6524390243903,-0.014609682618787811,-0.014609682618787811,1.0,0.0
2023-12-18,193.35442086637357,270.5743902439025,0.010916960929490793,0.010916960929490793,1.0,0.0
2023-12-19,189.7430398383426,265.5207317073171,-0.018677519820075705,-0.018677519820075705,1.0,0.0
2023-12-20,191.89819072693348,268.5365853658537,0.011358260574021672,0.011358260574021672,1.0,0.0
2023-12-21,195.20281352092317,273.1609756097561,0.017220708446866517,0.017220708446866517,1.0,0.0
2023-12-22,202.7349482277937,283.7012195121951,0.038586199507125274,0.038586199507125274,1.0,0.0
2023-12-23,201.27348925481883,281.65609756097564,-0.007208717518859986,-0.007208717518859986,1.0,0.0
2023-12-24,197.41722452290838,276.25975609756097,-0.019159327669965975,-0.019159327669965975,1.0,0.0
2023-12-25,197.95753732150374,277.0158536585366,0.002736908088446288,0.002736908088446288,1.0,0.0
2023-12-26,194.41761701844828,272.0621951219512,-0.017882220353682476,-0.017882220353682476,1.0,0.0
2023-12-27,207.4679140490379,290.3243902439024,0.06712507452115957,0.06712507452115957,1.0,0.0
2023-12-28,204.35501515132398,285.96829268292686,-0.015004242520981537,-0.015004242520981537,1.0,0.0
2023-12-29,200.38371608164806,280.4109756097561,-0.019433333049033275,-0.019433333049033275,1.0,0.0
2023-12-30,199.66736588738132,279.4085365853659,-0.003574892253095374,-0.003574892253095374,1.0,0.0
2023-12-31,198.78892185353598,278.179268292683,-0.004399537350238902,-0.004399537350238902,1.0,0.0
2024-01-01,205.03650645535882,286.92195121951227,0.031428233241417525,0.031428233241417525,1.0,0.0
2024-01-02,205.33280702233043,287.3365853658537,0.001445111273567834,0.001445111273567834,1.0,0.0
2024-01-03,192.6380706721068,269.5719512195122,-0.06182517316311287,-0.06182517316311287,1.0,0.0
2024-01-04,197.77801403680914,276.76463414634145,0.026681866916385077,0.026681866916385077,1.0,0.0
2024-01-05,197.85470359531945,276.8719512195122,0.00038775573151439424,0.00038775573151439424,1.0,0.0
2024-01-06,195.372750610804,273.3987804878049,-0.012544321360142718,-0.012544321360142718,1.0,0.0
2024-01-07,193.70126682418157,271.059756097561,-0.008555357803976094,-0.008555357803976094,1.0,0.0
2024-01-08,203.2717751373659,284.4524390243903,0.04940859948980747,0.04940859948980747,1.0,0.0
2024-01-09,204.3541436790682,285.96707317073174,0.005324736013993414,0.005324736013993414,1.0,0.0
2024-01-10,225.25553426215072,315.2158536585366,0.10228023864251812,0.10228023864251812,1.0,0.0
2024-01-11,228.17845220810045,319.3060975609756,0.012976009470861971,0.012976009470861971,1.0,0.0
2024-01-12,219.78791732926797,307.5646341463415,-0.0367718108245394,-0.0367718108245394,1.0,0.0
2024-01-13,224.67600521204434,314.4048780487805,0.022240020935516025,0.022240020935516025,1.0,0.0
2024-01-14,215.3111643512286,301.3,-0.041681535382371626,-0.041681535382371626,1.0,0.0
2024-01-15,218.73430737200698,306.09024390243906,0.015898585802983867,0.015898585802983867,1.0,0.0
2024-01-16,225.43505754684526,315.46707317073174,0.03063419842705395,0.03063419842705395,1.0,0.0
2024-01-17,220.3029574324451,308.28536585365856,-0.022765315076754167,-0.022765315076754167,1.0,0.0
2024-01-18,215.15081345616161,301.0756097560976,-0.02338663101181193,-0.02338663101181193,1.0,0.0
2024-01-19,217.00792083326922,303.67439024390245,0.008631653988545152,0.008631653988545152,1.0,0.0
2024-01-20,215.29199196160107,301.27317073170735,-0.007907217695461655,-0.007907217695461655,1.0,0.0
2024-01-21,213.99175535594898,299.4536585365854,-0.006039409983646715,-0.006039409983646715,1.0,0.0
2024-01-22,201.42686837183942,281.87073170731713,-0.058716687300449544,-0.058716687300449544,1.0,0.0
2024-01-23,201.42686837183942,273.269512195122,-0.0,-0.030514766326027454,0.0,1.0
2024-01-24,201.42686837183942,272.4463414634146,-0.0,-0.0030123035866495007,0.0,0.0
2024-01-25,201.42686837183942,270.4024390243903,-0.0,-0.007502036650761323,0.0,0.0
2024-01-26,201.42686837183942,276.50487804878054,0.0,0.022567988093627367,0.0,0.0
2024-01-27,201.42686837183942,276.5939024390244,0.0,0.000321963181525442,0.0,0.0
2024-01-28,201.42686837183942,275.1841463414635,-0.0,-0.005096844453654437,0.0,0.0
2024-01-29,201.42686837183942,282.61219512195123,0.0,0.0269930113316581,0.0,0.0
2024-01-30,201.42686837183942,285.7268292682927,0.0,0.011020876664566526,0.0,0.0
2024-01-31,201.42686837183942,278.2439024390244,-0.0,-0.026189094137330615,0.0,0.0
2024-02-01,201.42686837183942,280.92804878048787,0.0,0.0096467391304349,0.0,0.0
2024-02-02,201.42686837183942,281.46707317073174,0.0,0.0019187275623913091,0.0,0.0
2024-02-03,201.42686837183942,279.99634146341464,-0.0,-0.005225235373890413,0.0,0.0
2024-02-04,201.42686837183942,279.1243902439025,-0.0,-0.0031141521883994994,0.0,0.0
2024-02-05,201.42686837183942,280.3548780487805,0.0,0.004408385106736024,0.0,0.0
2024-02-06,201.42686837183942,289.27926829268296,0.0,0.03183247713046633,0.0,0.0
2024-02-07,205.88152798205095,295.67682926829275,0.022115518382523458,0.022115518382523458,1.0,1.0
2024-02-08,205.47648173079838,295.09512195121954,-0.0019673753892475165,-0.0019673753892475165,1.0,0.0
2024-02-09,211.25582090485474,303.39512195121955,0.02812652389886683,0.02812652389886683,1.0,0.0
2024-02-10,212.3801002269897,305.00975609756097,0.005321885651810243,0.005321885651810243,1.0,0.0
2024-02-11,212.97705518428646,305.86707317073177,0.002810785740560151,0.002810785740560151,1.0,0.0
2024-02-12,225.96231152423212,324.5158536585366,0.060970212630227616,0.060970212630227616,1.0,0.0
2024-02-13,224.31495360509174,322.15000000000003,-0.007290410104358158,-0.007290410104358158,1.0,0.0
2024-02-14,235.8574980354397,338.7268292682927,0.05145686564734642,0.05145686564734642,1.0,0.0
2024-02-15,239.96570299049185,344.62682926829274,0.017418165584181855,0.017418165584181855,1.0,0.0
2024-02-16,238.09331937621116,341.9378048780488,-0.0078027134334063275,-0.0078027134334063275,1.0,0.0
2024-02-17,236.6446633916475,339.85731707317075,-0.006084404167067903,-0.006084404167067903,1.0,0.0
2024-02-18,244.73115280606694,351.4707317073171,0.034171442104469874,0.034171442104469874,1.0,0.0
2024-02-19,250.11223895740332,359.19878048780487,0.02198774487692834,0.02198774487692834,1.0,0.0
2024-02-20,256.06735291973916,367.7512195121951,0.023809766315953995,0.023809766315953995,1.0,0.0
2024-02-21,252.06019723910853,361.99634146341464,-0.015648834710634163,-0.015648834710634163,1.0,0.0
2024-02-22,252.17907873842796,362.1670731707317,0.0004716393172010669,0.0004716393172010669,1.0,0.0
2024-02-23,248.10483992603852,356.31585365853664,-0.016156133303252496,-0.016156133303252496,1.0,0.0
2024-02-24,254.1227912523003,364.9585365853659,0.024255678881781373,0.024255678881781373,1.0,0.0
2024-02-25,264.35594088300167,379.6548780487805,0.04026852365454148,0.04026852365454148,1.0,0.0
2024-02-26,269.8898746763201,387.6024390243903,0.0209336464118568,0.0209336464118568,1.0,0.0
2024-02-27,275.4518305373353,395.59024390243906,0.020608242038296698,0.020608242038296698,1.0,0.0
2024-02-28,287.57774346791496,413.0048780487805,0.0440218999704054,0.0440218999704054,1.0,0.0
2024-02-29,283.7684405682945,407.5341463414635,-0.013246167292655708,-0.013246167292655708,1.0,0.0
2024-03-01,291.76916547249067,419.0243902439025,0.0281945549976359,0.0281945549976359,1.0,0.0
2024-03-02,290.7535778068763,417.56585365853664,-0.003480791618160617,-0.003480791618160617,1.0,0.0
2024-03-03,296.31468451432494,425.5524390243903,0.019126528895690553,0.019126528895690553,1.0,0.0
2024-03-04,308.51702126589566,443.0768292682927,0.04118033087550477,0.04118033087550477,1.0,0.0
2024-03-05,302.07873892418314,433.8304878048781,-0.02086848341558345,-0.02086848341558345,1.0,0.0
2024-03-06,324.5312083777866,466.0756097560976,0.07432654656055959,0.07432654656055959,1.0,0.0
2024-03-07,329.07078334465484,472.5951219512196,0.013988099910513752,0.013988099910513752,1.0,0.0
2024-03-08,330.54151732194924,474.70731707317077,0.004469354472451004,0.004469354472451004,1.0,0.0
2024-03-09,332.32049404390756,477.26219512195127,0.005382006884858459,0.005382006884858459,1.0,0.0
2024-03-10,329.6380179271218,473.409756097561,-0.008071955130252606,-0.008071955130252606,1.0,0.0
2024-03-11,345.2836723911225,495.879268292683,0.04746313717812645,0.04746313717812645,1.0,0.0
2024-03-12,337.9919907150099,485.4073170731708,-0.021117945211880373,-0.021117945211880373,1.0,0.0
2024-03-13,340.3152748731377,488.7439024390244,0.006873784651562298,0.006873784651562298,1.0,0.0
2024-03-14,329.50979573857,473.2256097560976,-0.03175137859620236,-0.03175137859620236,1.0,0.0
2024-03-15,317.833934198271,456.45731707317077,-0.035434034712468865,-0.035434034712468865,1.0,0.0
2024-03-16,298.9105469673209,429.2804878048781,-0.05953859923322513,-0.05953859923322513,1.0,0.0
2024-03-17,309.1785118942515,444.0268292682927,0.034351296838158074,0.034351296838158074,1.0,0.0
2024-03-18,298.9580995670487,429.3487804878049,-0.03305667093287046,-0.03305667093287046,1.0,0.0
2024-03-19,268.0752335045661,384.99634146341464,-0.10330165366721011,-0.10330165366721011,1.0,0.0
2024-03-20,298.62013644755496,428.86341463414635,0.11394153254544714,0.11394153254544714,1.0,0.0
2024-03-21,296.50574406680266,425.8268292682927,-0.007080541874722623,-0.007080541874722623,1.0,0.0
2024-03-22,283.3973604597047,407.0012195121951,-0.044209543556581576,-0.044209543556581576,1.0,0.0
2024-03-23,282.7723834347113,406.10365853658544,-0.0022053029145354675,-0.0022053029145354675,1.0,0.0
2024-03-24,293.3545351812718,421.3012195121952,0.03742286151859586,0.03742286151859586,1.0,0.0
2024-03-25,304.9327440614156,437.92926829268293,0.039468313905524965,0.039468313905524965,1.0,0.0
2024-03-26,304.64827761661553,437.5207317073171,-0.0009328825793228912,-0.0009328825793228912,1.0,0.0
2024-03-27,297.1663855415919,426.7756097560976,-0.02455911496876806,-0.02455911496876806,1.0,0.0
2024-03-28,302.39207659024646,434.2804878048781,0.017585067837099455,0.017585067837099455,1.0,0.0
2024-03-29,298.1446104502773,428.18048780487806,-0.014046221673078563,-0.014046221673078563,1.0,0.0
2024-03-30,297.84146262701285,427.7451219512196,-0.001016781161351954,-0.001016781161351954,1.0,0.0
2024-03-31,309.5572343849405,444.5707317073171,0.03933559704747802,0.03933559704747802,1.0,0.0
2024-04-01,297.7005031349627,427.5426829268293,-0.03830222631861924,-0.03830222631861924,1.0,0.0
2024-04-02,278.491800305646,399.95609756097565,-0.0645235820129213,-0.0645235820129213,1.0,0.0
2024-04-03,278.491800305646,403.95487804878053,0.0,0.00999804856630604,0.0,1.0
2024-04-04,278.491800305646,406.02317073170735,0.0,0.005120108198512829,0.0,0.0
2024-04-05,278.491800305646,404.78780487804886,-0.0,-0.0030425993950843333,0.0,0.0
2024-04-06,278.491800305646,408.8609756097561,0.0,0.01006248380663144,0.0,0.0
2024-04-07,278.491800305646,421.179268292683,0.0,0.0301283160236947,0.0,0.0
2024-04-08,278.491800305646,450.5560975609756,0.0,0.06974899165235815,0.0,0.0
2024-04-09,264.17132040490907,427.3878048780488,-0.05142154952145861,-0.05142154952145861,1.0,1.0
2024-04-10,267.2935136751929,432.43902439024396,0.01181881994418732,0.01181881994418732,1.0,0.0
2024-04-11,264.0567445050822,427.2024390243903,-0.01210941906373375,-0.01210941906373375,1.0,0.0
2024-04-12,264.0567445050822,395.0378048780488,-0.0,-0.07529131673451206,0.0,1.0
2024-04-13,264.0567445050822,367.2426829268293,-0.0,-0.07036066322766266,0.0,0.0
2024-04-14,264.0567445050822,385.129268292683,0.0,0.048705083034744856,0.0,0.0
2024-04-15,264.0567445050822,378.4304878048781,-0.0,-0.01739358973547045,0.0,0.0
2024-04-16,264.0567445050822,376.25000000000006,-0.0,-0.005761924250676009,0.0,0.0
2024-04-17,264.0567445050822,364.02195121951223,-0.0,-0.0324997974232234,0.0,0.0
2024-04-18,264.0567445050822,373.8804878048781,0.0,0.027082258507594714,0.0,0.0
2024-04-19,264.0567445050822,372.91829268292685,-0.0,-0.0025735366068458942,0.0,0.0
2024-04-20,264.0567445050822,385.0012195121952,0.0,0.03240100329307749,0.0,0.0
2024-04-21,264.0567445050822,383.9146341463415,-0.0,-0.0028222907117811946,0.0,0.0
2024-04-22,264.0567445050822,390.4219512195122,0.0,0.016949906292684558,0.0,0.0
2024-04-23,264.0567445050822,392.6207317073171,0.0,0.005631805488745645,0.0,0.0
2024-04-24,264.0567445050822,382.7939024390244,-0.0,-0.025028808910728118,0.0,0.0
2024-04-25,264.0567445050822,384.80000000000007,0.0,0.005240672717599537,0.0,0.0
2024-04-26,264.0567445050822,381.70731707317077,-0.0,-0.008037117793215365,0.0,0.0
2024-04-27,264.0567445050822,396.71219512195125,0.0,0.03930990415335467,0.0,0.0
2024-04-28,264.0567445050822,397.8780487804878,0.0,0.002938789562993316,0.0,0.0
2024-04-29,264.0567445050822,392.1378048780488,-0.0,-0.0144271439955862,0.0,0.0
2024-04-30,264.0567445050822,367.24390243902445,-0.0,-0.0634825363159417,0.0,0.0
2024-05-01,264.0567445050822,361.9658536585366,-0.0,-0.014372052865776808,0.0,0.0
2024-05-02,264.0567445050822,364.1853658536586,0.0,0.006131827554142211,0.0,0.0
2024-05-03,264.0567445050822,378.4475609756098,0.0,0.03916191165045935,0.0,0.0
2024-05-04,264.0567445050822,380.1719512195122,0.0,0.004556483966912328,0.0,0.0
2024-05-05,264.0567445050822,382.5548780487805,0.0,0.0062680237761474356,0.0,0.0
2024-05-06,264.0567445050822,373.49878048780494,-0.0,-0.023672675688168332,0.0,0.0
2024-05-07,264.0567445050822,366.5585365853659,-0.0,-0.01858170431875239,0.0,0.0
2024-05-08,264.0567445050822,362.539024390244,-0.0,-0.010965539726793039,0.0,0.0
2024-05-09,264.0567445050822,370.23414634146343,0.0,0.02122563761008056,0.0,0.0
2024-05-10,264.0567445050822,354.80853658536586,-0.0,-0.041664470737041936,0.0,0.0
2024-05-11,264.0567445050822,355.0914634146342,0.0,0.0007974070522405174,0.0,0.0
2024-05-12,264.0567445050822,357.0426829268293,0.0,0.005494977247359811,0.0,0.0
2024-05-13,264.0567445050822,359.7817073170732,0.0,0.00767142003244814,0.0,0.0
2024-05-14,264.0567445050822,351.26829268292687,-0.0,-0.023662722314682694,0.0,0.0
2024-05-15,264.0567445050822,369.9024390243903,0.0,0.05304818775170106,0.0,0.0
2024-05-16,264.0567445050822,359.159756097561,-0.0,-0.029041935909270622,0.0,0.0
2024-05-17,264.0567445050822,377.2426829268293,0.0,0.05034786476566233,0.0,0.0
2024-05-18,264.0567445050822,380.97439024390246,0.0,0.009892060167001171,0.0,0.0
2024-05-19,264.0567445050822,374.50000000000006,-0.0,-0.016994292555353785,0.0,0.0
2024-05-20,264.0567445050822,446.5268292682927,0.0,0.1923279820248136,0.0,0.0
2024-05-21,264.0567445050822,462.11829268292684,0.0,0.034917192859796,0.0,0.0
2024-05-22,264.0567445050822,455.60853658536587,-0.0,-0.014086774318686213,0.0,0.0
2024-05-23,264.0567445050822,461.0768292682927,0.0,0.01200217345335508,0.0,0.0
2024-05-24,264.0567445050822,454.4987804878049,-0.0,-0.014266708632760583,0.0,0.0
2024-05-25,264.0567445050822,457.2024390243903,0.0,0.005948659606267004,0.0,0.0
2024-05-26,264.0567445050822,466.3207317073171,0.0,0.019943665878913608,0.0,0.0
2024-05-27,264.0567445050822,474.4780487804878,0.0,0.01749293247869277,0.0,0.0
2024-05-28,264.0567445050822,468.29024390243904,-0.0,-0.013041287987827443,0.0,0.0
2024-05-29,264.0567445050822,458.79390243902446,-0.0,-0.020278751451830446,0.0,0.0
2024-05-30,262.97794772267997,456.91951219512197,-0.0040854733115194275,-0.0040854733115194275,1.0,1.0
2024-05-31,263.79915282053986,458.34634146341466,0.0031227146799619465,0.0031227146799619465,1.0,0.0
2024-06-01,267.5921377340736,464.9365853658537,0.014378305892870369,0.014378305892870369,1.0,0.0
2024-06-02,265.23380514534796,460.83902439024394,-0.008813160987073965,-0.008813160987073965,1.0,0.0
2024-06-03,264.33609461529437,459.27926829268296,-0.0033846007282580803,-0.0033846007282580803,1.0,0.0
2024-06-04,267.438424984987,464.66951219512197,0.011736310072249845,0.011736310072249845,1.0,0.0
2024-06-05,271.3886320711025,471.5329268292684,0.01477052927729905,0.01477052927729905,1.0,0.0
2024-06-06,267.5647642308116,464.88902439024395,-0.01409000742259936,-0.01409000742259936,1.0,0.0
2024-06-07,258.0373813262394,448.3353658536586,-0.035607763720164054,-0.035607763720164054,1.0,0.0
2024-06-08,258.3525275561019,448.88292682926834,0.0012213200592980922,0.0012213200592980922,1.0,0.0
2024-06-09,260.13742034572374,451.98414634146343,0.006908749089881594,0.006908749089881594,1.0,0.0
2024-06-10,257.3011042769617,447.0560975609757,-0.010903145210683474,-0.010903145210683474,1.0,0.0
2024-06-11,245.47083767488692,426.5012195121952,-0.0459782970435314,-0.0459782970435314,1.0,0.0
2024-06-12,249.81059076896162,434.04146341463417,0.017679302092179494,0.017679302092179494,1.0,0.0
2024-06-13,243.38904765757732,422.88414634146346,-0.02570564799361641,-0.02570564799361641,1.0,0.0
2024-06-14,244.22288668001963,424.33292682926833,0.0034259512926622104,0.0034259512926622104,1.0,0.0
2024-06-15,250.3405137167259,434.96219512195125,0.025049360114728136,0.025049360114728136,1.0,0.0
2024-06-16,254.22965683402617,441.719512195122,0.015535412385152547,0.015535412385152547,1.0,0.0
2024-06-17,246.3299445464942,427.99390243902445,-0.031073134369564492,-0.031073134369564492,1.0,0.0
2024-06-18,246.3299445464942,424.6414634146342,-0.0,-0.007832913051530888,0.0,1.0
2024-06-19,246.3299445464942,434.04146341463417,0.0,0.022136321602729492,0.0,0.0
2024-06-20,246.3299445464942,428.1378048780488,-0.0,-0.01360160038661018,0.0,0.0
2024-06-21,246.78320966280057,428.92560975609763,0.0018400731471801546,0.0018400731471801546,1.0,1.0
2024-06-22,245.16240096517245,426.1085365853659,-0.006567742999383008,-0.006567742999383008,1.0,0.0
2024-06-23,239.85302459506332,416.8804878048781,-0.021656568663085407,-0.021656568663085407,1.0,0.0
2024-06-24,239.85302459506332,408.6085365853659,-0.0,-0.01984250033641266,0.0,1.0
2024-06-25,239.85302459506332,413.8536585365854,0.0,0.012836545205471284,0.0,0.0
2024-06-26,239.85302459506332,410.8914634146342,-0.0,-0.007157590759075849,0.0,0.0
2024-06-27,239.85302459506332,420.1926829268293,0.0,0.022636682288064813,0.0,0.0
2024-06-28,239.85302459506332,411.4170731707317,-0.0,-0.0208847276801003,0.0,0.0
2024-06-29,239.85302459506332,411.3731707317074,-0.0,-0.00010671029932229903,0.0,0.0
2024-06-30,239.85302459506332,418.5817073170732,0.0,0.017523108209862137,0.0,0.0
2024-07-01,239.85302459506332,419.34024390243906,0.0,0.0018121589455681875,0.0,0.0
2024-07-02,239.85302459506332,416.6060975609756,-0.0,-0.006520114349195527,0.0,0.0
2024-07-03,239.85302459506332,401.4304878048781,-0.0,-0.036426758621497135,0.0,0.0
2024-07-04,239.85302459506332,373.03536585365856,-0.0,-0.07073484155747889,0.0,0.0
2024-07-05,239.85302459506332,363.6268292682927,-0.0,-0.025221567300556802,0.0,0.0
2024-07-06,239.85302459506332,374.0719512195122,0.0,0.028724838517107498,0.0,0.0
2024-07-07,239.85302459506332,357.4121951219513,-0.0,-0.0445362343881931,0.0,0.0
2024-07-08,239.85302459506332,368.10731707317075,0.0,0.029923774558308747,0.0,0.0
2024-07-09,239.85302459506332,373.9646341463415,0.0,0.01591198218971135,0.0,0.0
2024-07-10,239.85302459506332,378.0853658536586,0.0,0.011019041190147849,0.0,0.0
2024-07-11,239.85302459506332,377.96219512195125,-0.0,-0.0003257749250072939,0.0,0.0
2024-07-12,239.85302459506332,382.32317073170736,0.0,0.011538126474128108,0.0,0.0
2024-07-13,239.85302459506332,387.4036585365854,0.0,0.013288464298814917,0.0,0.0
2024-07-14,239.85302459506332,395.90000000000003,0.0,0.021931495163235004,0.0,0.0
2024-07-15,239.85302459506332,425.1060975609756,0.0,0.07377140076023125,0.0,0.0
2024-07-16,237.15578156416242,420.3256097560976,-0.011245399283392632,-0.011245399283392632,1.0,1.0
2024-07-17,237.15578156416242,413.1036585365854,-0.0,-0.01718180156498894,0.0,1.0
2024-07-18,237.15578156416242,417.7536585365854,0.0,0.011256254704866464,0.0,0.0
2024-07-19,237.15578156416242,427.5304878048781,0.0,0.0234033360773942,0.0,0.0
2024-07-20,238.05617190934362,429.1536585365854,0.0037966198388361683,0.0037966198388361683,1.0,1.0
2024-07-21,239.21565278961452,431.2439024390244,0.004870618858445086,0.004870618858445086,1.0,0.0
2024-07-22,232.7823603909119,419.6463414634147,-0.02689327526723595,-0.02689327526723595,1.0,0.0
2024-07-23,235.61003254933223,424.74390243902445,0.012147278486530633,0.012147278486530633,1.0,0.0
2024-07-24,225.60426726340046,406.7060975609756,-0.04246748399322409,-0.04246748399322409,1.0,0.0
2024-07-25,225.60426726340046,387.10975609756105,-0.0,-0.04818305302264758,0.0,1.0
2024-07-26,225.60426726340046,399.3841463414634,0.0,0.03170777809280767,0.0,0.0
2024-07-27,225.60426726340046,396.25000000000006,-0.0,-0.007847448052641925,0.0,0.0
2024-07-28,225.60426726340046,398.77804878048784,0.0,0.006379933830884088,0.0,0.0
2024-07-29,225.60426726340046,404.57926829268297,0.0,0.014547489587092288,0.0,0.0
2024-07-30,225.60426726340046,399.7890243902439,-0.0,-0.011840062696869769,0.0,0.0
2024-07-31,225.60426726340046,394.1231707317073,-0.0,-0.014172109069722771,0.0,0.0
2024-08-01,225.60426726340046,390.309756097561,-0.0,-0.009675692568560601,0.0,0.0
2024-08-02,225.60426726340046,364.12682926829274,-0.0,-0.06708242983996449,0.0,0.0
2024-08-03,225.60426726340046,353.86829268292684,-0.0,-0.02817297644883865,0.0,0.0
2024-08-04,225.60426726340046,327.8426829268293,-0.0,-0.0735460347655873,0.0,0.0
2024-08-05,225.60426726340046,295.1670731707317,-0.0,-0.0996685650092437,0.0,0.0
2024-08-06,225.60426726340046,300.30731707317074,0.0,0.017414692794903264,0.0,0.0
2024-08-07,225.60426726340046,285.8121951219512,-0.0,-0.048267628283222064,0.0,0.0
2024-08-08,225.60426726340046,327.26707317073175,0.0,0.1450423696269938,0.0,0.0
2024-08-09,225.60426726340046,317.06585365853664,-0.0,-0.031170931476119712,0.0,0.0
2024-08-10,225.60426726340046,318.37682926829274,0.0,0.004134710801018571,0.0,0.0
2024-08-11,225.60426726340046,311.65609756097564,-0.0,-0.021109361892832967,0.0,0.0
2024-08-12,225.60426726340046,332.07317073170736,0.0,0.06551154728085207,0.0,0.0
2024-08-13,225.60426726340046,329.6939024390244,-0.0,-0.007164891663606343,0.0,0.0
2024-08-14,225.60426726340046,324.5939024390244,-0.0,-0.01546889391120354,0.0,0.0
2024-08-15,225.60426726340046,313.4756097560976,-0.0,-0.03425293143026753,0.0,0.0
2024-08-16,225.60426726340046,316.3109756097561,0.0,0.009044932892433355,0.0,0.0
2024-08-17,225.60426726340046,318.85853658536587,0.0,0.008053975903614452,0.0,0.0
2024-08-18,225.60426726340046,318.61951219512196,-0.0,-0.0007496251874062887,0.0,0.0
2024-08-19,225.60426726340046,321.6036585365854,0.0,0.009365861873631864,0.0,0.0
2024-08-20,225.60426726340046,313.78536585365856,-0.0,-0.024310335020761076,0.0,0.0
2024-08-21,225.60426726340046,320.8707317073171,0.0,0.022580294126791634,0.0,0.0
2024-08-22,225.60426726340046,319.91463414634154,-0.0,-0.0029796970134616796,0.0,0.0
2024-08-23,225.60426726340046,337.16219512195124,0.0,0.05391301033049967,0.0,0.0
2024-08-24,225.60426726340046,337.6829268292683,0.0,0.0015444546122045377,0.0,0.0
2024-08-25,225.60426726340046,335.069512195122,-0.0,-0.007739256049115184,0.0,0.0
2024-08-26,225.60426726340046,326.92317073170733,-0.0,-0.02431239240492511,0.0,0.0
2024-08-27,225.60426726340046,299.7829268292683,-0.0,-0.08301719282146558,0.0,0.0
2024-08-28,225.60426726340046,308.35487804878056,0.0,0.028593860598319365,0.0,0.0
2024-08-29,225.60426726340046,308.2573170731708,-0.0,-0.00031639186714715883,0.0,0.0
2024-08-30,225.60426726340046,308.0170731707317,-0.0,-0.0007793615565078182,0.0,0.0
2024-08-31,225.60426726340046,306.4170731707317,-0.0,-0.005194517250389996,0.0,0.0
2024-09-01,225.60426726340046,295.8414634146342,-0.0,-0.03451377446649306,0.0,0.0
2024-09-02,225.60426726340046,309.4890243902439,0.0,0.04613133270126535,0.0,0.0
2024-09-03,225.60426726340046,295.63170731707316,-0.0,-0.04477482553855494,0.0,0.0
2024-09-04,225.60426726340046,298.8365853658537,0.0,0.010840779150063096,0.0,0.0
2024-09-05,225.60426726340046,288.75609756097566,-0.0,-0.03373244207210069,0.0,0.0
2024-09-06,225.60426726340046,271.2756097560976,-0.0,-0.06053720753442016,0.0,0.0
2024-09-07,225.60426726340046,277.1804878048781,0.0,0.021767080549886186,0.0,0.0
2024-09-08,225.60426726340046,280.17926829268293,0.0,0.010818872971736226,0.0,0.0
2024-09-09,225.60426726340046,287.8170731707317,0.0,0.02726042124597927,0.0,0.0
2024-09-10,225.60426726340046,291.2512195121952,0.0,0.011931697809415054,0.0,0.0
2024-09-11,225.60426726340046,285.4317073170732,-0.0,-0.01998107408741101,0.0,0.0
2024-09-12,225.60426726340046,288.0036585365854,0.0,0.009010741111025622,0.0,0.0
2024-09-13,225.60426726340046,297.6780487804878,0.0,0.033591206073771085,0.0,0.0
2024-09-14,225.60426726340046,294.90121951219515,-0.0,-0.009328297063450397,0.0,0.0
2024-09-15,225.60426726340046,282.48414634146343,-0.0,-0.042105872574115466,0.0,0.0
2024-09-16,225.60426726340046,279.9036585365854,-0.0,-0.009134982753187026,0.0,0.0
2024-09-17,225.60426726340046,285.6219512195122,0.0,0.020429503182715303,0.0,0.0
2024-09-18,225.60426726340046,289.58414634146345,0.0,0.013872166004867514,0.0,0.0
2024-09-19,225.60426726340046,300.71219512195125,0.0,0.038427686463768485,0.0,0.0
2024-09-20,225.60426726340046,312.4414634146342,0.0,0.03900496382571439,0.0,0.0
2024-09-21,225.60426726340046,318.6780487804878,0.0,0.019960812171645692,0.0,0.0
2024-09-22,225.60426726340046,314.7463414634147,-0.0,-0.012337553000964285,0.0,0.0
2024-09-23,225.60426726340046,322.77073170731705,0.0,0.025494784805418114,0.0,0.0
2024-09-24,225.60426726340046,323.5743902439025,0.0,0.0024898742594607892,0.0,0.0
2024-09-25,225.60426726340046,314.5426829268293,-0.0,-0.027912305761482847,0.0,0.0
2024-09-26,225.60426726340046,321.0402439024391,0.0,0.020657167781331864,0.0,0.0
2024-09-27,225.60426726340046,328.7036585365854,0.0,0.023870573174854526,0.0,0.0
2024-09-28,225.60426726340046,326.3158536585366,-0.0,-0.007264308796194885,0.0,0.0
2024-09-29,225.60426726340046,324.1329268292683,-0.0,-0.006689613160973051,0.0,0.0
2024-09-30,225.60426726340046,317.2280487804878,-0.0,-0.021302612222477202,0.0,0.0
2024-10-01,225.60426726340046,298.48170731707324,-0.0,-0.059094211673528574,0.0,0.0
2024-10-02,225.60426726340046,288.2634146341464,-0.0,-0.03423423423423422,0.0,0.0
2024-10-03,225.60426726340046,286.58170731707315,-0.0,-0.005833925610045143,0.0,0.0
2024-10-04,225.60426726340046,294.44268292682926,0.0,0.027430137406009525,0.0,0.0
2024-10-05,225.60426726340046,294.4524390243903,0.0,3.3134114470145803e-05,0.0,0.0
2024-10-06,225.60426726340046,297.54146341463417,0.0,0.010490741392663594,0.0,0.0
2024-10-07,225.60426726340046,295.32682926829267,-0.0,-0.007443111023673787,0.0,0.0
2024-10-08,225.60426726340046,297.49756097560976,0.0,0.007350269234581042,0.0,0.0
2024-10-09,225.60426726340046,288.8609756097561,-0.0,-0.029030777050847,0.0,0.0
2024-10-10,225.60426726340046,290.7707317073171,0.0,0.006611332989960639,0.0,0.0
2024-10-11,225.60426726340046,297.4109756097561,0.0,0.02283669977184255,0.0,0.0
2024-10-12,225.60426726340046,301.9256097560976,0.0,0.01517978325139313,0.0,0.0
2024-10-13,225.60426726340046,300.9353658536586,-0.0,-0.0032797612075337046,0.0,0.0
2024-10-14,225.60426726340046,320.5780487804878,0.0,0.06527209878144147,0.0,0.0
2024-10-15,225.60426726340046,317.8817073170732,-0.0,-0.008410873650493977,0.0,0.0
2024-10-16,225.60426726340046,318.35853658536587,0.0,0.0015000211000408825,0.0,0.0
2024-10-17,225.60426726340046,317.6719512195122,-0.0,-0.0021566419208286502,0.0,0.0
2024-10-18,225.60426726340046,322.1926829268293,0.0,0.014230817955322994,0.0,0.0
2024-10-19,225.60426726340046,322.92317073170733,0.0,0.002267238964715812,0.0,0.0
2024-10-20,225.60426726340046,334.9048780487805,0.0,0.03710389468158626,0.0,0.0
2024-10-21,225.60426726340046,325.0426829268293,-0.0,-0.02944774999817923,0.0,0.0
2024-10-22,225.60426726340046,319.61463414634153,-0.0,-0.0166994953758417,0.0,0.0
2024-10-23,225.60426726340046,307.5536585365854,-0.0,-0.03773599304039932,0.0,0.0
2024-10-24,225.60426726340046,309.0231707317073,0.0,0.0047780676780573295,0.0,0.0
2024-10-25,225.60426726340046,297.0743902439025,-0.0,-0.0386662930792937,0.0,0.0
2024-10-26,225.60426726340046,302.3768292682927,0.0,0.01784885940533898,0.0,0.0
2024-10-27,225.60426726340046,305.45000000000005,0.0,0.010163380372576691,0.0,0.0
2024-10-28,225.60426726340046,312.8853658536585,0.0,0.024342333781825154,0.0,0.0
2024-10-29,225.60426726340046,321.6890243902439,0.0,0.02813700958038079,0.0,0.0
2024-10-30,225.60426726340046,324.1658536585366,0.0,0.007699452205394586,0.0,0.0
2024-10-31,225.60426726340046,306.68780487804884,-0.0,-0.05391699521473492,0.0,0.0
2024-11-01,225.60426726340046,306.1304878048781,-0.0,-0.001817213023492581,0.0,0.0
2024-11-02,225.60426726340046,304.07804878048785,-0.0,-0.006704458086181919,0.0,0.0
2024-11-03,225.60426726340046,299.5817073170732,-0.0,-0.014786800564681735,0.0,0.0
2024-11-04,225.60426726340046,292.31707317073176,-0.0,-0.024249258111920358,0.0,0.0
2024-11-05,225.60426726340046,295.3951219512195,0.0,0.0105298289528577,0.0,0.0
2024-11-06,225.60426726340046,332.2280487804878,0.0,0.12469036924499655,0.0,0.0
2024-11-07,225.60426726340046,353.37195121951225,0.0,0.06364273732045644,0.0,0.0
2024-11-08,225.60426726340046,361.47439024390246,0.0,0.02292892516349454,0.0,0.0
2024-11-09,225.60426726340046,381.459756097561,0.0,0.05528846964835732,0.0,0.0
2024-11-10,225.60426726340046,388.5451219512196,0.0,0.01857434694066762,0.0,0.0
2024-11-11,225.60426726340046,411.6804878048781,0.0,0.05954357562765411,0.0,0.0
2024-11-12,225.60426726340046,396.0012195121952,-0.0,-0.03808601271409873,0.0,0.0
2024-11-13,225.60426726340046,389.2012195121951,-0.0,-0.01717166429026773,0.0,0.0
2024-11-14,225.60426726340046,373.0536585365854,-0.0,-0.0414889783640664,0.0,0.0
2024-11-15,225.60426726340046,376.92195121951227,0.0,0.010369266175009217,0.0,0.0
2024-11-16,225.60426726340046,382.2256097560976,0.0,0.014070972835160234,0.0,0.0
2024-11-17,225.60426726340046,375.21829268292686,-0.0,-0.018332934513838994,0.0,0.0
2024-11-18,225.60426726340046,391.36707317073177,0.0,0.043038361409130976,0.0,0.0
2024-11-19,225.60426726340046,379.4756097560976,-0.0,-0.030384424827293977,0.0,0.0
2024-11-20,225.60426726340046,374.66341463414636,-0.0,-0.012681171064048646,0.0,0.0
2024-11-21,225.60426726340046,409.74390243902445,0.0,0.09363200791604842,0.0,0.0
2024-11-22,225.60426726340046,406.3134146341464,-0.0,-0.008372272984315088,0.0,0.0
2024-11-23,225.60426726340046,414.3304878048781,0.0,0.019731253958106487,0.0,0.0
2024-11-24,225.60426726340046,410.3853658536585,-0.0,-0.009521679112055703,0.0,0.0
2024-11-25,225.60426726340046,416.42926829268293,0.0,0.014727382947616219,0.0,0.0
2024-11-26,225.60426726340046,405.3256097560976,-0.0,-0.026663972448692674,0.0,0.0
2024-11-27,225.60426726340046,446.0524390243903,0.0,0.10047928946014495,0.0,0.0
2024-11-28,225.60426726340046,436.47682926829276,-0.0,-0.02146745296817887,0.0,0.0
2024-11-29,225.60426726340046,438.2524390243903,0.0,0.0040680504371197745,0.0,0.0
2024-11-30,225.60426726340046,451.9939024390244,0.0,0.03135513277512958,0.0,0.0
2024-12-01,225.60426726340046,452.46829268292686,0.0,0.00104955009645602,0.0,0.0
2024-12-02,225.60426726340046,444.4536585365854,-0.0,-0.01771313985079126,0.0,0.0
2024-12-03,225.60426726340046,441.169512195122,-0.0,-0.007389176078056892,0.0,0.0
2024-12-04,225.60426726340046,468.6987804878049,0.0,0.06240065900226388,0.0,0.0
2024-12-05,225.60426726340046,462.06463414634146,-0.0,-0.01415439215472003,0.0,0.0
2024-12-06,225.60426726340046,488.39390243902443,0.0,0.05698178641463425,0.0,0.0
2024-12-07,225.60426726340046,487.8060975609757,-0.0,-0.0012035467173386882,0.0,0.0
2024-12-08,225.60426726340046,488.62804878048786,0.0,0.0016849957875104682,0.0,0.0
2024-12-09,225.60426726340046,452.8743902439025,-0.0,-0.07317152305484487,0.0,0.0
2024-12-10,220.54793517208864,442.7243902439025,-0.022412395619309744,-0.022412395619309744,1.0,1.0
2024-12-11,232.98615975907865,467.6926829268293,0.05639692150046538,0.05639692150046538,1.0,0.0
2024-12-12,235.87792243535455,473.49756097560976,0.012411735869916729,0.012411735869916729,1.0,0.0
2024-12-13,237.4082481037451,476.569512195122,0.00648778678644657,0.00648778678644657,1.0,0.0
2024-12-14,235.06203225169102,471.859756097561,-0.009882621479220144,-0.009882621479220144,1.0,0.0
2024-12-15,240.4354862163255,482.6463414634147,0.02285972733733921,0.02285972733733921,1.0,0.0
2024-12-16,242.2519505865072,486.2926829268293,0.007554892993405282,0.007554892993405282,1.0,0.0
2024-12-17,236.5376817350259,474.82195121951224,-0.023588123181863763,-0.023588123181863763,1.0,0.0
2024-12-18,220.21380293008195,442.05365853658543,-0.06901174766407947,-0.06901174766407947,1.0,0.0
2024-12-19,207.4262582719031,416.38414634146346,-0.058068769931914344,-0.058068769931914344,1.0,0.0
2024-12-20,210.8356221667057,423.2280487804878,0.016436510609632915,0.016436510609632915,1.0,0.0
2024-12-21,202.73261154146036,406.96219512195125,-0.03843283474572601,-0.03843283474572601,1.0,0.0
2024-12-22,202.73261154146036,399.82926829268297,-0.0,-0.017527246792864548,0.0,1.0
2024-12-23,202.73261154146036,416.8439024390244,0.0,0.04255474897822231,0.0,0.0
2024-12-24,202.73261154146036,425.7475609756098,0.0,0.02135969480299127,0.0,0.0
2024-12-25,202.73261154146036,426.0914634146342,0.0,0.0008077613838497477,0.0,0.0
2024-12-26,202.73261154146036,406.2024390243903,-0.0,-0.046677828818386,0.0,0.0
2024-12-27,202.73261154146036,405.9268292682927,-0.0,-0.0006785034495596642,0.0,0.0
2024-12-28,202.73261154146036,414.37439024390244,0.0,0.020810550982395037,0.0,0.0
2024-12-29,202.73261154146036,408.5646341463415,-0.0,-0.014020548166939872,0.0,0.0
2024-12-30,202.73261154146036,409.2268292682927,0.0,0.001620784244663831,0.0,0.0
2024-12-31,202.73261154146036,406.1365853658537,-0.0,-0.007551420584922086,0.0,0.0
2025-01-01,202.73261154146036,408.9414634146342,0.0,0.00690624324389244,0.0,0.0
2025-01-02,202.73261154146036,421.02317073170735,0.0,0.029543855045149225,0.0,0.0
2025-01-03,202.73261154146036,439.96097560975613,0.0,0.04498043384438022,0.0,0.0
2025-01-04,202.73261154146036,445.9024390243903,0.0,0.013504523682809966,0.0,0.0
2025-01-05,202.73261154146036,443.3487804878049,-0.0,-0.005726944535608847,0.0,0.0
2025-01-06,202.73261154146036,449.84634146341466,0.0,0.014655641927018737,0.0,0.0
2025-01-07,202.73261154146036,412.23048780487807,-0.0,-0.08361933885283312,0.0,0.0
2025-01-08,202.73261154146036,405.64512195121955,-0.0,-0.015974960728221577,0.0,0.0
2025-01-09,202.73261154146036,392.5378048780488,-0.0,-0.03231227583884744,0.0,0.0
2025-01-10,202.73261154146036,398.3573170731708,0.0,0.01482535471183466,0.0,0.0
2025-01-11,202.73261154146036,400.2451219512196,0.0,0.004738973773392496,0.0,0.0
2025-01-12,202.73261154146036,398.2951219512195,-0.0,-0.004872014405806313,0.0,0.0
2025-01-13,202.73261154146036,382.4487804878049,-0.0,-0.03978542691104159,0.0,0.0
2025-01-14,202.73261154146036,393.1670731707317,0.0,0.028025433024667645,0.0,0.0
2025-01-15,202.73261154146036,420.92439024390245,0.0,0.07059929217703642,0.0,0.0
2025-01-16,202.73261154146036,403.3817073170732,-0.0,-0.0416765655149236,0.0,0.0
2025-01-17,202.73261154146036,423.8378048780488,0.0,0.05071151514785055,0.0,0.0
2025-01-18,202.73261154146036,402.9353658536586,-0.0,-0.049317070784670736,0.0,0.0
2025-01-19,202.73261154146036,391.46707317073174,-0.0,-0.028461866728005103,0.0,0.0
2025-01-20,202.73261154146036,400.04878048780495,0.0,0.021921913502366053,0.0,0.0
2025-01-21,202.73261154146036,405.8012195121952,0.0,0.014379343982441117,0.0,0.0
2025-01-22,202.73261154146036,395.2865853658537,-0.0,-0.025910799772807303,0.0,0.0
2025-01-23,202.73261154146036,407.1548780487805,0.0,0.030024526817529873,0.0,0.0
2025-01-24,202.73261154146036,403.62439024390244,-0.0,-0.008671117540817286,0.0,0.0
2025-01-25,202.73261154146036,404.67926829268293,0.0,0.002613514134126138,0.0,0.0
2025-01-26,202.73261154146036,394.08292682926833,-0.0,-0.026184542410882417,0.0,0.0
2025-01-27,202.73261154146036,388.04024390243904,-0.0,-0.015333531385000154,0.0,0.0
2025-01-28,202.73261154146036,375.129268292683,-0.0,-0.033272259289173545,0.0,0.0
2025-01-29,202.73261154146036,379.759756097561,0.0,0.012343712411331476,0.0,0.0
2025-01-30,202.73261154146036,396.03414634146344,0.0,0.04285443621288154,0.0,0.0
2025-01-31,202.73261154146036,402.4378048780488,0.0,0.016169460627933008,0.0,0.0
2025-02-01,202.73261154146036,380.0951219512196,-0.0,-0.055518350055606125,0.0,0.0
2025-02-02,202.73261154146036,349.9085365853659,-0.0,-0.07941850242878878,0.0,0.0
2025-02-03,202.73261154146036,351.6609756097561,0.0,0.005008277424414009,0.0,0.0
2025-02-04,202.73261154146036,333.179268292683,-0.0,-0.052555468473654554,0.0,0.0
2025-02-05,202.73261154146036,340.0365853658537,0.0,0.020581463871716332,0.0,0.0
2025-02-06,202.73261154146036,327.6951219512195,-0.0,-0.036294516371983,0.0,0.0
2025-02-07,202.73261154146036,319.8719512195122,-0.0,-0.023873320680287358,0.0,0.0
2025-02-08,202.73261154146036,321.05121951219513,0.0,0.0036866886520903197,0.0,0.0
2025-02-09,202.73261154146036,320.4719512195122,-0.0,-0.0018042862243696778,0.0,0.0
2025-02-10,202.73261154146036,324.61829268292684,0.0,0.012938235148618471,0.0,0.0
2025-02-11,202.73261154146036,317.3207317073171,-0.0,-0.022480436685487937,0.0,0.0
2025-02-12,202.73261154146036,333.97317073170734,0.0,0.05247825736059908,0.0,0.0
2025-02-13,202.73261154146036,326.35243902439026,-0.0,-0.022818394934601027,0.0,0.0
2025-02-14,202.73261154146036,332.4780487804879,0.0,0.018769921788878596,0.0,0.0
2025-02-15,202.73261154146036,328.48536585365855,-0.0,-0.0120088617623757,0.0,0.0
2025-02-16,202.73261154146036,324.5743902439025,-0.0,-0.011906087808789656,0.0,0.0
2025-02-17,202.73261154146036,334.6463414634147,0.0,0.031031256692629183,0.0,0.0
2025-02-18,202.73261154146036,325.68170731707323,-0.0,-0.026788382347581963,0.0,0.0
2025-02-19,202.73261154146036,331.1304878048781,0.0,0.016730385420450133,0.0,0.0
2025-02-20,202.73261154146036,333.9817073170732,0.0,0.008610561748923828,0.0,0.0
2025-02-21,202.73261154146036,324.59634146341466,-0.0,-0.02810143683931865,0.0,0.0
2025-02-22,202.73261154146036,337.01219512195127,0.0,0.03825013431316182,0.0,0.0
2025-02-23,202.73261154146036,343.85731707317075,0.0,0.0203111995657681,0.0,0.0
2025-02-24,202.73261154146036,306.5060975609756,-0.0,-0.10862418118689343,0.0,0.0
2025-02-25,202.73261154146036,303.94756097560975,-0.0,-0.008347424751825261,0.0,0.0
2025-02-26,202.73261154146036,284.50365853658536,-0.0,-0.0639712402251672,0.0,0.0
2025-02-27,202.73261154146036,281.1231707317073,-0.0,-0.01188205389788799,0.0,0.0
2025-02-28,202.73261154146036,272.7268292682927,-0.0,-0.029867127073021527,0.0,0.0
2025-03-01,202.73261154146036,270.3060975609757,-0.0,-0.008876030692732795,0.0,0.0
2025-03-02,202.73261154146036,307.1207317073171,0.0,0.13619609205462635,0.0,0.0
2025-03-03,202.73261154146036,261.89390243902443,-0.0,-0.1472607499235622,0.0,0.0
2025-03-04,202.73261154146036,264.7463414634147,0.0,0.010891582422597024,0.0,0.0
2025-03-05,202.73261154146036,273.3573170731708,0.0,0.03252538094448432,0.0,0.0
2025-03-06,202.73261154146036,268.5878048780488,-0.0,-0.017447903887077176,0.0,0.0
2025-03-07,202.73261154146036,261.0743902439024,-0.0,-0.02797377430281245,0.0,0.0
2025-03-08,202.73261154146036,268.66219512195124,0.0,0.029063765584054657,0.0,0.0
2025-03-09,202.73261154146036,246.34390243902442,-0.0,-0.08307195090398234,0.0,0.0
2025-03-10,202.73261154146036,227.33170731707318,-0.0,-0.07717745368857742,0.0,0.0
2025-03-11,202.73261154146036,234.5219512195122,0.0,0.031628865094521785,0.0,0.0
2025-03-12,202.73261154146036,232.67439024390248,-0.0,-0.007877987395220054,0.0,0.0
2025-03-13,202.73261154146036,227.2939024390244,-0.0,-0.023124538111985338,0.0,0.0
2025-03-14,202.73261154146036,233.12804878048783,0.0,0.025667852409848813,0.0,0.0
2025-03-15,202.73261154146036,236.2939024390244,0.0,0.013579891716579917,0.0,0.0
2025-03-16,202.73261154146036,230.09756097560978,-0.0,-0.026223027337802685,0.0,0.0
2025-03-17,202.73261154146036,234.91219512195124,0.0,0.020924316302734836,0.0,0.0
2025-03-18,202.73261154146036,235.51829268292684,0.0,0.0025801025811409417,0.0,0.0
2025-03-19,202.73261154146036,250.8609756097561,0.0,0.06514433656957919,0.0,0.0
2025-03-20,202.73261154146036,241.78902439024392,-0.0,-0.036163262131391316,0.0,0.0
2025-03-21,202.73261154146036,239.6317073170732,-0.0,-0.008922311832024521,0.0,0.0
2025-03-22,202.73261154146036,241.50609756097563,0.0,0.007821962564504403,0.0,0.0
2025-03-23,202.73261154146036,244.63048780487807,0.0,0.012937107077031884,0.0,0.0
2025-03-24,202.73261154146036,253.85609756097563,0.0,0.03771242840122224,0.0,0.0
2025-03-25,202.73261154146036,252.04634146341468,-0.0,-0.00712906294136284,0.0,0.0
2025-03-26,202.73261154146036,245.08780487804881,-0.0,-0.027608163423296195,0.0,0.0
2025-03-27,202.73261154146036,244.30731707317074,-0.0,-0.00318452321716467,0.0,0.0
2025-03-28,202.73261154146036,231.2475609756098,-0.0,-0.05345626260407721,0.0,0.0
2025-03-29,202.73261154146036,222.85243902439026,-0.0,-0.03630361295834361,0.0,0.0
2025-03-30,202.73261154146036,220.40365853658537,-0.0,-0.010988349503937345,0.0,0.0
2025-03-31,202.73261154146036,222.1987804878049,0.0,0.008144701241070917,0.0,0.0
2025-04-01,202.73261154146036,232.33292682926833,0.0,0.04560846967393517,0.0,0.0
2025-04-02,202.73261154146036,218.86585365853662,-0.0,-0.05796454835103115,0.0,0.0
2025-04-03,202.73261154146036,221.50731707317073,0.0,0.012068869448932817,0.0,0.0
2025-04-04,202.73261154146036,221.51097560975612,0.0,1.6516549582901163e-05,0.0,0.0
2025-04-05,202.73261154146036,220.1329268292683,-0.0,-0.0062211309245262525,0.0,0.0
2025-04-06,202.73261154146036,192.6548780487805,-0.0,-0.12482480097945248,0.0,0.0
2025-04-07,202.73261154146036,189.34634146341466,-0.0,-0.017173385999227686,0.0,0.0
2025-04-08,202.73261154146036,179.5048780487805,-0.0,-0.05197598928277003,0.0,0.0
2025-04-09,202.73261154146036,203.56951219512197,0.0,0.13406117097164283,0.0,0.0
2025-04-10,202.73261154146036,185.55,-0.0,-0.08851773529746532,0.0,0.0
2025-04-11,202.73261154146036,190.99146341463418,0.0,0.029326129962997438,0.0,0.0
2025-04-12,202.73261154146036,200.46951219512195,0.0,0.0496255100151326,0.0,0.0
2025-04-13,202.73261154146036,194.76097560975612,-0.0,-0.028475834169784275,0.0,0.0
2025-04-14,202.73261154146036,198.05243902439025,0.0,0.016900015027801363,0.0,0.0
2025-04-15,202.73261154146036,193.7365853658537,-0.0,-0.021791469369408123,0.0,0.0
2025-04-16,202.73261154146036,192.35000000000002,-0.0,-0.0071570651626549076,0.0,0.0
2025-04-17,202.73261154146036,193.15,0.0,0.004159085001299578,0.0,0.0
2025-04-18,202.73261154146036,193.72804878048782,0.0,0.002992745433537669,0.0,0.0
2025-04-19,202.73261154146036,196.69146341463414,0.0,0.01529677634602189,0.0,0.0
2025-04-20,202.73261154146036,193.57560975609758,-0.0,-0.015841326331322403,0.0,0.0
2025-04-21,202.73261154146036,192.6280487804878,-0.0,-0.0048950432174986735,0.0,0.0
2025-04-22,202.73261154146036,214.26829268292684,0.0,0.11234212275648137,0.0,0.0
2025-04-23,202.73261154146036,219.01463414634148,0.0,0.022151394422310844,0.0,0.0
2025-04-24,202.73261154146036,215.9036585365854,-0.0,-0.014204418905073735,0.0,0.0
2025-04-25,202.73261154146036,217.7987804878049,0.0,0.008777627781135333,0.0,0.0
2025-04-26,202.73261154146036,222.14634146341464,0.0,0.019961365099806727,0.0,0.0
2025-04-27,202.73261154146036,218.52195121951223,-0.0,-0.01631532718489226,0.0,0.0
2025-04-28,202.73261154146036,219.5439024390244,0.0,0.0046766524544052945,0.0,0.0
2025-04-29,202.73261154146036,219.2939024390244,-0.0,-0.001138724406474556,0.0,0.0
2025-04-30,202.73261154146036,218.7548780487805,-0.0,-0.002457999899900476,0.0,0.0
2025-05-01,202.73261154146036,224.24634146341464,0.0,0.025103272958373113,0.0,0.0
2025-05-02,202.73261154146036,224.7536585365854,0.0,0.0022623204011269493,0.0,0.0
2025-05-03,202.73261154146036,223.66219512195124,-0.0,-0.004856265396260384,0.0,0.0
2025-05-04,202.73261154146036,220.609756097561,-0.0,-0.01364754120706857,0.0,0.0
2025-05-05,202.73261154146036,221.96951219512198,0.0,0.006163626312880144,0.0,0.0
2025-05-06,202.73261154146036,221.59268292682927,-0.0,-0.0016976622805813246,0.0,0.0
2025-05-07,202.73261154146036,220.89634146341464,-0.0,-0.0031424388847919316,0.0,0.0
2025-05-08,202.73261154146036,269.15731707317076,0.0,0.21847793082507527,0.0,0.0
2025-05-09,202.73261154146036,286.01097560975614,0.0,0.06261638628238986,0.0,0.0
2025-05-10,202.73261154146036,315.0975609756098,0.0,0.10169744466569175,0.0,0.0
2025-05-11,202.73261154146036,306.6817073170732,-0.0,-0.02670872358541687,0.0,0.0
2025-05-12,202.73261154146036,304.36951219512196,-0.0,-0.007539396927775277,0.0,0.0
2025-05-13,202.73261154146036,326.8146341463415,0.0,0.07374300332955386,0.0,0.0
2025-05-14,202.73261154146036,318.3304878048781,-0.0,-0.025960117617206846,0.0,0.0
2025-05-15,202.73261154146036,310.83414634146345,-0.0,-0.023548927138922093,0.0,0.0
2025-05-16,202.73261154146036,309.5146341463415,-0.0,-0.00424506834481575,0.0,0.0
2025-05-17,202.73261154146036,301.9646341463415,-0.0,-0.024393030787779435,0.0,0.0
2025-05-18,202.73261154146036,304.66341463414636,0.0,0.008937405850305336,0.0,0.0
2025-05-19,202.73261154146036,308.379268292683,0.0,0.012196586396823417,0.0,0.0
2025-05-20,202.73261154146036,307.93292682926835,-0.0,-0.0014473783075164004,0.0,0.0
2025-05-21,202.73261154146036,311.18658536585366,0.0,0.010566127403417669,0.0,0.0
2025-05-22,202.73261154146036,325.04756097560977,0.0,0.04454233010545772,0.0,0.0
2025-05-23,202.73261154146036,308.17317073170733,-0.0,-0.05191360363774156,0.0,0.0
2025-05-24,202.73261154146036,308.65731707317076,0.0,0.0015710204113936754,0.0,0.0
2025-05-25,202.73261154146036,311.2585365853659,0.0,0.008427532309491781,0.0,0.0
2025-05-26,202.73261154146036,312.7219512195122,0.0,0.004701604814443261,0.0,0.0
2025-05-27,202.73261154146036,324.63902439024395,0.0,0.03810756847819308,0.0,0.0
2025-05-28,202.73261154146036,327.0926829268293,0.0,0.007558113326621596,0.0,0.0
2025-05-29,202.73261154146036,320.93658536585366,-0.0,-0.01882065201181138,0.0,0.0
2025-05-30,202.73261154146036,308.77317073170735,-0.0,-0.03789974464980539,0.0,0.0
2025-05-31,202.73261154146036,308.4524390243903,-0.0,-0.0010387291957946188,0.0,0.0
2025-06-01,202.73261154146036,309.8024390243903,0.0,0.004376687713249838,0.0,0.0
2025-06-02,202.73261154146036,318.20609756097565,0.0,0.027125863059857203,0.0,0.0
2025-06-03,202.73261154146036,316.46707317073174,-0.0,-0.005465088204070767,0.0,0.0
2025-06-04,202.73261154146036,318.179268292683,0.0,0.00541034207697022,0.0,0.0
2025-06-05,202.73261154146036,294.55365853658543,-0.0,-0.07425251143127631,0.0,0.0
2025-06-06,202.73261154146036,302.22439024390246,0.0,0.026041882302284325,0.0,0.0
2025-06-07,202.73261154146036,308.0658536585366,0.0,0.019328232939505474,0.0,0.0
2025-06-08,202.73261154146036,306.1926829268293,-0.0,-0.006080423096107013,0.0,0.0
2025-06-09,202.73261154146036,326.98658536585367,0.0,0.06791116704769018,0.0,0.0
2025-06-10,202.73261154146036,343.4756097560976,0.0,0.050427219733784945,0.0,0.0
2025-06-11,202.73261154146036,338.09634146341466,-0.0,-0.015661281732646914,0.0,0.0
2025-06-12,202.73261154146036,322.41463414634154,-0.0,-0.04638236323172418,0.0,0.0
2025-06-13,202.73261154146036,314.659756097561,-0.0,-0.02405250018912175,0.0,0.0
2025-06-14,202.73261154146036,308.77682926829266,-0.0,-0.018696152638738806,0.0,0.0
2025-06-15,202.73261154146036,310.7353658536586,0.0,0.006342887159010768,0.0,0.0
2025-06-16,202.73261154146036,310.3987804878049,-0.0,-0.0010831897583624128,0.0,0.0
2025-06-17,202.73261154146036,306.1829268292683,-0.0,-0.01358205612764074,0.0,0.0
2025-06-18,202.73261154146036,307.9926829268293,0.0,0.005910702194607209,0.0,0.0
2025-06-19,202.73261154146036,307.50243902439024,-0.0,-0.0015917387964553553,0.0,0.0
2025-06-20,202.73261154146036,293.5609756097561,-0.0,-0.04533773279609132,0.0,0.0
2025-06-21,202.73261154146036,280.15609756097564,-0.0,-0.04566301096709857,0.0,0.0
2025-06-22,202.73261154146036,271.7634146341464,-0.0,-0.029957166736314322,0.0,0.0
2025-06-23,202.73261154146036,294.26829268292687,0.0,0.08281055078394939,0.0,0.0
2025-06-24,202.73261154146036,298.76463414634145,0.0,0.015279734769995779,0.0,0.0
2025-06-25,202.73261154146036,295.13292682926834,-0.0,-0.012155747039638731,0.0,0.0
2025-06-26,202.73261154146036,294.80487804878055,-0.0,-0.001111528910081927,0.0,0.0
2025-06-27,202.73261154146036,295.6341463414634,0.0,0.002812939521800173,0.0,0.0
2025-06-28,202.73261154146036,297.20487804878053,0.0,0.0053130929791271875,0.0,0.0
2025-06-29,202.73261154146036,304.96219512195125,0.0,0.026100907643573423,0.0,0.0
2025-06-30,202.73261154146036,303.18902439024396,-0.0,-0.0058143952269174015,0.0,0.0
2025-07-01,202.73261154146036,293.3317073170732,-0.0,-0.032512117128894014,0.0,0.0
2025-07-02,202.73261154146036,313.5524390243903,0.0,0.06893469475994873,0.0,0.0
2025-07-03,204.38845346402772,316.1134146341464,0.00816761501752139,0.00816761501752139,1.0,1.0
2025-07-04,197.81791501604965,305.95121951219517,-0.03214730742671079,-0.03214730742671079,1.0,0.0
2025-07-05,197.81791501604965,306.9524390243903,0.0,0.003272480867346994,0.0,1.0
2025-07-06,197.81791501604965,313.51707317073175,0.0,0.021386486346895772,0.0,0.0
2025-07-07,197.81791501604965,310.04634146341465,-0.0,-0.011070311649110764,0.0,0.0
2025-07-08,197.81791501604965,319.0878048780488,0.0,0.0291616516807085,0.0,0.0
2025-07-09,197.81791501604965,337.78414634146344,0.0,0.05859309311604721,0.0,0.0
2025-07-10,197.81791501604965,359.9048780487805,0.0,0.06548777361787539,0.0,0.0
2025-07-11,197.81791501604965,360.86829268292684,0.0,0.00267685906167614,0.0,0.0
2025-07-12,197.81791501604965,359.06951219512194,-0.0,-0.004984590013247137,0.0,0.0
2025-07-13,197.81791501604965,362.6073170731708,0.0,0.009852701936237773,0.0,0.0
2025-07-14,197.81791501604965,367.6256097560976,0.0,0.01383946888725962,0.0,0.0
2025-07-15,197.81791501604965,382.6841463414635,0.0,0.04096160927242387,0.0,0.0
2025-07-16,197.81791501604965,411.3560975609756,0.0,0.07492327940318844,0.0,0.0
2025-07-17,197.81791501604965,424.36219512195123,0.0,0.03161761218100745,0.0,0.0
2025-07-18,197.81791501604965,432.8865853658537,0.0,0.020087534520959682,0.0,0.0
2025-07-19,197.81791501604965,438.32926829268297,0.0,0.012572999743638125,0.0,0.0
2025-07-20,197.81791501604965,458.3658536585366,0.0,0.04571126505856493,0.0,0.0
2025-07-21,197.81791501604965,458.99390243902445,0.0,0.0013701910285743857,0.0,0.0
2025-07-22,197.81791501604965,457.1487804878049,-0.0,-0.004019926934573315,0.0,0.0
2025-07-23,197.81791501604965,442.7243902439025,-0.0,-0.031552944817025974,0.0,0.0
2025-07-24,197.81791501604965,452.26829268292687,0.0,0.02155720951756579,0.0,0.0
2025-07-25,197.81791501604965,454.37073170731713,0.0,0.004648654478779157,0.0,0.0
2025-07-26,197.81791501604965,456.4707317073171,0.0,0.004621776565821412,0.0,0.0
2025-07-27,197.81791501604965,472.429268292683,0.0,0.03496070060324974,0.0,0.0
2025-07-28,197.81791501604965,463.3487804878049,-0.0,-0.019220840905336156,0.0,0.0
2025-07-29,197.81791501604965,462.60975609756105,-0.0,-0.0015949634948123625,0.0,0.0
2025-07-30,197.81791501604965,464.68780487804884,0.0,0.004492012442663507,0.0,0.0
2025-07-31,197.81791501604965,450.9841463414635,-0.0,-0.029490032647148334,0.0,0.0
2025-08-01,197.81791501604965,425.16951219512197,-0.0,-0.05724066878128331,0.0,0.0
2025-08-02,197.81791501604965,413.75609756097566,-0.0,-0.026844386313636615,0.0,0.0
2025-08-03,197.81791501604965,426.5012195121952,0.0,0.03080346616364049,0.0,0.0
2025-08-04,197.81791501604965,453.7646341463415,0.0,0.06392341542499813,0.0,0.0
2025-08-05,197.81791501604965,440.4353658536586,-0.0,-0.029374850505392458,0.0,0.0
2025-08-06,197.81791501604965,449.24390243902445,0.0,0.0199996123569528,0.0,0.0
2025-08-07,197.81791501604965,476.9853658536586,0.0,0.06175145230468537,0.0,0.0
2025-08-08,197.81791501604965,489.1463414634147,0.0,0.025495489967478635,0.0,0.0
2025-08-09,197.81791501604965,519.8121951219513,0.0,0.0626925953627524,0.0,0.0
2025-08-10,197.81791501604965,518.5256097560975,-0.0,-0.0024750965404954917,0.0,0.0
2025-08-11,197.81791501604965,515.180487804878,-0.0,-0.006451218393616065,0.0,0.0
2025-08-12,197.81791501604965,559.7414634146342,0.0,0.08649585274400651,0.0,0.0
2025-08-13,197.81791501604965,579.4463414634147,0.0,0.03520353473293425,0.0,0.0
2025-08-14,197.81791501604965,554.95,-0.0,-0.0422754269214094,0.0,0.0
2025-08-15,197.81791501604965,541.7756097560977,-0.0,-0.023739778797914113,0.0,0.0
2025-08-16,197.81791501604965,539.6500000000001,-0.0,-0.003923413527335606,0.0,0.0
2025-08-17,197.81791501604965,545.789024390244,0.0,0.01137593697812278,0.0,0.0
2025-08-18,197.81791501604965,526.2646341463415,-0.0,-0.035772779171796554,0.0,0.0
2025-08-19,186.84007666428755,497.059756097561,-0.055494662103133696,-0.055494662103133696,1.0,1.0
2025-08-20,198.7823952186598,528.8304878048781,0.06391732848531251,0.06391732848531251,1.0,0.0
2025-08-21,193.64919687796197,515.1743902439025,-0.025823203986707788,-0.025823203986707788,1.0,0.0
2025-08-22,221.4655577023847,589.1756097560976,0.14364304770110992,0.14364304770110992,1.0,0.0
2025-08-23,218.96680219647794,582.5280487804878,-0.011282817661718347,-0.011282817661718347,1.0,0.0
2025-08-24,219.11074078184848,582.9109756097562,0.0006573534614684462,0.0006573534614684462,1.0,0.0
2025-08-25,200.64397036257608,533.7829268292684,-0.08428053482626086,-0.08428053482626086,1.0,0.0
2025-08-26,210.94062165108787,561.1756097560976,0.051318020022755206,0.051318020022755206,1.0,0.0
2025-08-27,206.6000023362041,549.6280487804878,-0.0205774463017534,-0.0205774463017534,1.0,0.0
2025-08-28,206.7994077012875,550.1585365853659,0.0009651760059463665,0.0009651760059463665,1.0,0.0
2025-08-29,199.87293628425368,531.7317073170732,-0.03349367144725479,-0.03349367144725479,1.0,0.0
2025-08-30,200.53211999687412,533.4853658536585,0.0032980138525755542,0.0032980138525755542,1.0,0.0
2025-08-31,201.32653263524074,535.5987804878049,0.003961523163366509,0.003961523163366509,1.0,0.0
2025-09-01,197.78995242462423,526.1902439024391,-0.017566389110887926,-0.017566389110887926,1.0,0.0
2025-09-02,198.3313265307471,527.630487804878,0.00273711631701401,0.00273711631701401,1.0,0.0
2025-09-03,204.09941321774485,542.9756097560976,0.029083084290789207,0.029083084290789207,1.0,0.0
2025-09-04,197.03862968124113,524.1914634146342,-0.03459482526277957,-0.03459482526277957,1.0,0.0
2025-09-05,197.46402779341898,525.3231707317074,0.002158957930564309,0.002158957930564309,1.0,0.0
2025-09-06,195.928377280708,521.2378048780488,-0.007776862094181269,-0.007776862094181269,1.0,0.0
2025-09-07,197.3682215375514,525.0682926829269,0.007348829591848904,0.007348829591848904,1.0,0.0
2025-09-08,197.3810568254188,525.1024390243903,6.503219093434431e-05,6.503219093434431e-05,1.0,0.0
2025-09-09,197.568543708911,525.6012195121953,0.0009498727309886768,0.0009498727309886768,1.0,0.0
2025-09-10,199.4053650833686,530.4878048780488,0.009297134756248937,0.009297134756248937,1.0,0.0
2025-09-11,204.4711781627624,543.9646341463415,0.025404597701149445,0.025404597701149445,1.0,0.0
2025-09-12,216.12149391815046,574.9585365853659,0.05697778953527721,0.05697778953527721,1.0,0.0
2025-09-13,214.0284251894823,569.3902439024391,-0.009684685640109714,-0.009684685640109714,1.0,0.0
2025-09-14,211.13727659734252,561.6987804878049,-0.013508245877061453,-0.013508245877061453,1.0,0.0
2025-09-15,207.40725026243823,551.7756097560977,-0.01766635619733692,-0.01766635619733692,1.0,0.0
2025-09-16,206.40518100250202,549.109756097561,-0.004831409020987776,-0.004831409020987776,1.0,0.0
2025-09-17,210.5065138792857,560.0207317073172,0.01987030004219692,0.01987030004219692,1.0,0.0
2025-09-18,210.3795362100257,559.6829268292682,-0.0006032006654806965,-0.0006032006654806965,1.0,0.0
2025-09-19,204.9520430546531,545.2439024390244,-0.02579857933498919,-0.02579857933498919,1.0,0.0
2025-09-20,205.4879163231185,546.6695121951219,0.0026146276000893476,0.0026146276000893476,1.0,0.0
2025-09-21,203.853250732573,542.3207317073171,-0.007955044850301962,-0.007955044850301962,1.0,0.0
2025-09-22,192.64025157095398,512.490243902439,-0.05500525069540785,-0.05500525069540785,1.0,0.0
2025-09-23,192.64025157095398,507.95,-0.0,-0.008859181138486938,0.0,1.0
2025-09-24,192.64025157095398,506.5731707317073,-0.0,-0.00271056062268471,0.0,0.0
2025-09-25,192.64025157095398,472.6463414634147,-0.0,-0.06697320590288636,0.0,0.0
2025-09-26,192.64025157095398,491.98414634146343,0.0,0.04091389942462009,0.0,0.0
2025-09-27,192.64025157095398,490.2865853658537,-0.0,-0.0034504383692712803,0.0,0.0
2025-09-28,192.64025157095398,505.2743902439025,0.0,0.030569477781785093,0.0,0.0
2025-09-29,192.64025157095398,514.298780487805,0.0,0.017860375309237897,0.0,0.0
2025-09-30,192.64025157095398,505.60853658536587,-0.0,-0.01689726717647766,0.0,0.0
2025-10-01,192.64025157095398,530.5512195121952,0.0,0.0493320051423185,0.0,0.0
2025-10-02,192.64025157095398,547.2548780487805,0.0,0.03148359276592205,0.0,0.0
2025-10-03,193.85941487708175,550.718292682927,0.006328704910763205,0.006328704910763205,1.0,1.0
2025-10-04,192.74843085023014,547.5621951219513,-0.0057308747555853135,-0.0057308747555853135,1.0,0.0
2025-10-05,193.83838001722248,550.6585365853658,0.005654775824552649,0.005654775824552649,1.0,0.0
2025-10-06,201.17568256241086,571.5024390243902,0.03785268193294056,0.03785268193294056,1.0,0.0
2025-10-07,191.02228449320916,542.6585365853659,-0.05047030505812655,-0.05047030505812655,1.0,0.0
2025-10-08,194.34922661380415,552.109756097561,0.017416513101712328,0.017416513101712328,1.0,0.0
2025-10-09,187.63524277301624,533.0365853658536,-0.034545976630662945,-0.034545976630662945,1.0,0.0
2025-10-10,187.63524277301624,467.82317073170736,-0.0,-0.12234322450753843,0.0,1.0
2025-10-11,187.63524277301624,457.39024390243907,-0.0,-0.022301004913780842,0.0,0.0
2025-10-12,187.63524277301624,506.85487804878056,0.0,0.10814536340852143,0.0,0.0
2025-10-13,187.63524277301624,517.6451219512195,0.0,0.021288625935647953,0.0,0.0
2025-10-14,187.63524277301624,503.2182926829269,-0.0,-0.027870115367670922,0.0,0.0
2025-10-15,187.63524277301624,486.2841463414635,-0.0,-0.03365169070301166,0.0,0.0
2025-10-16,187.63524277301624,474.9890243902439,-0.0,-0.023227411455211677,0.0,0.0
2025-10-17,187.63524277301624,467.4378048780488,-0.0,-0.015897671576493466,0.0,0.0
2025-10-18,187.63524277301624,474.43902439024396,0.0,0.01497786323470729,0.0,0.0
2025-10-19,187.63524277301624,485.84024390243906,0.0,0.024030947974501338,0.0,0.0
2025-10-20,187.63524277301624,485.4170731707318,-0.0,-0.000871007984658112,0.0,0.0
2025-10-21,187.63524277301624,472.5085365853659,-0.0,-0.02659267112515762,0.0,0.0
2025-10-22,187.63524277301624,464.1609756097561,-0.0,-0.017666476538041764,0.0,0.0
2025-10-23,187.63524277301624,470.5378048780488,0.0,0.013738400260632888,0.0,0.0
2025-10-24,187.63524277301624,480.01219512195127,0.0,0.020135237053604982,0.0,0.0
2025-10-25,187.63524277301624,482.2585365853659,0.0,0.00467975915246055,0.0,0.0
2025-10-26,187.63524277301624,507.17195121951227,0.0,0.05165987275320405,0.0,0.0
2025-10-27,187.63524277301624,502.4512195121952,-0.0,-0.009307951072542342,0.0,0.0
2025-10-28,187.63524277301624,485.3963414634147,-0.0,-0.03394335088954159,0.0,0.0
2025-10-29,187.63524277301624,476.1219512195122,-0.0,-0.01910684002261165,0.0,0.0
2025-10-30,187.63524277301624,463.9048780487805,-0.0,-0.02565954612980892,0.0,0.0
2025-10-31,187.63524277301624,468.99878048780494,0.0,0.010980489061571674,0.0,0.0
2025-11-01,187.63524277301624,472.2146341463415,0.0,0.006856848657883052,0.0,0.0
2025-11-02,187.63524277301624,476.3378048780488,0.0,0.008731560679310801,0.0,0.0
2025-11-03,187.63524277301624,439.3756097560976,-0.0,-0.0775966021244402,0.0,0.0
2025-11-04,187.63524277301624,400.7573170731708,-0.0,-0.08789357402966513,0.0,0.0
2025-11-05,187.63524277301624,417.54756097560977,0.0,0.04189628782092436,0.0,0.0
2025-11-06,187.63524277301624,404.0804878048781,-0.0,-0.032252788494957496,0.0,0.0
2025-11-07,187.63524277301624,418.7451219512196,0.0,0.03629136914282949,0.0,0.0
2025-11-08,187.63524277301624,414.6902439024391,-0.0,-0.009683403665423085,0.0,0.0
2025-11-09,187.63524277301624,436.9414634146342,0.0,0.05365744634549441,0.0,0.0
2025-11-10,187.63524277301624,434.9378048780488,-0.0,-0.004585645227914714,0.0,0.0
2025-11-11,187.63524277301624,416.65121951219515,-0.0,-0.042044138634904304,0.0,0.0
2025-11-12,187.63524277301624,416.3487804878049,-0.0,-0.0007258805692308412,0.0,0.0
2025-11-13,187.63524277301624,393.85975609756105,-0.0,-0.054014867928507404,0.0,0.0
2025-11-14,187.63524277301624,379.2060975609756,-0.0,-0.03720526992088935,0.0,0.0
2025-11-15,187.63524277301624,386.13414634146346,0.0,0.01826987705379346,0.0,0.0
2025-11-16,187.63524277301624,377.1036585365854,-0.0,-0.02338691848529839,0.0,0.0
2025-11-17,187.63524277301624,369.2548780487805,-0.0,-0.020813323631659886,0.0,0.0
2025-11-18,187.63524277301624,380.7,0.0,0.030995181462998955,0.0,0.0
2025-11-19,187.63524277301624,368.6707317073171,-0.0,-0.03159776278613846,0.0,0.0
2025-11-20,187.63524277301624,345.19390243902444,-0.0,-0.06367966656743074,0.0,0.0
2025-11-21,187.63524277301624,337.0719512195122,-0.0,-0.02352866363549666,0.0,0.0
2025-11-22,187.63524277301624,337.6219512195122,0.0,0.001631699101661166,0.0,0.0
2025-11-23,187.63524277301624,341.60243902439026,0.0,0.011789777858045802,0.0,0.0
2025-11-24,187.63524277301624,360.07195121951224,0.0,0.0540672726104372,0.0,0.0
2025-11-25,187.63524277301624,360.7524390243903,0.0,0.0018898661852813081,0.0,0.0
2025-11-26,187.63524277301624,369.07682926829267,0.0,0.023075076821142737,0.0,0.0
2025-11-27,187.63524277301624,367.6658536585366,-0.0,-0.0038229861586092095,0.0,0.0
2025-11-28,187.63524277301624,369.73902439024397,0.0,0.005638736127050681,0.0,0.0
2025-11-29,187.63524277301624,364.6719512195122,-0.0,-0.013704458649146156,0.0,0.0
2025-11-30,187.63524277301624,364.86585365853665,0.0,0.000531717447354918,0.0,0.0
2025-12-01,187.63524277301624,341.25609756097566,-0.0,-0.06470804505498173,0.0,0.0
2025-12-02,187.63524277301624,365.4512195121951,0.0,0.07090018940070753,0.0,0.0
2025-12-03,187.63524277301624,388.9987804878049,0.0,0.06443421096539526,0.0,0.0
2025-12-04,187.63524277301624,382.21097560975613,-0.0,-0.017449424570269434,0.0,0.0
2025-12-05,187.63524277301624,368.61097560975617,-0.0,-0.03558244233646979,0.0,0.0
2025-12-06,187.63524277301624,370.6256097560976,0.0,0.005465475201894998,0.0,0.0
2025-12-07,187.63524277301624,373.2926829268293,0.0,0.007196138368546157,0.0,0.0
2025-12-08,187.63524277301624,381.08902439024394,0.0,0.02088533159098338,0.0,0.0
2025-12-09,187.63524277301624,404.70000000000005,0.0,0.06195658782756741,0.0,0.0
2025-12-10,187.63524277301624,405.49024390243903,0.0,0.00195266593140353,0.0,0.0
2025-12-11,187.63524277301624,394.80487804878055,-0.0,-0.026351721192654498,0.0,0.0
2025-12-12,187.63524277301624,376.2085365853659,-0.0,-0.04710261320813003,0.0,0.0
2025-12-13,187.63524277301624,379.87804878048786,0.0,0.009753931233001945,0.0,0.0
2025-12-14,187.63524277301624,373.57317073170736,-0.0,-0.016597110754414057,0.0,0.0
2025-12-15,187.63524277301624,361.51219512195127,-0.0,-0.032285443802435365,0.0,0.0
2025-12-16,187.63524277301624,361.2146341463415,-0.0,-0.0008231007961139181,0.0,0.0
2025-12-17,187.63524277301624,345.3963414634147,-0.0,-0.043791948574592565,0.0,0.0
2025-12-18,187.63524277301624,344.7036585365854,-0.0,-0.002005472680730813,0.0,0.0
2025-12-19,187.63524277301624,363.1743902439025,0.0,0.05358437965449281,0.0,0.0
2025-12-20,187.63524277301624,363.0,-0.0,-0.00048018320836262784,0.0,0.0
2025-12-21,187.63524277301624,366.0268292682927,0.0,0.008338372639924874,0.0,0.0
2025-12-22,187.63524277301624,366.79146341463417,0.0,0.002089011201364732,0.0,0.0
2025-12-23,187.63524277301624,361.32317073170736,-0.0,-0.014908451336407724,0.0,0.0
2025-12-24,187.63524277301624,359.1548780487805,-0.0,-0.006000978787316202,0.0,0.0
2025-12-25,187.63524277301624,353.94390243902444,-0.0,-0.014508992995073133,0.0,0.0
2025-12-26,187.63524277301624,356.75975609756097,0.0,0.007955649579304946,0.0,0.0
2025-12-27,187.63524277301624,359.3414634146342,0.0,0.0072365430039345036,0.0,0.0
2025-12-28,187.63524277301624,359.6243902439025,0.0,0.0007873481300482155,0.0,0.0
2025-12-29,187.63524277301624,357.82804878048785,-0.0,-0.004995049034900889,0.0,0.0
2025-12-30,187.63524277301624,362.2463414634147,0.0,0.012347530323530531,0.0,0.0
2025-12-31,187.63524277301624,361.80975609756103,-0.0,-0.0012052167706922967,0.0,0.0
2026-01-01,187.63524277301624,365.9036585365854,0.0,0.011315069231909947,0.0,0.0
2026-01-02,187.63524277301624,381.1268292682927,0.0,0.0416043140770761,0.0,0.0
2026-01-03,187.63524277301624,381.15000000000003,0.0,6.079533091862821e-05,0.0,0.0
2026-01-04,187.63524277301624,383.309756097561,0.0,0.0056664203005667435,0.0,0.0
2026-01-05,187.63524277301624,393.31585365853664,0.0,0.02610446877962813,0.0,0.0
2026-01-06,187.63524277301624,401.90121951219515,0.0,0.021828171363547533,0.0,0.0
2026-01-07,187.63524277301624,386.0536585365854,-0.0,-0.03943148267836727,0.0,0.0
2026-01-08,187.63524277301624,378.57317073170736,-0.0,-0.019376808481065377,0.0,0.0
2026-01-09,187.63524277301624,376.1353658536586,-0.0,-0.0064394549495860876,0.0,0.0
2026-01-10,187.63524277301624,375.90121951219515,-0.0,-0.0006225055198731955,0.0,0.0
2026-01-11,187.63524277301624,380.32317073170736,0.0,0.01176359902543167,0.0,0.0
2026-01-12,187.63524277301624,377.06585365853664,-0.0,-0.008564603273852445,0.0,0.0
2026-01-13,187.63524277301624,405.29024390243904,0.0,0.07485268148799795,0.0,0.0
2026-01-14,187.63524277301624,409.1243902439025,0.0,0.009460248301428109,0.0,0.0
2026-01-15,187.63524277301624,404.6317073170732,-0.0,-0.010981215087545682,0.0,0.0
2026-01-16,187.63524277301624,401.8146341463415,-0.0,-0.006962067281900408,0.0,0.0
2026-01-17,187.63524277301624,403.5768292682927,0.0,0.004385592191521237,0.0,0.0
2026-01-18,187.63524277301624,400.31097560975616,-0.0,-0.00809227245394073,0.0,0.0
2026-01-19,187.63524277301624,388.72073170731716,-0.0,-0.028953100485902716,0.0,0.0
2026-01-20,187.63524277301624,358.109756097561,-0.0,-0.07874798824160556,0.0,0.0
2026-01-21,187.63524277301624,363.3658536585366,0.0,0.014677336965775556,0.0,0.0
2026-01-22,187.63524277301624,359.67804878048787,-0.0,-0.010149013290374431,0.0,0.0
2026-01-23,187.63524277301624,360.0939024390244,0.0,0.0011561830363195913,0.0,0.0
2026-01-24,187.63524277301624,359.61707317073177,-0.0,-0.001324180345912418,0.0,0.0
2026-01-25,187.63524277301624,343.20487804878053,-0.0,-0.045637975353187255,0.0,0.0
2026-01-26,187.63524277301624,356.9329268292683,0.0,0.03999957360319506,0.0,0.0
2026-01-27,187.63524277301624,368.5256097560976,0.0,0.03247860327656005,0.0,0.0
2026-01-28,187.63524277301624,366.6060975609756,-0.0,-0.005208626332352639,0.0,0.0
2026-01-29,187.63524277301624,343.63292682926834,-0.0,-0.06266445344075688,0.0,0.0
2026-01-30,187.63524277301624,329.59634146341466,-0.0,-0.04084761461996811,0.0,0.0
2026-01-31,187.63524277301624,298.7024390243903,-0.0,-0.09373254054294056,0.0,0.0
2026-02-01,187.63524277301624,276.60731707317075,-0.0,-0.07397034327334495,0.0,0.0
2026-02-02,187.63524277301624,285.98902439024397,0.0,0.03391706125616145,0.0,0.0
2026-02-03,187.63524277301624,272.009756097561,-0.0,-0.048880436312155995,0.0,0.0
2026-02-04,187.63524277301624,261.4109756097561,-0.0,-0.03896470714823708,0.0,0.0
2026-02-05,187.63524277301624,222.34146341463418,-0.0,-0.14945628087722818,0.0,0.0
2026-02-06,187.63524277301624,251.45731707317074,0.0,0.13095107503290904,0.0,0.0
2026-02-07,187.63524277301624,254.41097560975612,0.0,0.011746162613060607,0.0,0.0
2026-02-08,187.63524277301624,254.68536585365857,0.0,0.0010785314715482386,0.0,0.0
2026-02-09,187.63524277301624,256.56463414634146,0.0,0.007378783961080604,0.0,0.0
2026-02-10,187.63524277301624,246.55000000000004,-0.0,-0.03903357210420988,0.0,0.0
2026-02-11,187.63524277301624,236.51829268292687,-0.0,-0.04068832819741708,0.0,0.0
2026-02-12,187.63524277301624,237.33048780487806,0.0,0.0034339632370001816,0.0,0.0
2026-02-13,187.63524277301624,249.6926829268293,0.0,0.05208852531460195,0.0,0.0
2026-02-14,187.63524277301624,254.31707317073173,0.0,0.018520327426885697,0.0,0.0
2026-02-15,187.63524277301624,239.6780487804878,-0.0,-0.05756209839838888,0.0,0.0
2026-02-16,187.63524277301624,243.5707317073171,0.0,0.016241299303944245,0.0,0.0
2026-02-17,187.63524277301624,242.78414634146344,-0.0,-0.003229391973083362,0.0,0.0
2026-02-18,187.63524277301624,238.4158536585366,-0.0,-0.017992495592290658,0.0,0.0
2026-02-19,187.63524277301624,237.5804878048781,-0.0,-0.0035038183947907475,0.0,0.0
2026-02-20,187.63524277301624,240.01585365853663,0.0,0.010250698094612432,0.0,0.0
2026-02-21,187.63524277301624,240.609756097561,0.0,0.0024744300427308463,0.0,0.0
2026-02-22,187.63524277301624,238.63902439024392,-0.0,-0.008190572731880397,0.0,0.0
2026-02-23,187.63524277301624,226.28292682926832,-0.0,-0.05177735532797778,0.0,0.0
2026-02-24,187.63524277301624,225.84634146341466,-0.0,-0.0019293782874880705,0.0,0.0
2026-02-25,187.63524277301624,250.94024390243905,0.0,0.11111051113966974,0.0,0.0
2026-02-26,187.63524277301624,247.30487804878052,-0.0,-0.014486978242803872,0.0,0.0
2026-02-27,187.63524277301624,235.31829268292682,-0.0,-0.048468859411213705,0.0,0.0
2026-02-28,187.63524277301624,239.5987804878049,0.0,0.01819020423816209,0.0,0.0
2026-03-01,187.63524277301624,236.54634146341465,-0.0,-0.01273979365911504,0.0,0.0
2026-03-02,187.63524277301624,247.2548780487805,0.0,0.04527035387280365,0.0,0.0
2026-03-03,187.63524277301624,241.81341463414634,-0.0,-0.022007506818775946,0.0,0.0
2026-03-04,187.63524277301624,259.4646341463415,0.0,0.07299520392158843,0.0,0.0
2026-03-05,187.63524277301624,252.80365853658537,-0.0,-0.025671998157557274,0.0,0.0
2026-03-06,187.63524277301624,241.27926829268296,-0.0,-0.045586326996270965,0.0,0.0
2026-03-07,187.63524277301624,240.19634146341465,-0.0,-0.004488271358460305,0.0,0.0
2026-03-08,187.63524277301624,236.21097560975613,-0.0,-0.016592117221175706,0.0,0.0
2026-03-09,187.63524277301624,243.07195121951221,0.0,0.02904596449019836,0.0,0.0
2026-03-10,187.63524277301624,248.39024390243904,0.0,0.02187949969646641,0.0,0.0
2026-03-11,187.63524277301624,250.27439024390247,0.0,0.007585428122545146,0.0,0.0
2026-03-12,187.63524277301624,252.9268292682927,0.0,0.010598124010232635,0.0,0.0
2026-03-13,187.63524277301624,255.2207317073171,0.0,0.009069431051109023,0.0,0.0
2026-03-14,187.63524277301624,255.6951219512195,0.0,0.0018587449410123469,0.0,0.0
2026-03-15,187.63524277301624,265.6914634146342,0.0,0.03909476796871281,0.0,0.0
2026-03-16,187.63524277301624,286.94390243902444,0.0,0.07998916770323183,0.0,0.0
2026-03-17,187.63524277301624,282.6865853658537,-0.0,-0.014836757418378643,0.0,0.0
2026-03-18,187.63524277301624,268.71585365853656,-0.0,-0.04942127582473066,0.0,0.0
2026-03-19,187.63524277301624,260.72926829268295,-0.0,-0.029721303217198236,0.0,0.0
2026-03-20,187.63524277301624,261.6939024390244,0.0,0.0036997539733767404,0.0,0.0
2026-03-21,187.63524277301624,254.22439024390243,-0.0,-0.028542935565196714,0.0,0.0
2026-03-22,187.63524277301624,250.42560975609754,-0.0,-0.014942627983728696,0.0,0.0
2026-03-23,187.63524277301624,262.4036585365854,0.0,0.047830766159075555,0.0,0.0
2026-03-24,187.63524277301624,262.8731707317073,0.0,0.001789274576964317,0.0,0.0
2026-03-25,187.63524277301624,264.3878048780488,0.0,0.005761843790012877,0.0,0.0
2026-03-26,187.63524277301624,251.06585365853658,-0.0,-0.05038791870773729,0.0,0.0
2026-03-27,187.63524277301624,242.8719512195122,-0.0,-0.03263646696523104,0.0,0.0
2026-03-28,187.63524277301624,243.04634146341465,0.0,0.0007180336923502395,0.0,0.0
2026-03-29,187.63524277301624,241.82439024390246,-0.0,-0.005027647041114247,0.0,0.0
2026-03-30,187.63524277301624,246.90243902439025,0.0,0.02099891071932869,0.0,0.0
2026-03-31,187.63524277301624,256.5378048780488,0.0,0.03902499259112924,0.0,0.0
2026-04-01,187.63524277301624,261.0012195121951,0.0,0.017398662299570766,0.0,0.0
2026-04-02,187.63524277301624,250.82682926829273,-0.0,-0.038982155956658326,0.0,0.0
2026-04-03,187.63524277301624,250.42926829268293,-0.0,-0.0015850017989285092,0.0,0.0
2026-04-04,187.63524277301624,251.85000000000002,0.0,0.0056731855545599785,0.0,0.0
2026-04-05,187.63524277301624,257.22439024390246,0.0,0.021339647583491717,0.0,0.0
2026-04-06,187.63524277301624,256.9987804878049,-0.0,-0.0008770931709999319,0.0,0.0
2026-04-07,187.63524277301624,273.13170731707316,0.0,0.06277433223086382,0.0,0.0
2026-04-08,187.63524277301624,267.10243902439026,-0.0,-0.022074582083154715,0.0,0.0
2026-04-09,187.63524277301624,267.0914634146342,-0.0,-4.109138724506245e-05,0.0,0.0
2026-04-10,187.63524277301624,273.9378048780488,0.0,0.02563294751501033,0.0,0.0
2026-04-11,187.63524277301624,278.7548780487805,0.0,0.017584550525533205,0.0,0.0
2026-04-12,187.63524277301624,267.2926829268293,-0.0,-0.04111926292441559,0.0,0.0
2026-04-13,187.63524277301624,289.0585365853659,0.0,0.0814307874806095,0.0,0.0
2026-04-14,187.63524277301624,283.36341463414635,-0.0,-0.01970231365070807,0.0,0.0
2026-04-15,187.63524277301624,287.8780487804878,0.0,0.015932311347145456,0.0,0.0
2026-04-16,187.63524277301624,286.4158536585366,-0.0,-0.005079217148182602,0.0,0.0
2026-04-17,187.63524277301624,295.0987804878049,0.0,0.030315803815873954,0.0,0.0
2026-04-18,187.63524277301624,286.7512195121952,-0.0,-0.028287344874184273,0.0,0.0
2026-04-19,187.63524277301624,276.0841463414634,-0.0,-0.03719974823081118,0.0,0.0
2026-04-20,187.63524277301624,282.29146341463417,0.0,0.022483424548012554,0.0,0.0
2026-04-21,187.63524277301624,283.9024390243903,0.0,0.005706781176694209,0.0,0.0
2026-04-22,187.63524277301624,289.659756097561,0.0,0.020279209621993033,0.0,0.0
2026-04-23,187.63524277301624,284.27804878048784,-0.0,-0.018579409820605353,0.0,0.0
2026-04-24,187.63524277301624,282.4158536585366,-0.0,-0.00655061173361704,0.0,0.0
2026-04-25,187.63524277301624,282.92317073170733,0.0,0.0017963477141906825,0.0,0.0
2026-04-26,187.63524277301624,289.08170731707315,0.0,0.02176752285589889,0.0,0.0
2026-04-27,187.63524277301624,280.90731707317076,-0.0,-0.02827709272844614,0.0,0.0
2026-04-28,187.63524277301624,279.1817073170732,-0.0,-0.006142986142465223,0.0,0.0
2026-04-29,187.63524277301624,274.6158536585366,-0.0,-0.016354415561156577,0.0,0.0
2026-04-30,187.63524277301624,275.219512195122,0.0,0.00219819259719789,0.0,0.0
2026-05-01,187.63524277301624,279.9439024390244,0.0,0.017165898617511388,0.0,0.0
2026-05-02,187.63524277301624,282.54756097560977,0.0,0.009300643857218738,0.0,0.0
2026-05-03,187.63524277301624,283.2317073170732,0.0,0.002421349308771692,0.0,0.0
2026-05-04,187.63524277301624,286.2134146341463,0.0,0.010527448869752432,0.0,0.0
2026-05-05,187.63524277301624,287.8658536585366,0.0,0.005773450648714373,0.0,0.0
2026-05-06,187.63524277301624,286.6658536585366,-0.0,-0.004168608345689551,0.0,0.0
2026-05-07,187.63524277301624,279.3670731707317,-0.0,-0.025460934375877375,0.0,0.0
2026-05-08,187.63524277301624,281.3707317073171,0.0,0.007172135620151732,0.0,0.0
2026-05-09,187.63524277301624,283.6780487804878,0.0,0.00820027392035505,0.0,0.0
2026-05-10,187.63524277301624,289.1609756097561,0.0,0.019327991195790428,0.0,0.0
2026-05-11,187.63524277301624,285.29146341463417,-0.0,-0.013381861736225908,0.0,0.0
2026-05-12,187.63524277301624,277.36951219512196,-0.0,-0.027767922407123224,0.0,0.0
2026-05-13,187.63524277301624,275.3475609756098,-0.0,-0.007289738527894829,0.0,0.0
2026-05-14,187.63524277301624,278.42439024390245,0.0,0.011174347277277175,0.0,0.0
2026-05-15,187.63524277301624,271.0975609756098,-0.0,-0.026315328415999373,0.0,0.0
2026-05-16,187.63524277301624,265.8487804878049,-0.0,-0.019361223571749853,0.0,0.0
2026-05-17,187.63524277301624,259.72439024390246,-0.0,-0.02303711994715507,0.0,0.0
2026-05-18,187.63524277301624,259.5817073170732,-0.0,-0.0005493628330216493,0.0,0.0
2026-05-19,187.63524277301624,257.3243902439024,-0.0,-0.008695978990590048,0.0,0.0
2026-05-20,187.63524277301624,259.45,0.0,0.008260428613404258,0.0,0.0
2026-05-21,187.63524277301624,259.9951219512195,0.0,0.002101067455076322,0.0,0.0
2026-05-22,187.63524277301624,251.63292682926829,-0.0,-0.03216289236195813,0.0,0.0
2026-05-23,187.63524277301624,257.9317073170732,0.0,0.02503162271795456,0.0,0.0
2026-05-24,187.63524277301624,255.77439024390245,-0.0,-0.00836390801119602,0.0,0.0
2026-05-25,187.63524277301624,257.4280487804878,0.0,0.006465301451832106,0.0,0.0
2026-05-26,187.63524277301624,252.54634146341468,-0.0,-0.0189633854593515,0.0,0.0
2026-05-27,187.63524277301624,246.5414634146342,-0.0,-0.023777331376033328,0.0,0.0
2026-05-28,187.63524277301624,244.70853658536586,-0.0,-0.007434558081557685,0.0,0.0
2026-05-29,187.63524277301624,245.32317073170734,0.0,0.0025116988353492964,0.0,0.0
2026-05-30,187.63524277301624,246.29024390243904,0.0,0.003942037630800588,0.0,0.0
2026-05-31,187.63524277301624,244.39024390243904,-0.0,-0.007714475286940803,0.0,0.0
2026-06-01,187.63524277301624,244.39024390243904,0.0,0.0,0.0,0.0
2026-06-02,187.63524277301624,226.50243902439024,-0.0,-0.07319361277445113,0.0,0.0
2026-06-03,187.63524277301624,220.81219512195125,-0.0,-0.025122219111407773,0.0,0.0
2026-06-04,187.63524277301624,215.67439024390245,-0.0,-0.023267758717815612,0.0,0.0
2026-06-05,187.63524277301624,193.03048780487805,-0.0,-0.10499115084279043,0.0,0.0
2026-06-06,187.63524277301624,191.32560975609758,-0.0,-0.008832169820260916,0.0,0.0
2026-06-07,187.63524277301624,206.06707317073173,0.0,0.07704908628503326,0.0,0.0
2026-06-08,187.63524277301624,206.08414634146345,0.0,8.285249297235175e-05,0.0,0.0
2026-06-09,187.63524277301624,199.81097560975613,-0.0,-0.030439851114569594,0.0,0.0
2026-06-10,187.63524277301624,197.5646341463415,-0.0,-0.011242332692483759,0.0,0.0
2026-06-11,187.63524277301624,203.89512195121952,0.0,0.03204261649475626,0.0,0.0
2026-06-12,187.63524277301624,203.11219512195123,-0.0,-0.00383985071234616,0.0,0.0
2026-06-13,187.63524277301624,204.91463414634148,0.0,0.008874105384504505,0.0,0.0
2026-06-14,187.63524277301624,210.3329268292683,0.0,0.026441706838064682,0.0,0.0
2026-06-15,187.63524277301624,218.9036585365854,0.0,0.04074840699703719,0.0,0.0
2026-06-16,187.63524277301624,218.4439024390244,-0.0,-0.0021002668508810496,0.0,0.0
2026-06-17,187.63524277301624,213.2926829268293,-0.0,-0.02358142962417098,0.0,0.0
2026-06-18,187.63524277301624,208.4158536585366,-0.0,-0.022864493996569424,0.0,0.0
2026-06-19,187.63524277301624,208.46585365853662,0.0,0.00023990497422499146,0.0,0.0
2026-06-20,187.63524277301624,212.00731707317075,0.0,0.016988218226065,0.0,0.0
2026-06-21,187.63524277301624,207.90243902439025,-0.0,-0.019361964037136414,0.0,0.0
2026-06-22,187.63524277301624,210.50609756097563,0.0,0.01252346316283437,0.0,0.0
2026-06-23,187.63524277301624,203.05365853658537,-0.0,-0.035402485299655395,0.0,0.0
2026-06-24,187.63524277301624,197.52682926829272,-0.0,-0.027218565319752086,0.0,0.0
2026-06-25,187.63524277301624,190.8768292682927,-0.0,-0.033666312696021494,0.0,0.0
2026-06-26,187.63524277301624,192.22804878048782,0.0,0.00707901277161227,0.0,0.0
2026-06-27,187.63524277301624,191.65853658536585,-0.0,-0.0029626904020251255,0.0,0.0
2026-06-28,187.63524277301624,191.39146341463416,-0.0,-0.0013934843471620217,0.0,0.0
2026-06-29,187.63524277301624,196.4170731707317,0.0,0.02625827540285819,0.0,0.0
2026-06-30,187.63524277301624,191.39634146341464,-0.0,-0.025561584979697183,0.0,0.0
2026-07-01,187.63524277301624,196.0536585365854,0.0,0.024333365191627765,0.0,0.0
2026-07-02,187.63524277301624,207.15000000000003,0.0,0.05659849219974622,0.0,0.0
2026-07-03,187.63524277301624,214.16341463414636,0.0,0.03385669627876586,0.0,0.0
2026-07-04,187.63524277301624,216.99268292682927,0.0,0.013210791850307935,0.0,0.0
2026-07-05,187.63524277301624,217.58536585365857,0.0,0.002731349826340157,0.0,0.0
2026-07-06,187.63524277301624,219.32317073170734,0.0,0.007986772783320273,0.0,0.0
2026-07-07,187.63524277301624,215.86463414634147,-0.0,-0.015769134532514162,0.0,0.0
2026-07-08,187.63524277301624,212.41463414634148,-0.0,-0.01598223819127842,0.0,0.0
2026-07-09,187.63524277301624,212.66097560975612,0.0,0.0011597198300608014,0.0,0.0
2026-07-10,187.63524277301624,218.99268292682927,0.0,0.029773715177025206,0.0,0.0
2026-07-11,187.63524277301624,217.90365853658537,-0.0,-0.004972880261062351,0.0,0.0
2026-07-12,187.63524277301624,220.18414634146345,0.0,0.010465578321142255,0.0,0.0
2026-07-13,187.63524277301624,216.41097560975612,-0.0,-0.017136432365370435,0.0,0.0
2026-07-14,187.63524277301624,230.5646341463415,0.0,0.06540175929943604,0.0,0.0
2026-07-15,187.63524277301624,233.75121951219515,0.0,0.013820789895431673,0.0,0.0
2026-07-16,187.63524277301624,227.21585365853662,-0.0,-0.027958638535862557,0.0,0.0
2026-07-17,187.63524277301624,224.5048780487805,-0.0,-0.01193127841259789,0.0,0.0
2026-07-18,187.63524277301624,227.01707317073172,0.0,0.011189935576390253,0.0,0.0
2026-07-19,187.63524277301624,228.15731707317076,0.0,0.005022723121716588,0.0,0.0
2026-07-20,187.63524277301624,232.13658536585368,0.0,0.017440897113138565,0.0,0.0
2026-07-21,187.63524277301624,235.24390243902442,0.0,0.013385727494326316,0.0,0.0
2026-07-22,187.63524277301624,235.79756097560977,0.0,0.002353551062726833,0.0,0.0
2026-07-23,187.63524277301624,228.8914634146342,-0.0,-0.029288248497574387,0.0,0.0
2026-07-24,187.63524277301624,226.80121951219513,-0.0,-0.009132030837919802,0.0,0.0
2026-07-25,187.63524277301624,228.4207317073171,0.0,0.007140667932056033,0.0,0.0
2026-07-26,187.63524277301624,238.16219512195124,0.0,0.04264701956701633,0.0,0.0
