Data,Open,High,Low,Close,ETH-USD,SMA50,SMA200,RSI,ATR,Volume,VolumeAvg20,Azione,Livello_Rischio,Standard_Entry,Breakout_Raw,Breakout_Guard_Passed,Breakout_Entry,Entry_Path,Position_Open,Official_Sell,Trail8_Stop_Hit,Trail8_Confirmed
2016-12-08,8.35,8.95,8.2,8.2,8.2,10.005,11.88385,42.59537546724621,0.757521933734547,69191.58131147,59191.42602846799,VENDI,ALTO,False,False,True,False,,False,True,False,False
2016-12-09,8.21,8.65,7.97,8.47,8.47,9.933200000000001,11.858149999999998,45.68985100915598,0.751984652753508,60616.06116836,60947.6204639295,VENDI,ALTO,False,False,True,False,,False,True,False,False
2016-12-10,8.46,8.55,8.04,8.14,8.14,9.855,11.835,42.66276974481582,0.7347000346996861,44650.73726691,61920.818939581004,VENDI,ALTO,False,False,True,False,,False,True,False,False
2016-12-11,8.14,8.26,8.11,8.23,8.23,9.779000000000002,11.813100000000002,43.75719118569993,0.6929357465068515,22169.58367344,61579.865013062,VENDI,ALTO,False,False,True,False,,False,True,False,False
2016-12-12,8.23,8.62,8.18,8.5,8.5,9.7102,11.79325,47.02406564883841,0.6748689074706478,44454.92057029,61900.91765268149,VENDI,ALTO,False,False,True,False,,False,True,False,False
2016-12-13,8.53,8.57,8.35,8.41,8.41,9.64,11.7804,46.063589357507574,0.6423782712227445,37242.66222809,62691.689123024,VENDI,ALTO,False,False,True,False,,False,True,False,False
2016-12-14,8.4,8.48,8.19,8.24,8.24,9.578199999999999,11.761500000000002,44.22605376939749,0.6172083947068343,34073.30998726,61033.698926457495,VENDI,ALTO,False,False,True,False,,False,True,False,False
2016-12-15,8.24,8.32,7.64,7.83,7.83,9.505,11.738949999999999,40.074023159864545,0.621693509370632,74745.17121022,63671.3214849885,VENDI,ALTO,False,False,True,False,,False,True,False,False
2016-12-16,7.85,7.95,7.77,7.84,7.84,9.4322,11.71375,40.22143374774527,0.5901439729870155,33701.60810742,64462.635207205996,VENDI,ALTO,False,False,True,False,,False,True,False,False
2016-12-17,7.84,7.93,7.51,7.85,7.85,9.3666,11.6822,40.37937470504931,0.5779908320593715,37375.06272,63234.41298774401,VENDI,ALTO,False,False,True,False,,False,True,False,False
2016-12-18,7.84,7.97,7.69,7.92,7.92,9.3156,11.652149999999999,41.54367104729241,0.5567057726265592,21241.08083959,61961.03846647199,VENDI,ALTO,False,False,True,False,,False,True,False,False
2016-12-19,7.92,7.95,7.57,7.64,7.64,9.244599999999998,11.6202,38.32009268446377,0.5440839317246621,41333.50672096,59793.505429497,VENDI,ALTO,False,False,True,False,,False,True,False,False
2016-12-20,7.65,7.77,7.55,7.64,7.64,9.178,11.5885,38.32009268446377,0.5209350794586147,28560.53439842,58349.3482536135,VENDI,ALTO,False,False,True,False,,False,True,False,False
2016-12-21,7.64,7.97,7.64,7.91,7.91,9.119399999999999,11.5583,43.24515158689851,0.5072968594972851,46350.30741928,58557.211538429,VENDI,ALTO,False,False,True,False,,False,True,False,False
2016-12-22,7.93,7.95,7.5,7.55,7.55,9.0538,11.52585,38.796910847368494,0.5032042266760505,86905.17310973,56993.30753701749,VENDI,ALTO,False,False,True,False,,False,True,False,False
2016-12-23,7.54,7.67,7.01,7.13,7.13,8.979,11.490400000000001,34.35678889227951,0.5144039247706182,95553.44592549,58875.91596019249,VENDI,ALTO,False,False,True,False,,False,True,False,False
2016-12-24,7.14,7.46,7.08,7.22,7.22,8.9004,11.453899999999999,36.04584630050817,0.5048036444298598,29874.25951248,58116.960516586005,VENDI,ALTO,False,False,True,False,,False,True,False,False
2016-12-25,7.23,7.34,7.12,7.19,7.19,8.821,11.416649999999999,35.71594790545876,0.4844605269705841,26438.83510247,54761.406419141,VENDI,ALTO,False,False,True,False,,False,True,False,False
2016-12-26,7.18,7.33,7.02,7.26,7.26,8.746,11.379399999999999,37.1611047563597,0.4719990607583996,26970.32002986,47623.527665031004,VENDI,ALTO,False,False,True,False,,False,True,False,False
2016-12-27,7.23,7.37,7.05,7.16,7.16,8.6706,11.345650000000001,35.91882196385117,0.46114198498994247,45356.90645935,45340.2533880545,VENDI,ALTO,False,False,True,False,,False,True,False,False
2016-12-28,7.15,7.72,7.05,7.62,7.62,8.6062,11.31325,45.023263725983306,0.476060414633518,98303.43480063,46795.8460625125,VENDI,ALTO,False,False,True,False,,False,True,False,False
2016-12-29,7.6,8.53,7.6,8.29,8.29,8.5596,11.276800000000001,55.04234953341089,0.5084846707311239,152526.66075647,51391.376041917996,VENDI,ALTO,False,False,True,False,,False,True,False,False
2016-12-30,8.3,8.52,8.01,8.21,8.21,8.5136,11.228399999999999,53.78201431110622,0.5085929085360437,66140.23918059,52465.851137602,VENDI,ALTO,False,False,True,False,,False,True,False,False
2016-12-31,8.2,8.29,8.0,8.16,8.16,8.471,11.175249999999998,52.96571644433271,0.4929791293548976,43418.8498603,53528.314446945,VENDI,ALTO,False,False,True,False,,False,True,False,False
2017-01-01,8.16,8.6,8.08,8.18,8.18,8.4356,11.12405,53.27123708502827,0.49490919154383345,59519.78894094,54281.557865477494,VENDI,ALTO,False,False,True,False,,False,True,False,False
2017-01-02,8.2,8.53,8.05,8.38,8.38,8.400400000000001,11.061,56.32636926167598,0.4938442492907024,70490.23263029,55943.9363855875,MANTIENI STATO ATTUALE,ALTO,False,False,True,False,,False,False,False,False
2017-01-03,8.38,10.02,8.24,9.59,9.59,8.3918,11.0307,69.37282865088048,0.5857125171985094,193090.5325617,63894.7975143095,MANTIENI STATO ATTUALE,ALTO,False,False,True,False,,False,False,False,False
2017-01-04,9.62,11.17,9.34,11.17,11.17,8.4098,11.02835,78.43275167456976,0.674590194541473,249702.49312189,72642.663609893,MANTIENI STATO ATTUALE,ALTO,False,False,True,False,,False,False,False,False
2017-01-05,11.13,11.8,9.08,10.23,10.23,8.4144,11.017750000000001,65.93603563842838,0.8206908949313677,318195.64966402,86867.365687723,MANTIENI STATO ATTUALE,ALTO,False,False,True,False,,False,False,False,False
2017-01-06,10.23,10.46,9.52,10.14,10.14,8.419,11.009400000000001,64.87031398739006,0.8292129738648415,139579.01357529,91977.56323048749,MANTIENI STATO ATTUALE,ALTO,False,False,True,False,,False,False,False,False
2017-01-07,10.14,10.21,9.55,9.92,9.92,8.427200000000001,10.98955,62.22281696427466,0.8171263328744958,68202.88241145,94325.65330908049,MANTIENI STATO ATTUALE,ALTO,False,False,True,False,,False,False,False,False
2017-01-08,9.92,10.58,9.89,10.5,10.5,8.4436,10.97615,66.14560250333767,0.8080458805263175,62882.92455958,95403.12420101151,MANTIENI STATO ATTUALE,ALTO,False,False,True,False,,False,False,False,False
2017-01-09,10.5,10.94,10.23,10.39,10.39,8.4594,10.95905,64.77187423803512,0.8010426033458662,71537.68592965,97551.981777573,MANTIENI STATO ATTUALE,ALTO,False,False,True,False,,False,False,False,False
2017-01-10,10.41,10.75,10.34,10.63,10.63,8.4812,10.939449999999999,66.41095644189392,0.7731109888211615,55080.01658617,97988.46723591749,MANTIENI STATO ATTUALE,ALTO,False,False,True,False,,False,False,False,False
2017-01-11,10.63,10.84,9.47,9.95,9.95,8.4828,10.91735,58.15477995360004,0.8157459181910784,156690.86721608,101477.751941235,MANTIENI STATO ATTUALE,ALTO,False,False,True,False,,False,False,False,False
2017-01-12,9.96,10.17,9.12,9.8,9.8,8.4828,10.89625,56.48656716867964,0.8324783526060016,79647.24561381,100682.441925651,MANTIENI STATO ATTUALE,ALTO,False,False,True,False,,False,False,False,False
2017-01-13,9.81,9.91,9.51,9.84,9.84,8.496,10.874950000000002,56.84210003011588,0.8015870417055729,77394.58240566,103058.45807031001,MANTIENI STATO ATTUALE,ALTO,False,False,True,False,,False,False,False,False
2017-01-14,9.84,9.94,9.69,9.86,9.86,8.5052,10.863100000000001,57.03114488912793,0.7621879672980321,37283.35356003,103600.683993188,MANTIENI STATO ATTUALE,ALTO,False,False,True,False,,False,False,False,False
2017-01-15,9.86,10.05,9.8,9.9,9.9,8.5166,10.848899999999999,57.43274597783395,0.7256031124910298,27754.14426025,103639.8752047075,MANTIENI STATO ATTUALE,ALTO,False,False,True,False,,False,False,False,False
2017-01-16,9.91,10.23,9.56,9.66,9.66,8.5302,10.834750000000001,54.161823078829755,0.7216314615988134,63109.15135822,104527.48744965099,MANTIENI STATO ATTUALE,ALTO,False,False,True,False,,False,False,False,False
2017-01-17,9.66,10.53,9.65,10.34,10.34,8.5636,10.82475,60.948148874886705,0.7329435000560409,70391.9885457,103131.91513690448,MANTIENI STATO ATTUALE,ALTO,False,False,True,False,,False,False,False,False
2017-01-18,10.33,10.51,9.99,10.23,10.23,8.6054,10.815449999999998,59.41573079320859,0.717733250052038,62955.27909693,98653.3460539275,MANTIENI STATO ATTUALE,ALTO,False,False,True,False,,False,False,False,False
2017-01-19,10.24,10.5,10.18,10.42,10.42,8.6416,10.80745,61.229028174341984,0.6893237321911783,47611.24661444,97726.89642562,MANTIENI STATO ATTUALE,ALTO,False,False,True,False,,False,False,False,False
2017-01-20,10.46,10.81,10.42,10.62,10.62,8.685,10.803149999999999,63.09808000611626,0.6679434656060942,59455.01891867,98528.7048785385,MANTIENI STATO ATTUALE,ALTO,False,False,True,False,,False,False,False,False
2017-01-21,10.65,11.06,10.58,10.93,10.93,8.749,10.8048,65.84640134757666,0.6545189323485161,60044.83210136,98554.9570365595,MANTIENI STATO ATTUALE,MEDIO,False,False,True,False,,False,False,False,False
2017-01-22,10.94,11.07,10.66,10.77,10.77,8.8072,10.8056,63.2289565309906,0.6370532943236221,49893.01076167,97525.0959431285,MANTIENI STATO ATTUALE,ALTO,False,False,True,False,,False,False,False,False
2017-01-23,10.77,10.85,10.65,10.8,10.8,8.8758,10.809199999999999,63.5217527121094,0.6058352018719348,35338.62281061,89637.500455574,MANTIENI STATO ATTUALE,ALTO,False,False,True,False,,False,False,False,False
2017-01-24,10.79,10.92,10.51,10.57,10.57,8.9522,10.8049,59.60324569900213,0.5918469731667966,55179.70253114,79911.3609260365,MANTIENI STATO ATTUALE,ALTO,False,False,True,False,,False,False,False,False
2017-01-25,10.57,10.66,10.43,10.55,10.55,9.0066,10.8026,59.2609091185067,0.5660007607977398,41045.88754223,66053.87281994699,MANTIENI STATO ATTUALE,ALTO,False,False,True,False,,False,False,False,False
2017-01-26,10.54,10.67,10.5,10.6,10.6,9.0516,10.8005,59.881285280328306,0.5377149921693297,43444.18171844,61247.131227104495,MANTIENI STATO ATTUALE,ALTO,False,False,True,False,,False,False,False,False
2017-01-27,10.61,10.64,10.42,10.55,10.55,9.0986,10.79965,58.91511170125488,0.5150210641572348,45845.48034511,60129.26112378751,MANTIENI STATO ATTUALE,ALTO,False,False,True,False,,False,False,False,False
2017-01-28,10.55,10.58,10.47,10.58,10.58,9.140799999999999,10.7997,59.33902569994942,0.48609098814600377,26322.92714156,58301.2612528865,MANTIENI STATO ATTUALE,ALTO,False,False,True,False,,False,False,False,False
2017-01-29,10.58,10.58,10.46,10.49,10.49,9.1878,10.7997,57.42476615544094,0.4599416318498606,19237.12895493,55686.2334041505,MANTIENI STATO ATTUALE,ALTO,False,False,True,False,,False,False,False,False
2017-01-30,10.5,10.71,10.37,10.6,10.6,9.235199999999999,10.7946,59.15893863099976,0.45137437243201356,42007.88104909,55032.6266272965,MANTIENI STATO ATTUALE,ALTO,False,False,True,False,,False,False,False,False
2017-01-31,10.59,10.79,10.58,10.7,10.7,9.2792,10.78815,60.72512020292602,0.43413334582972685,40509.60288467,49223.563410726,MANTIENI STATO ATTUALE,ALTO,False,False,True,False,,False,False,False,False
2017-02-01,10.7,10.86,10.51,10.72,10.72,9.3254,10.78275,61.04685813146917,0.4281238211276035,58400.82763664,48161.2425118675,ACQUISTA,ALTO,False,True,True,True,breakout_protected,True,False,False,False
2017-02-02,10.73,10.86,10.62,10.82,10.82,9.377,10.7802,62.692510539125415,0.41468640533277473,48583.70326323,46720.698554746006,MANTIENI STATO ATTUALE,MEDIO,False,False,True,False,,True,False,False,False
2017-02-03,10.82,10.99,10.67,10.99,10.99,9.4402,10.7799,65.37088110220594,0.40792309066614796,49696.94671619,47341.378212554,MANTIENI STATO ATTUALE,MEDIO,False,False,True,False,,True,False,False,False
2017-02-04,10.99,11.45,10.98,11.41,11.41,9.5116,10.778200000000002,70.92461604837264,0.4123571556185659,89642.39949355,50435.790974218995,MANTIENI STATO ATTUALE,ALTO,False,False,True,False,,True,False,False,False
2017-02-05,11.39,11.44,11.15,11.26,11.26,9.5798,10.772,66.80390457776434,0.4036173587886683,39382.95306944,49249.481059779995,MANTIENI STATO ATTUALE,MEDIO,False,False,True,False,,True,False,False,False
2017-02-06,11.27,11.42,11.22,11.34,11.34,9.648200000000001,10.7649,67.87589202877126,0.3890732617323348,47907.3447215,48125.24886857,MANTIENI STATO ATTUALE,MEDIO,False,False,True,False,,True,False,False,False
2017-02-07,11.33,11.59,11.29,11.51,11.51,9.7256,10.748299999999999,70.08650859508603,0.38271088589431096,57274.01020311,47841.185423879,MANTIENI STATO ATTUALE,ALTO,False,False,True,False,,True,False,False,False
2017-02-08,11.51,11.65,11.15,11.41,11.41,9.800999999999998,10.732750000000001,67.15884402145558,0.391088679759003,88158.86526488,49868.566356401,MANTIENI STATO ATTUALE,MEDIO,False,False,True,False,,True,False,False,False
2017-02-09,11.41,11.54,10.61,11.02,11.02,9.8632,10.72395,57.13491922363737,0.4295823454905028,118356.17173816,52813.6239973755,MANTIENI STATO ATTUALE,MEDIO,False,False,True,False,,True,False,False,False
2017-02-10,11.02,11.48,10.88,11.43,11.43,9.940800000000001,10.711549999999999,63.33125039977801,0.441755035098324,69285.63535576,53275.66416009549,MANTIENI STATO ATTUALE,MEDIO,False,False,True,False,,True,False,False,False
2017-02-11,11.44,11.52,11.34,11.52,11.52,10.0286,10.70915,64.54290129490174,0.4230582468770151,35280.52010547,52545.0396272855,MANTIENI STATO ATTUALE,MEDIO,False,False,True,False,,True,False,False,False
2017-02-12,11.51,11.54,11.4,11.5,11.5,10.1142,10.70115,64.0365157846436,0.4028398006715139,23350.56327133,51945.636650321496,MANTIENI STATO ATTUALE,MEDIO,False,False,True,False,,True,False,False,False
2017-02-13,11.5,11.54,11.21,11.43,11.43,10.199,10.69365,62.19719979247643,0.3976369577664057,50130.29677266,51693.166362397504,MANTIENI STATO ATTUALE,MEDIO,False,False,True,False,,True,False,False,False
2017-02-14,11.42,14.7,11.39,13.14,13.14,10.316600000000001,10.695150000000002,78.46771971557573,0.6056628893545195,260872.34248683,62684.489109627495,MANTIENI STATO ATTUALE,ALTO,False,False,True,False,,True,False,False,False
2017-02-15,13.16,13.2,12.66,12.98,12.98,10.433,10.6976,75.20605854047163,0.6009726829720538,117752.61105449,66399.91057643,MANTIENI STATO ATTUALE,ALTO,False,False,True,False,,True,False,False,False
2017-02-16,12.98,13.03,12.62,12.89,12.89,10.5384,10.7021,73.35888481379303,0.5873317770454785,89348.20727242,68575.0469227955,MANTIENI STATO ATTUALE,ALTO,False,False,True,False,,True,False,False,False
2017-02-17,12.92,12.95,12.71,12.75,12.75,10.6276,10.711100000000002,70.45976403681722,0.5625223643993728,90714.24317995,71794.612724715,MANTIENI STATO ATTUALE,ALTO,False,False,True,False,,True,False,False,False
2017-02-18,12.77,12.93,12.77,12.89,12.89,10.721200000000001,10.73165,71.66566407678397,0.5351993383708461,45730.92082413,73119.302318175,MANTIENI STATO ATTUALE,ALTO,False,False,True,False,,True,False,False,False
2017-02-19,12.87,12.95,12.79,12.9,12.9,10.816,10.742750000000001,71.7543603579555,0.5083993856300714,34815.25412059,72759.67097175,MANTIENI STATO ATTUALE,ALTO,False,False,True,False,,True,False,False,False
2017-02-20,12.9,12.95,12.56,12.61,12.61,10.9046,10.7492,65.36415647149204,0.49994228665649476,70683.04381469,74268.34301825099,MANTIENI STATO ATTUALE,MEDIO,False,False,True,False,,True,False,False,False
2017-02-21,12.59,12.87,12.3,12.83,12.83,10.993599999999999,10.75745,67.71324902411571,0.5049464090381737,99099.33659705,76303.2684662715,MANTIENI STATO ATTUALE,MEDIO,False,False,True,False,,True,False,False,False
2017-02-22,12.83,12.99,12.68,12.75,12.75,11.056799999999999,10.76615,65.96132322626863,0.491021665535447,83638.11582907,78055.9890945635,MANTIENI STATO ATTUALE,MEDIO,False,False,True,False,,True,False,False,False
2017-02-23,12.74,13.37,12.73,13.21,13.21,11.0976,10.777250000000002,70.66167067889269,0.5016629751400579,101645.2415701,80653.40383725901,MANTIENI STATO ATTUALE,ALTO,False,False,True,False,,True,False,False,False
2017-02-24,13.22,13.33,12.81,13.2,13.2,11.157,10.78655,70.43396896115544,0.5029727626300537,141593.77689977,83250.97270756999,MANTIENI STATO ATTUALE,ALTO,False,False,True,False,,True,False,False,False
2017-02-25,13.18,13.87,13.06,13.65,13.65,11.2272,10.793399999999998,74.42746600449075,0.5249032795850498,96882.62283402,86125.95619579901,MANTIENI STATO ATTUALE,ALTO,False,False,True,False,,True,False,False,False
2017-02-26,13.64,14.84,13.4,14.74,14.74,11.3236,10.806049999999997,81.09012588812519,0.5902673310432605,100654.43777812,88763.31084863,MANTIENI STATO ATTUALE,ALTO,False,False,True,False,,True,False,False,False
2017-02-27,14.74,16.32,14.37,15.66,15.66,11.4268,10.825700000000001,84.7109025737488,0.6873910931115991,228006.55645929,97299.938161439,MANTIENI STATO ATTUALE,ALTO,False,False,True,False,,True,False,False,False
2017-02-28,15.66,16.94,15.21,16.4,16.4,11.547,10.84865,86.88599202315774,0.761863157889342,345271.59116257,110155.57445632349,MANTIENI STATO ATTUALE,ALTO,False,False,True,False,,True,False,False,False
2017-03-01,15.75,17.58,15.68,17.37,17.37,11.6818,10.877450000000001,89.0791773261542,0.8431586466115317,251745.10779028,116825.02125892951,MANTIENI STATO ATTUALE,ALTO,False,False,True,False,,True,False,False,False
2017-03-02,17.46,19.99,16.88,19.27,19.27,11.8682,10.9174,91.92713787409009,1.0050758861392795,353524.92611792,131036.98579703752,MANTIENI STATO ATTUALE,ALTO,False,False,True,False,,True,False,False,False
2017-03-03,19.27,21.49,18.2,19.68,19.68,12.065800000000001,10.9593,92.38842174489699,1.1682847514150452,418297.89550869,150187.8545671985,MANTIENI STATO ATTUALE,ALTO,False,False,True,False,,True,False,False,False
2017-03-04,19.61,20.4,18.65,18.65,18.65,12.242,10.996649999999999,80.01844476099197,1.2098358405996847,150803.54752055,156560.50377965948,MANTIENI STATO ATTUALE,ALTO,False,False,True,False,,True,False,False,False
2017-03-05,18.65,19.45,18.18,19.4,19.4,12.4328,11.039550000000002,81.91702892070526,1.21413328055685,128246.54175649,160466.316028851,MANTIENI STATO ATTUALE,ALTO,False,False,True,False,,True,False,False,False
2017-03-06,19.39,20.24,19.17,19.68,19.68,12.628400000000001,11.0841,82.5824094578737,1.2038380462313607,141853.14193665,154515.356001342,MANTIENI STATO ATTUALE,ALTO,False,False,True,False,,True,False,False,False
2017-03-07,19.68,19.77,18.59,18.96,18.96,12.8144,11.125049999999998,74.94570149402004,1.2021353286434064,156651.35264277,156460.293080756,MANTIENI STATO ATTUALE,ALTO,False,False,True,False,,True,False,False,False
2017-03-08,18.96,18.96,16.65,16.68,16.68,12.941200000000002,11.15195,56.9773600984549,1.281268519454592,280505.20713503,166018.1430738865,VENDI,ALTO,False,False,True,False,,False,False,True,True
2017-03-09,16.66,18.29,16.2,17.82,17.82,13.093,11.185,61.896416183589174,1.3390350537792641,182292.81461265,170597.0716455215,MANTIENI STATO ATTUALE,ALTO,False,False,True,False,,False,False,False,False
2017-03-10,17.81,19.7,17.01,19.2,19.2,13.268600000000001,11.2255,66.8391704879732,1.435532549937888,309439.25716125,183782.48846237749,MANTIENI STATO ATTUALE,ALTO,False,False,True,False,,False,False,False,False
2017-03-11,19.21,21.89,18.91,21.64,21.64,13.489,11.2787,73.40753465590349,1.5458516535137532,228815.88246844,193482.51987977,MANTIENI STATO ATTUALE,ALTO,False,False,True,False,,False,False,False,False
2017-03-12,21.67,24.25,21.33,23.39,23.39,13.738199999999999,11.3406,76.93609524457986,1.6440051068341994,263673.05636486,203132.02050727847,MANTIENI STATO ATTUALE,ALTO,False,False,True,False,,False,False,False,False
2017-03-13,23.38,31.1,23.38,28.64,28.64,14.0956,11.427100000000001,83.85662399863858,2.0780047420603283,625354.24051185,229444.76570301852,MANTIENI STATO ATTUALE,ALTO,False,False,True,False,,False,False,False,False
2017-03-14,28.63,30.0,27.16,28.69,28.69,14.453400000000002,11.514149999999999,83.90615324132672,2.132432974770305,226096.64753758,236567.692288444,MANTIENI STATO ATTUALE,ALTO,False,False,True,False,,False,False,False,False
2017-03-15,28.69,35.86,28.5,35.65,35.65,14.955,11.636500000000002,88.97628480155095,2.505830619429569,408524.96947696,251911.67868378697,MANTIENI STATO ATTUALE,ALTO,False,False,True,False,,False,False,False,False
2017-03-16,35.66,47.03,35.65,45.96,45.96,15.663200000000002,11.81125,92.66340910052388,3.1396998608988858,732580.28886923,281461.00428225996,MANTIENI STATO ATTUALE,ALTO,False,False,True,False,,False,False,False,False
2017-03-17,45.97,57.67,35.04,44.62,44.62,16.343600000000002,11.9796,88.51932369058775,4.5318641565489655,719985.84989644,312616.165635381,MANTIENI STATO ATTUALE,ALTO,False,False,True,False,,False,False,False,False
2017-03-18,44.62,45.0,30.7,33.64,33.64,16.8054,12.09175,63.47102800695313,5.229588145366897,569966.50109942,336081.76880144596,ACQUISTA,ALTO,True,False,True,False,standard,True,False,False,False
2017-03-19,34.03,45.64,33.78,43.21,43.21,17.458,12.249299999999998,71.13712017353886,5.713188992126404,459232.39385515,347643.060671239,MANTIENI STATO ATTUALE,ALTO,False,False,True,False,,True,False,False,False
2017-03-20,43.21,45.25,40.86,42.31,42.31,18.0944,12.400599999999999,69.65660072146179,5.618675492688804,229608.94221823,341859.928224022,MANTIENI STATO ATTUALE,ALTO,False,False,True,False,,True,False,False,False
2017-03-21,42.37,43.68,41.76,42.36,42.36,18.7296,12.55165,69.69433654326578,5.354484386068175,153385.24652058,336941.93516053696,MANTIENI STATO ATTUALE,ALTO,False,False,True,False,,True,False,False,False
2017-03-22,42.39,42.59,38.26,41.37,41.37,19.343,12.699099999999998,67.89393072760885,5.281306929920449,215331.31154119,330032.2544317005,MANTIENI STATO ATTUALE,ALTO,False,False,True,False,,True,False,False,False
2017-03-23,41.33,43.97,40.33,42.99,42.99,19.988400000000002,12.8552,69.29187765690818,5.164070720640416,176283.58226551,317931.5387695415,MANTIENI STATO ATTUALE,ALTO,False,False,True,False,,True,False,False,False
2017-03-24,42.92,53.44,42.5,52.93,52.93,20.8306,13.06105,76.15297776390113,5.576637097737529,412077.11150094,330995.21696856094,MANTIENI STATO ATTUALE,ALTO,False,False,True,False,,True,False,False,False
2017-03-25,52.93,53.4,47.29,50.5,50.5,21.6208,13.255,71.92231209212946,5.614734447899134,322875.49976772,340726.66486912256,MANTIENI STATO ATTUALE,ALTO,False,False,True,False,,True,False,False,False
2017-03-26,50.61,51.5,48.51,50.73,50.73,22.4072,13.450750000000001,72.0804139731454,5.427253415906339,139381.60730493,340603.0881375365,MANTIENI STATO ATTUALE,ALTO,False,False,True,False,,True,False,False,False
2017-03-27,50.74,51.71,48.28,48.97,48.97,23.1614,13.63865,68.88399615061701,5.284592457627315,167954.10960827,341168.2259858115,MANTIENI STATO ATTUALE,ALTO,False,False,True,False,,True,False,False,False
2017-03-28,48.97,50.44,48.51,50.3,50.3,23.9406,13.831949999999999,69.96781538192728,5.044978710653935,148961.43460651,334591.0373593855,MANTIENI STATO ATTUALE,ALTO,False,False,True,False,,True,False,False,False
2017-03-29,50.29,53.97,50.11,53.1,53.1,24.772399999999998,14.036399999999999,72.16588539347914,4.960337374178654,242696.94276526,337611.243767016,MANTIENI STATO ATTUALE,ALTO,False,False,True,False,,True,False,False,False
2017-03-30,53.11,53.34,51.52,51.88,51.88,25.581799999999998,14.237549999999999,69.76976658122351,4.7360275617373215,133949.75343624,328836.7685807655,MANTIENI STATO ATTUALE,ALTO,False,False,True,False,,True,False,False,False
2017-03-31,51.87,52.41,46.98,50.18,50.18,26.365,14.429150000000002,66.45845230297267,4.785597021613227,248184.61398357,329805.205156522,MANTIENI STATO ATTUALE,ALTO,False,False,True,False,,True,False,False,False
2017-04-01,50.17,51.85,48.85,50.71,50.71,27.150600000000004,14.623099999999999,66.98454473414029,4.658054377212283,90500.31838149,321146.5682573535,MANTIENI STATO ATTUALE,ALTO,False,False,True,False,,True,False,False,False
2017-04-02,50.72,51.19,48.14,48.74,48.74,27.895,14.80725,63.02738754837028,4.543193350268548,150244.53593327,297391.0830284245,MANTIENI STATO ATTUALE,ALTO,False,False,True,False,,True,False,True,False
2017-04-03,48.74,48.97,42.39,44.25,44.25,28.55,14.968699999999998,55.04566523571997,4.68867953953508,324319.06028293,302302.203665692,MANTIENI STATO ATTUALE,ALTO,False,False,True,False,,True,False,True,False
2017-04-04,44.33,46.25,41.45,44.47,44.47,29.2108,15.128149999999998,55.34407117195245,4.69663100099686,218472.02147232,292799.55626546,MANTIENI STATO ATTUALE,ALTO,False,False,True,False,,True,False,True,False
2017-04-05,44.45,47.63,44.2,44.78,44.78,29.843599999999995,15.2881,55.789405257202496,4.606157358068513,153161.83660282,263828.6336521395,MANTIENI STATO ATTUALE,ALTO,False,False,True,False,,True,False,True,False
2017-04-06,44.97,45.97,41.1,43.3,43.3,30.45,15.441400000000002,53.06841115825822,4.625003261063619,172306.59173301,236444.67074396802,MANTIENI STATO ATTUALE,ALTO,False,False,True,False,,True,False,True,False
2017-04-07,43.31,44.64,41.57,42.32,42.32,31.038600000000002,15.58715,51.2847468260333,4.513931599559075,106456.14070104,213269.152724049,MANTIENI STATO ATTUALE,ALTO,False,False,True,False,,True,False,True,False
2017-04-08,42.32,45.5,42.31,44.45,44.45,31.672600000000003,15.736600000000001,54.83771381311337,4.419365056733426,78801.726831,194247.6193728415,MANTIENI STATO ATTUALE,ALTO,False,False,True,False,,True,False,True,False
2017-04-09,44.5,44.74,42.72,43.92,43.92,32.2932,15.887399999999998,53.78652520418785,4.247981838395324,56534.48029788,185593.896276824,MANTIENI STATO ATTUALE,ALTO,False,False,True,False,,True,False,True,False
2017-04-10,43.92,44.65,42.72,43.92,43.92,32.9136,16.041,53.78652520418785,4.082411707081373,68377.98513004,181343.533207297,MANTIENI STATO ATTUALE,ALTO,False,False,True,False,,True,False,True,False
2017-04-11,43.92,44.5,43.55,43.83,43.83,33.538,16.1933,53.58423523480717,3.8586680137184177,55284.12760715,173341.17401059502,MANTIENI STATO ATTUALE,ALTO,False,False,True,False,,True,False,True,False
2017-04-12,43.84,47.88,43.58,46.48,46.48,34.211,16.36085,58.529893039555574,3.8901917270242454,124468.48627904,170750.4192112715,MANTIENI STATO ATTUALE,ALTO,False,False,True,False,,True,False,True,False
2017-04-13,46.48,51.11,46.22,49.77,49.77,34.9514,16.5441,63.701045864177,3.9616066036653708,175187.47016084,158905.9371442665,MANTIENI STATO ATTUALE,ALTO,True,False,True,False,,True,False,False,False
2017-04-14,49.86,50.0,46.52,47.2,47.2,35.6312,16.715899999999998,57.65323996103826,3.927206131974987,85109.7751633,147017.65091404552,MANTIENI STATO ATTUALE,ALTO,False,False,True,False,,True,False,True,False
2017-04-15,47.19,74.98,46.78,48.94,48.94,36.346,16.89515,60.39483861045965,5.660977122548202,43693.04585819,142233.2228417085,MANTIENI STATO ATTUALE,ALTO,False,False,True,False,,True,False,False,False
2017-04-16,48.93,49.25,47.5,48.13,48.13,37.0356,17.069200000000002,58.49624450374049,5.381621613794759,42384.56530848,135954.745626719,MANTIENI STATO ATTUALE,ALTO,False,False,True,False,,True,False,True,False
2017-04-17,48.19,48.29,47.5,47.94,47.94,37.699600000000004,17.24335,58.03537458670354,5.053648641380848,54227.36640121,131218.042216454,MANTIENI STATO ATTUALE,ALTO,False,False,True,False,,True,False,True,False
2017-04-18,47.94,49.93,47.7,49.79,49.79,38.3822,17.426149999999996,61.23768135965069,4.851959452710787,81393.9122876,123152.89069257099,MANTIENI STATO ATTUALE,ALTO,False,False,True,False,,True,False,False,False
2017-04-19,49.85,50.32,47.25,47.78,47.78,39.0098,17.59895,56.21812905957846,4.724676634660017,103907.90858065,121650.7984497915,MANTIENI STATO ATTUALE,ALTO,False,False,True,False,,True,False,True,False
2017-04-20,47.71,49.5,47.6,49.38,49.38,39.65,17.77945,59.09259263152065,4.522914017898587,93735.58522977,113928.34701210148,MANTIENI STATO ATTUALE,ALTO,False,False,True,False,,True,False,False,False
2017-04-21,49.39,49.49,48.24,48.37,48.37,40.232,17.95375,56.567843730866656,4.289134445191545,76552.53094971,113230.9576405125,MANTIENI STATO ATTUALE,ALTO,False,False,True,False,,True,False,True,False
2017-04-22,48.38,49.08,48.22,48.61,48.61,40.8106,18.1302,57.037573945174366,4.044196270535005,59641.96199605,108700.82894365149,MANTIENI STATO ATTUALE,ALTO,False,False,True,False,,True,False,True,False
2017-04-23,48.58,49.0,48.25,48.96,48.96,41.4168,18.30955,57.7551246962407,3.8088965369253622,53556.71591886,95162.711725448,MANTIENI STATO ATTUALE,ALTO,False,False,True,False,,True,False,False,False
2017-04-24,48.95,50.44,48.94,50.12,50.12,42.0312,18.49585,60.13177535862117,3.643975355716408,87541.85950957,88616.20362731049,MANTIENI STATO ATTUALE,ALTO,False,False,True,False,,True,False,False,False
2017-04-25,50.11,50.75,50.0,50.31,50.31,42.6438,18.6839,60.523526225073226,3.437262830308093,76648.08871869,84790.516233104,MANTIENI STATO ATTUALE,ALTO,False,False,True,False,,True,False,False,False
2017-04-26,50.28,54.85,50.25,53.42,53.42,43.333,18.8897,66.35175920091291,3.5203154852860865,188049.80301613,85577.67679726,MANTIENI STATO ATTUALE,ALTO,False,False,True,False,,True,False,False,False
2017-04-27,53.4,63.99,52.66,63.67,63.67,44.2728,19.147550000000003,77.92137145040277,4.0781500934799375,307148.30636896,95612.28508065599,MANTIENI STATO ATTUALE,ALTO,False,False,True,False,,True,False,False,False
2017-04-28,63.65,74.9,62.5,73.14,73.14,45.3792,19.454349999999998,83.54932940157533,4.672567943945657,442921.18135476,113818.257806844,MANTIENI STATO ATTUALE,ALTO,False,False,True,False,,True,False,False,False
2017-04-29,73.17,74.89,68.24,70.4,70.4,46.4032,19.7475,77.40161031946138,4.813813090806682,243330.29671571,123158.0486277355,MANTIENI STATO ATTUALE,ALTO,False,False,True,False,,True,False,False,False
2017-04-30,70.37,82.9,70.0,80.87,80.87,47.587799999999994,20.09225,82.65394662963237,5.391397870034776,272307.30087488,133354.5144149775,MANTIENI STATO ATTUALE,ALTO,False,False,True,False,,True,False,False,False
2017-05-01,80.72,85.21,72.24,79.35,79.35,48.70700000000001,20.42965,79.755809375684,5.9327265936037215,417924.11535989,151486.51380261447,MANTIENI STATO ATTUALE,ALTO,False,False,True,False,,True,False,False,False
2017-05-02,79.05,83.07,75.54,77.55,77.55,49.685199999999995,20.757799999999996,76.34205100446935,6.046817551203455,211378.02819441,155831.99089838302,MANTIENI STATO ATTUALE,ALTO,False,False,True,False,,True,False,False,False
2017-05-03,77.55,81.4,75.89,81.29,81.29,50.7372,21.104499999999998,78.40985682854043,6.0084734404032085,217887.00012124,157966.96739640302,MANTIENI STATO ATTUALE,ALTO,False,False,True,False,,True,False,False,False
2017-05-04,81.19,96.66,80.31,95.97,95.97,51.9436,21.5246,84.23460012765898,6.747153908945837,356318.1438017,171527.385828323,MANTIENI STATO ATTUALE,ALTO,False,False,True,False,,True,False,False,False
2017-05-05,95.98,98.98,89.0,91.93,91.93,52.863,21.92445,77.99804217076407,6.978071486878278,241440.1723698,181414.7421539035,MANTIENI STATO ATTUALE,ALTO,False,False,True,False,,True,False,False,False
2017-05-06,91.94,96.42,91.94,95.84,95.84,53.88740000000001,22.340950000000003,79.57424680398402,6.800352094958401,111473.40974383,184869.184375671,MANTIENI STATO ATTUALE,ALTO,False,False,True,False,,True,False,False,False
2017-05-07,95.74,97.95,90.0,93.82,93.82,55.090999999999994,22.75,76.52418067360021,6.882469802461373,146704.7426076,189493.0531859905,MANTIENI STATO ATTUALE,ALTO,False,False,True,False,,True,False,False,False
2017-05-08,93.83,94.74,85.1,89.25,89.25,56.011799999999994,23.135949999999998,69.98819589922174,7.079436245142704,212998.74977984,196073.2950606025,MANTIENI STATO ATTUALE,ALTO,False,False,True,False,,True,False,False,False
2017-05-09,89.25,90.08,75.89,86.58,86.58,56.89719999999999,23.5086,66.41889053293917,7.587333656203938,274317.97090647,204593.7981768935,MANTIENI STATO ATTUALE,ALTO,False,False,True,False,,True,False,False,False
2017-05-10,86.77,91.98,85.39,88.36,88.36,57.8172,23.890249999999995,67.60501460258884,7.516095537903658,143176.40257741,207065.83904427552,MANTIENI STATO ATTUALE,ALTO,False,False,True,False,,True,False,False,False
2017-05-11,88.36,90.99,87.01,88.3,88.3,58.7558,24.27205,67.5184434038163,7.2635172851962535,115231.87479637,208999.8062366085,MANTIENI STATO ATTUALE,ALTO,False,False,True,False,,True,False,False,False
2017-05-12,88.3,90.3,82.2,85.17,85.17,59.5994,24.6383,62.98712989871261,7.323266050539378,135905.56078613,212812.9861761125,MANTIENI STATO ATTUALE,ALTO,False,False,True,False,,True,False,True,False
2017-05-13,85.19,88.74,82.0,88.42,88.42,60.30919999999999,25.02375,65.57088449174043,7.281604189786566,88764.58772447,214573.379766393,MANTIENI STATO ATTUALE,ALTO,False,False,True,False,,True,False,False,False
2017-05-14,88.38,89.94,87.13,89.39,89.39,61.086999999999996,25.41325,66.32643015152834,6.962203890516097,53063.13338631,212849.44346023002,MANTIENI STATO ATTUALE,ALTO,False,False,True,False,,True,False,False,False
2017-05-15,89.42,94.7,89.28,91.0,91.0,61.89240000000001,25.810850000000002,67.59745149639438,6.8520464697649475,131363.64582398,215585.2213154945,MANTIENI STATO ATTUALE,ALTO,False,False,True,False,,True,False,False,False
2017-05-16,91.0,92.3,87.08,87.98,87.98,62.6726,26.195099999999996,62.808424000453705,6.735471721924594,127231.00022453,212544.2811759145,MANTIENI STATO ATTUALE,ALTO,False,False,True,False,,True,False,True,False
2017-05-17,87.97,89.98,82.5,86.88,86.88,63.40419999999999,26.577150000000003,61.11017654841609,6.788652313215695,152795.43726305,204826.637720619,MANTIENI STATO ATTUALE,ALTO,False,False,True,False,,True,False,True,False
2017-05-18,86.88,96.2,86.5,96.2,96.2,64.2662,27.0022,68.80609889665507,6.996605719414575,173625.24322665,191361.8408142135,MANTIENI STATO ATTUALE,ALTO,False,False,True,False,,True,False,False,False
2017-05-19,96.2,129.98,96.18,125.14,125.14,65.73140000000001,27.57305,81.22824926380258,8.911133882313532,484630.316657,203426.841811278,MANTIENI STATO ATTUALE,ALTO,False,False,True,False,,True,False,False,False
2017-05-20,125.04,129.34,121.0,123.63,123.63,67.2004,28.137000000000004,79.45043464782921,8.870338605005422,201025.57359568,199862.755447318,MANTIENI STATO ATTUALE,ALTO,False,False,True,False,,True,False,False,False
2017-05-21,123.56,148.97,122.0,148.78,148.78,69.1618,28.82675,85.24350037624261,10.16317156179075,324006.43960756,195166.87165970152,MANTIENI STATO ATTUALE,ALTO,False,False,True,False,,True,False,False,False
2017-05-22,148.86,184.22,131.22,160.1,160.1,71.38900000000001,29.5729,87.01751345601785,13.222945021662838,644273.1716854,216811.628834251,MANTIENI STATO ATTUALE,ALTO,False,False,True,False,,True,False,False,False
2017-05-23,160.38,177.9,155.7,169.95,169.95,73.903,30.3669,88.33196798074012,13.86416323440121,269504.95674999,219392.5266656885,MANTIENI STATO ATTUALE,ALTO,False,False,True,False,,True,False,False,False
2017-05-24,169.9,202.0,167.7,196.06,196.06,76.9348,31.2914,90.94820795572551,15.32386586051541,361470.85784076,219650.16236764152,MANTIENI STATO ATTUALE,ALTO,False,False,True,False,,True,False,False,False
2017-05-25,196.05,217.85,162.04,181.51,181.51,79.66940000000001,32.1439,80.16155069090172,18.21573258476431,484975.36393576,231826.92194593948,MANTIENI STATO ATTUALE,ALTO,False,False,True,False,,True,False,False,False
2017-05-26,181.4,199.99,140.0,163.8,163.8,82.0794,32.908249999999995,69.37600179117851,21.199608828709717,442739.38733464,248390.22082548,MANTIENI STATO ATTUALE,ALTO,False,False,True,False,,True,False,False,False
2017-05-27,163.78,172.0,115.67,159.91,159.91,84.4312,33.653600000000004,67.23609743078163,23.70892248380188,465437.92029385,264326.8797097925,MANTIENI STATO ATTUALE,ALTO,False,False,True,False,,True,False,False,False
2017-05-28,159.71,185.0,159.59,175.48,175.48,87.0518,34.4779,71.08105253581752,23.83042802067318,236048.08435851,265479.346438726,MANTIENI STATO ATTUALE,ALTO,False,False,True,False,,True,False,True,False
2017-05-29,175.48,199.0,167.0,194.82,194.82,90.06980000000001,35.39945,75.00482933079199,24.41396887633938,218954.39607822,262711.16769731353,MANTIENI STATO ATTUALE,ALTO,False,False,True,False,,True,False,False,False
2017-05-30,194.89,233.09,185.0,228.69,228.69,93.76520000000001,36.49145,80.09775455991755,26.10511395660085,448799.28541494,277992.31183918996,MANTIENI STATO ATTUALE,ALTO,False,False,True,False,,True,False,False,False
2017-05-31,228.67,234.76,215.42,229.14,229.14,97.47140000000002,37.587399999999995,80.15560823954998,25.62189153112936,350748.08045495,289768.122122119,MANTIENI STATO ATTUALE,ALTO,False,False,True,False,,True,False,False,False
2017-06-01,229.15,238.97,206.02,221.91,221.91,100.98,38.64625,76.31711045699754,26.145327850334407,345620.06538661,300253.847352143,MANTIENI STATO ATTUALE,ALTO,False,False,True,False,,True,False,False,False
2017-06-02,221.84,229.75,216.5,222.04,222.04,104.42540000000001,39.70635,76.33905109621463,25.224233003881952,166454.3515687,304138.3355443545,MANTIENI STATO ATTUALE,ALTO,False,False,True,False,,True,False,False,False
2017-06-03,221.95,227.5,218.56,224.95,224.95,107.98039999999999,40.77975,76.85592980669817,24.06107350360467,110291.48994177,306999.75337212754,MANTIENI STATO ATTUALE,ALTO,False,False,True,False,,True,False,False,False
2017-06-04,224.95,249.04,224.0,245.5,245.5,111.91159999999999,41.95725,80.15317372362281,24.130996824775764,212990.77161956,311081.1096619065,MANTIENI STATO ATTUALE,ALTO,False,False,True,False,,True,False,False,False
2017-06-05,245.48,248.98,241.2,248.0,248.0,115.90899999999999,43.14770000000001,80.51682402915276,22.963068480148923,148012.87141512,312120.203221436,MANTIENI STATO ATTUALE,ALTO,False,False,True,False,,True,False,False,False
2017-06-06,247.99,269.36,247.0,264.22,264.22,120.23460000000001,44.42125,82.72803491859416,22.91999216013829,321257.13754041,320543.28823530395,MANTIENI STATO ATTUALE,ALTO,False,False,True,False,,True,False,False,False
2017-06-07,264.5,265.63,244.98,255.68,255.68,124.3524,45.65125,77.72619786589664,22.757849862985555,218451.7317111,322784.6126595265,MANTIENI STATO ATTUALE,ALTO,False,False,True,False,,True,False,False,False
2017-06-08,255.61,261.0,250.0,258.64,258.64,128.56959999999998,46.896449999999994,78.21778155430464,21.918003444200874,137027.20512509,305404.457082931,MANTIENI STATO ATTUALE,ALTO,False,False,True,False,,True,False,False,False
2017-06-09,258.64,279.39,258.63,279.38,279.38,133.1696,48.245650000000005,81.32741547385305,21.83528891247224,191150.05975101,304910.6813906975,MANTIENI STATO ATTUALE,ALTO,False,False,True,False,,True,False,False,False
2017-06-10,279.39,358.46,278.03,340.2,340.2,139.00619999999998,49.897299999999994,87.12987636358962,26.020625418724226,424269.45519765,309923.832170202,MANTIENI STATO ATTUALE,ALTO,False,False,True,False,,True,False,False,False
2017-06-11,340.13,355.0,317.05,343.01,343.01,144.8942,51.56335,87.32583825406381,26.87272360310107,251526.11642898,290286.479407381,MANTIENI STATO ATTUALE,ALTO,False,False,True,False,,True,False,False,False
2017-06-12,343.29,420.0,306.11,397.37,397.37,151.8624,53.5043,90.37802412044334,33.0882433457367,535807.37275223,303601.600207493,MANTIENI STATO ATTUALE,ALTO,False,False,True,False,,True,False,False,False
2017-06-13,397.36,400.0,359.75,388.0,388.0,158.62,55.3973,86.5107356956648,33.599797392469796,270476.84967737,299051.8997993235,MANTIENI STATO ATTUALE,ALTO,False,False,True,False,,True,False,False,False
2017-06-14,388.0,394.47,315.0,341.7,341.7,164.4478,57.05915,70.46549274113195,36.876240435864815,373882.12090848,293497.2376479595,MANTIENI STATO ATTUALE,ALTO,False,False,True,False,,True,False,False,False
2017-06-15,341.7,356.29,253.0,343.71,343.71,170.2536,58.7328,70.71938892769138,41.62008040473162,750552.70232997,308887.903397726,MANTIENI STATO ATTUALE,ALTO,False,False,True,False,,True,False,False,False
2017-06-16,343.71,364.0,314.0,354.26,354.26,176.06539999999998,60.460750000000004,72.07626755555455,42.21864609010793,256375.67115986,298434.79094102647,MANTIENI STATO ATTUALE,ALTO,False,False,True,False,,True,False,True,False
2017-06-17,354.26,369.0,341.65,368.98,368.98,181.9822,62.26495,73.8940441176432,41.15659994081451,144149.67943169,293839.8706946855,MANTIENI STATO ATTUALE,ALTO,False,False,True,False,,True,False,False,False
2017-06-18,368.99,381.66,340.11,351.85,351.85,187.61120000000003,63.98115000000001,68.32025247210714,41.18469994504204,156569.03884936,290720.6028332425,MANTIENI STATO ATTUALE,ALTO,False,False,True,False,,True,False,True,False
2017-06-19,351.84,362.5,346.88,358.71,358.71,193.168,65.73245,69.31834657751583,39.35864994896761,103120.69222457,273436.673173724,MANTIENI STATO ATTUALE,ALTO,False,False,True,False,,True,False,True,False
2017-06-20,358.71,365.79,325.0,350.94,350.94,198.5998,67.44850000000001,66.75302214250601,39.46088923832707,209201.65923438,266359.35211269546,MANTIENI STATO ATTUALE,ALTO,False,False,True,False,,True,False,True,False
2017-06-21,350.94,352.0,0.1,325.41,325.41,203.55700000000002,69.03625,59.023800644096646,61.77796857844656,441449.72983966,271150.835335348,VENDI,ALTO,False,False,True,False,,False,False,True,True
2017-06-22,327.36,336.68,305.0,320.02,320.02,208.3316,70.59949999999999,57.509788954729736,59.62811367998609,149181.79483138,270287.207498482,MANTIENI STATO ATTUALE,ALTO,False,False,True,False,,False,False,False,False
2017-06-23,320.02,332.95,316.66,326.99,326.99,212.952,72.2007,58.975257878307275,56.53253413141565,77450.68733618,268645.16736820247,MANTIENI STATO ATTUALE,ALTO,False,False,True,False,,False,False,False,False
2017-06-24,326.98,330.7,295.55,304.5,304.5,217.2034,73.68405,52.663649584410116,55.00521026488597,131625.76300771,264576.91693761,MANTIENI STATO ATTUALE,ALTO,False,False,True,False,,False,False,False,False
2017-06-25,304.5,310.0,251.3,278.49,278.49,220.8564,75.03475,46.46959966910382,55.26912381739412,263539.27127496,270353.236930602,MANTIENI STATO ATTUALE,ALTO,False,False,True,False,,False,False,False,False
2017-06-26,278.49,293.0,206.5,252.99,252.99,224.03979999999999,76.2587,41.33647618833793,57.49990068758026,572327.07792308,282906.73394973547,MANTIENI STATO ATTUALE,ALTO,False,False,True,False,,False,False,False,False
2017-06-27,252.97,288.51,211.0,287.23,287.23,227.99939999999998,77.6525,49.41629586004904,58.92919349561024,469363.14454721,295452.304591541,MANTIENI STATO ATTUALE,ALTO,False,False,True,False,,False,False,False,False
2017-06-28,287.27,323.69,260.11,315.32,315.32,232.5742,79.1884,54.903814362528855,59.26139396020951,401411.43973853,308671.516322213,MANTIENI STATO ATTUALE,ALTO,False,False,True,False,,False,False,False,False
2017-06-29,315.32,322.9,286.22,292.95,292.95,236.666,80.612,50.23043303108625,57.64843724876597,204009.03186533,309314.46492792905,MANTIENI STATO ATTUALE,ALTO,False,False,True,False,,False,False,False,False
2017-06-30,292.95,306.5,270.5,280.04,280.04,240.50079999999997,81.96969999999999,47.706646972426825,56.10212030242555,232770.11496367,299739.49791623,MANTIENI STATO ATTUALE,ALTO,False,False,True,False,,False,False,False,False
2017-07-01,280.03,281.98,253.23,263.12,263.12,244.0598,83.24325,44.54751412740646,54.14839742368087,179041.22371058,296115.25328030996,MANTIENI STATO ATTUALE,ALTO,False,False,True,False,,False,False,False,False
2017-07-02,263.12,293.73,255.7,285.0,285.0,247.9914,84.62705,49.22951953524063,52.99708332198938,191572.82260716,278903.5257730565,MANTIENI STATO ATTUALE,ALTO,False,False,True,False,,False,False,False,False
2017-07-03,285.0,285.0,273.07,276.37,276.37,251.73100000000002,85.96975,47.525078826071045,50.06372022756157,126101.36349921,271684.7514641485,MANTIENI STATO ATTUALE,ALTO,False,False,True,False,,False,False,False,False
2017-07-04,276.37,282.83,265.0,269.2,269.2,255.295,87.27655,46.09709623284299,47.7613116398786,109679.71817595,258474.631327522,MANTIENI STATO ATTUALE,ALTO,False,False,True,False,,False,False,False,False
2017-07-05,269.18,274.97,252.67,266.27,266.27,258.86080000000004,88.56865000000002,45.49550471667357,45.94264652274442,166163.90647145,229255.19153459597,MANTIENI STATO ATTUALE,ALTO,False,False,True,False,,False,False,False,False
2017-07-06,266.27,275.0,261.59,266.01,266.01,262.4434,89.8591,45.43883569178995,43.61888605683411,86798.37421098,220776.32668715203,MANTIENI STATO ATTUALE,ALTO,False,False,True,False,,False,False,False,False
2017-07-07,266.01,266.97,235.01,241.28,241.28,265.345,91.0273,40.29734412110434,42.78610848134596,179643.78239179,222551.03183515702,VENDI,ALTO,False,False,True,False,,False,True,False,False
2017-07-08,241.27,249.5,231.25,246.64,246.64,267.775,92.22229999999999,41.8335859317146,41.03352930410697,135553.94613742,221500.27719956,VENDI,ALTO,False,False,True,False,,False,True,False,False
2017-07-09,246.65,253.31,236.0,238.81,238.81,270.0786,93.3768,40.20601971524875,39.33899149667076,71500.75627037,219919.28040185003,VENDI,ALTO,False,False,True,False,,False,True,False,False
2017-07-10,238.4,240.33,185.39,202.86,202.86,271.16020000000003,94.35335,33.71944021337734,40.453349246908566,398041.70357687,229361.2826189745,VENDI,ALTO,False,False,True,False,,False,True,False,False
2017-07-11,201.65,216.5,175.56,190.57,190.57,271.76959999999997,95.27055,31.828908030169558,40.48811001498653,529884.63788858,233783.0280214205,VENDI,ALTO,False,False,True,False,,False,True,False,False
2017-07-12,190.57,228.88,181.0,224.04,224.04,272.8514,96.35465,41.45560980999679,41.01610215677321,417514.89238521,247199.68289911197,VENDI,ALTO,False,False,True,False,,False,True,False,False
2017-07-13,224.01,227.0,193.07,205.0,205.0,273.0302,97.34370000000001,38.1547869695297,40.50995200271798,226699.02590419,254662.0998275125,VENDI,ALTO,False,False,True,False,,False,True,False,False
2017-07-14,205.0,206.99,183.12,197.23,197.23,273.3446,98.29355,36.864787875755994,39.321384002523835,213188.74009561,258740.24868190748,VENDI,ALTO,False,False,True,False,,False,True,False,False
2017-07-15,197.23,198.97,167.0,167.72,167.72,273.423,99.09635,32.38627121049902,38.796285145200706,261390.37737053,258632.803986686,VENDI,ALTO,False,False,True,False,,False,True,False,False
2017-07-16,168.22,172.3,130.26,155.68,155.68,273.3384,99.83665,30.7451486587737,39.02797906340066,609640.25747522,260498.462964293,VENDI,ALTO,False,False,True,False,,False,True,False,False
2017-07-17,155.69,191.5,153.25,190.87,190.87,273.64619999999996,100.74955,40.27173726689041,38.97240913030061,632198.84128556,268640.2478012105,VENDI,ALTO,False,False,True,False,,False,True,False,False
2017-07-18,190.87,249.4,176.51,227.01,227.01,274.29,101.84355,48.15880828017002,41.395094192422,871486.85742525,292144.0186855465,VENDI,ALTO,True,False,True,False,,False,True,False,False
2017-07-19,227.01,243.9,186.01,194.74,194.74,273.611,102.77645000000001,42.73266400701302,42.57330175010614,769832.272328,320435.18070867995,VENDI,ALTO,False,False,True,False,,False,True,False,False
2017-07-20,194.74,237.0,194.74,226.06,226.06,273.54940000000005,103.86585,48.76629616943203,42.55092305366998,616596.49227661,339626.499574327,VENDI,ALTO,True,False,True,False,,False,True,False,False
2017-07-21,226.23,238.0,208.5,216.6,216.6,273.4432,104.90695,47.15040774985237,41.618714264122126,289938.17184544,345171.34698107,VENDI,ALTO,False,False,True,False,,False,True,False,False
2017-07-22,216.58,237.67,215.1,230.69,230.69,273.6162,106.01244999999999,49.817560602515876,40.25809181668483,179566.03971823,344571.00783662347,VENDI,ALTO,False,False,True,False,,False,True,False,False
2017-07-23,230.69,234.35,221.2,228.31,228.31,273.68339999999995,107.09815,49.364380738075376,38.32179954406449,115026.49432892,344017.26437810896,VENDI,ALTO,False,False,True,False,,False,True,False,False
2017-07-24,228.27,229.99,224.0,225.96,225.96,273.2926,108.1768,48.891450958081016,36.012385290917024,74988.12540113,342282.684739368,VENDI,ALTO,False,False,True,False,,False,True,False,False
2017-07-25,225.97,226.59,193.0,203.78,203.78,272.4082,109.145,44.55296730180695,35.83935777013724,367646.15788578,352356.7973100845,VENDI,ALTO,False,False,True,False,,False,True,False,False
2017-07-26,203.78,209.89,193.4,203.23,203.23,271.1884,110.11155,44.44764033429186,34.45726078655601,212126.71693004,358623.2144460375,VENDI,ALTO,False,False,True,False,,False,True,False,False
2017-07-27,203.23,205.0,198.85,202.94,202.94,270.1336,111.07375,44.388053674556865,32.4353135875163,125511.49297384,355916.59997514,VENDI,ALTO,False,False,True,False,,False,True,False,False
2017-07-28,202.95,203.95,189.34,190.72,190.72,268.7752,111.97540000000001,41.84253542587897,31.162076902693705,170551.22979694,357666.464158116,VENDI,ALTO,False,False,True,False,,False,True,False,False
2017-07-29,190.99,209.77,178.03,205.9,205.9,267.3056,112.95174999999999,45.98633736106317,31.20335712392987,273049.87544549,367743.920116872,VENDI,ALTO,False,False,True,False,,False,True,False,False
2017-07-30,205.89,209.9,193.26,196.95,196.95,264.4406,113.88674999999999,43.99592998051956,30.163117329363452,105150.12887105,353099.34138158103,VENDI,ALTO,False,False,True,False,,False,True,False,False
2017-07-31,196.95,201.98,190.78,200.82,200.82,261.59680000000003,114.84185,45.10239868386587,28.808608948694637,117870.21208966,332498.620091635,VENDI,ALTO,False,False,True,False,,False,True,False,False
2017-08-01,200.83,232.73,200.82,225.73,225.73,258.164,115.92129999999999,51.71509222953714,29.030136880930733,435806.82462287,333413.216703518,VENDI,ALTO,True,False,True,False,,False,True,False,False
2017-08-02,225.73,228.8,215.37,217.92,217.92,254.7624,116.9616,49.69397835325937,27.915841389435684,149917.3774405,329574.1342803335,VENDI,ALTO,False,False,True,False,,False,True,False,False
2017-08-03,217.92,227.53,217.35,224.0,224.0,252.4084,118.03210000000001,51.28996463442362,26.648995575904568,113161.87452226,324572.791001666,VENDI,ALTO,False,False,True,False,,False,True,False,False
2017-08-04,224.0,226.82,219.51,220.72,220.72,249.94859999999997,119.0874,50.361715309552174,25.267638749054242,98579.24462276,316432.2343642775,VENDI,ALTO,False,False,True,False,,False,True,False,False
2017-08-05,220.72,258.98,219.54,251.85,251.85,247.90040000000002,120.29495000000001,58.11040643177808,26.279950266978943,321010.76739422,302000.75986022747,ACQUISTA,ALTO,True,False,True,False,standard,True,False,False,False
2017-08-06,251.86,273.0,250.99,263.96,263.96,245.8,121.56360000000001,60.681724219895365,25.974953819337593,239167.77373496,282349.20648269745,MANTIENI STATO ATTUALE,ALTO,False,False,True,False,,True,False,False,False
2017-08-07,263.97,274.81,257.1,269.9,269.9,244.16100000000003,122.861,61.91656979959511,25.384599975099192,168723.43057382,247211.03514012595,MANTIENI STATO ATTUALE,ALTO,False,False,True,False,,True,False,False,False
2017-08-08,269.89,299.45,267.0,295.95,295.95,242.90579999999997,124.28765,66.83576579447936,25.88927140544925,267302.64930407,222084.55398892952,MANTIENI STATO ATTUALE,ALTO,False,False,True,False,,True,False,False,False
2017-08-09,295.95,314.71,276.55,295.26,295.26,241.79219999999998,125.7093,66.5904102903896,26.76575201934573,465374.56335406,214523.45754280203,MANTIENI STATO ATTUALE,ALTO,False,False,True,False,,True,False,False,False
2017-08-10,295.26,309.8,288.34,300.51,300.51,241.2942,127.15799999999999,67.5660328739412,26.38676973224961,154431.32113167,207748.1150071135,MANTIENI STATO ATTUALE,ALTO,False,False,True,False,,True,False,False,False
2017-08-11,300.51,310.0,295.79,309.65,309.65,241.08679999999995,128.65225,69.24960959498017,25.517000465660352,131543.77345794,205347.001694099,MANTIENI STATO ATTUALE,ALTO,False,False,True,False,,True,False,False,False
2017-08-12,309.65,319.7,303.61,308.35,308.35,240.71399999999997,130.14115,68.70335809198446,24.843643289541756,175661.18081898,208378.73601860198,MANTIENI STATO ATTUALE,ALTO,False,False,True,False,,True,False,False,False
2017-08-13,308.35,309.95,287.0,296.66,296.66,240.55719999999997,131.5717,63.827625842440355,24.708383054574487,196015.46006707,214430.102751899,MANTIENI STATO ATTUALE,ALTO,False,False,True,False,,True,False,False,False
2017-08-14,296.67,309.35,294.96,299.16,299.16,240.9706,133.0145,64.40933798655178,23.971355693533457,116394.59975549,201867.52484538447,MANTIENI STATO ATTUALE,ALTO,False,False,True,False,,True,False,False,False
2017-08-15,299.16,299.18,267.0,286.71,286.71,241.645,134.39530000000002,59.29528413769386,24.557687429709638,213475.96869542,201934.9874336535,MANTIENI STATO ATTUALE,ALTO,False,False,True,False,,True,False,False,False
2017-08-16,286.71,303.9,280.0,300.45,300.45,241.90939999999998,135.84465,62.80522989299924,24.51070975615895,125548.24950077,201936.82525999998,MANTIENI STATO ATTUALE,ALTO,False,False,True,False,,True,False,False,False
2017-08-17,300.45,309.41,298.0,300.67,300.67,241.6164,137.29555,62.86045199358075,23.57494477357617,117913.06770258,199304.917155282,MANTIENI STATO ATTUALE,ALTO,False,False,True,False,,True,False,False,False
2017-08-18,300.66,306.09,287.0,292.87,292.87,241.6148,138.70690000000002,59.48821133675322,23.254591575463586,132176.43410008,192261.2450880115,MANTIENI STATO ATTUALE,ALTO,False,False,True,False,,True,False,False,False
2017-08-19,292.86,298.7,287.0,293.58,293.58,241.8856,140.12130000000002,59.70014161583683,22.429263605787614,68015.67500724,190404.522394821,MANTIENI STATO ATTUALE,ALTO,False,False,True,False,,True,False,False,False
2017-08-20,293.58,298.5,289.5,297.79,297.79,242.579,141.55665,61.00286649518915,21.4700304910885,55102.04407497,187266.1139940865,MANTIENI STATO ATTUALE,ALTO,False,False,True,False,,True,False,False,False
2017-08-21,297.79,344.34,295.27,322.0,322.0,243.31900000000002,143.11255,67.50758560949592,23.44145688458218,312029.89411077,181077.2674684815,MANTIENI STATO ATTUALE,ALTO,False,False,True,False,,True,False,False,False
2017-08-22,322.0,329.97,292.0,314.19,314.19,244.07539999999997,144.62855,63.809941276406896,24.479209964254885,200165.56685601,183589.676939257,MANTIENI STATO ATTUALE,ALTO,True,False,True,False,,True,False,False,False
2017-08-23,314.19,324.61,313.72,317.5,317.5,245.04139999999998,146.159,64.69261412280449,23.50855210966525,102640.68582938,183063.617504613,MANTIENI STATO ATTUALE,ALTO,False,False,True,False,,True,False,False,False
2017-08-24,317.5,328.0,316.0,324.56,324.56,246.2072,147.72549999999998,66.565726200263,22.68651267326059,77759.33281317,182022.6219141335,MANTIENI STATO ATTUALE,ALTO,False,False,True,False,,True,False,False,False
2017-08-25,324.56,336.99,324.38,330.14,330.14,247.4898,149.3195,68.0102453085297,21.966761768027695,118403.86049802,171892.27656932353,MANTIENI STATO ATTUALE,ALTO,False,False,True,False,,True,False,False,False
2017-08-26,330.14,334.51,325.1,332.99,332.99,249.324,150.92690000000002,68.75281570207179,21.06985021316857,64257.23654457,163146.74970980402,MANTIENI STATO ATTUALE,ALTO,False,False,True,False,,True,False,False,False
2017-08-27,332.99,348.2,332.44,348.2,348.2,251.3552,152.61085,72.43087509921301,20.690575197942245,94727.24092539,159446.9402273825,MANTIENI STATO ATTUALE,ALTO,False,False,True,False,,True,False,False,False
2017-08-28,348.2,349.99,336.35,347.54,347.54,253.5298,154.29345,72.03464390083208,20.18696268380351,111495.22073893,151656.56879912553,MANTIENI STATO ATTUALE,ALTO,False,False,True,False,,True,False,False,False
2017-08-29,347.54,374.91,347.54,372.48,372.48,256.9222,156.0987,77.12667870147679,20.700036777817548,172763.72910699,137026.027086772,MANTIENI STATO ATTUALE,ALTO,False,False,True,False,,True,False,False,False
2017-08-30,372.48,392.0,368.3,384.1,384.1,260.7928,157.9616,79.0414891691131,20.914319865116294,164881.8885695,137548.5554586635,MANTIENI STATO ATTUALE,ALTO,False,False,True,False,,True,False,False,False
2017-08-31,384.1,389.97,381.2,389.2,389.2,264.096,159.8501,79.83921336927128,20.046868446179417,119008.82851471,136921.808211502,MANTIENI STATO ATTUALE,ALTO,False,False,True,False,,True,False,False,False
2017-09-01,389.2,396.88,386.98,392.87,392.87,267.8534,161.7573,80.41685095820819,19.322092128595173,160640.81878876,136170.790109991,MANTIENI STATO ATTUALE,ALTO,False,False,True,False,,True,False,False,False
2017-09-02,392.87,393.76,333.0,354.87,354.87,271.0062,163.46595000000002,60.945644455988585,22.281942690838374,293413.40236712,141040.6872249935,MANTIENI STATO ATTUALE,ALTO,True,False,True,False,,True,False,False,False
2017-09-03,354.88,372.0,344.0,353.06,353.06,274.71299999999997,165.16635000000002,60.197978902603985,22.690375355778492,137268.86305024,142084.400389731,MANTIENI STATO ATTUALE,ALTO,False,False,True,False,,True,False,True,False
2017-09-04,353.06,353.15,285.0,316.86,316.86,277.9366,166.6862,47.61638190235404,25.93749140179431,458363.975868,154328.80074836,VENDI,ALTO,False,False,True,False,,False,False,True,True
2017-09-05,316.87,325.0,290.0,320.08,320.08,280.5208,168.22285,48.644569169359755,26.58481344452329,318353.88523581,163969.08253511201,MANTIENI STATO ATTUALE,ALTO,False,False,True,False,,False,False,False,False
2017-09-06,320.09,345.0,319.3,339.38,339.38,282.7682,169.85530000000003,54.419442743364634,26.5216124842002,194966.28863943,167821.7435819545,MANTIENI STATO ATTUALE,ALTO,False,False,True,False,,False,False,False,False
2017-09-07,339.38,339.38,323.26,335.56,335.56,285.5846,171.4686,53.14560475982483,25.77864016390019,103175.36266456,166371.6900101785,MANTIENI STATO ATTUALE,ALTO,False,False,True,False,,False,False,False,False
2017-09-08,335.56,335.56,292.71,307.96,307.96,287.2226,172.94535,44.957352161712116,26.998023009335892,299196.18205446,177930.71536253951,MANTIENI STATO ATTUALE,ALTO,False,False,True,False,,False,False,False,False
2017-09-09,307.96,313.87,294.0,304.99,304.99,288.9904,174.40614999999997,44.16872667538298,26.488878508669043,97356.16715522,180043.421516552,MANTIENI STATO ATTUALE,ALTO,False,False,True,False,,False,False,False,False
2017-09-10,305.0,306.5,285.0,300.33,300.33,290.3832,175.84404999999998,42.89723496285218,26.13253004376411,123364.47278542,170610.1504502845,MANTIENI STATO ATTUALE,ALTO,False,False,True,False,,False,False,False,False
2017-09-11,300.34,307.97,288.0,298.47,298.47,291.7864,177.27035,42.3729122404647,25.69234932635239,131872.4413353,167195.494174249,MANTIENI STATO ATTUALE,ALTO,False,False,True,False,,False,False,False,False
2017-09-12,298.47,316.19,286.0,294.5,294.5,293.1572,178.67685,41.214970735247846,26.01361008875579,193866.88976529,171756.8043710445,MANTIENI STATO ATTUALE,ALTO,False,False,True,False,,False,False,False,False
2017-09-13,294.5,294.5,256.41,275.71,275.71,294.5958,179.98715,36.176020642513954,26.876209368130375,330077.26740091,184372.70110043153,VENDI,ALTO,False,False,True,False,,False,True,False,False
2017-09-14,275.71,280.75,221.3,223.85,223.85,295.0082,181.0327,26.533834799950128,29.202908698978206,517640.07889459,204334.51202026,VENDI,MEDIO,False,False,True,False,,False,True,False,False
2017-09-15,223.85,270.0,202.25,260.88,260.88,296.167,182.2588,39.03000059701931,31.956272363336907,667715.3795006,234507.4191680615,VENDI,ALTO,False,False,True,False,,False,True,False,False
2017-09-16,260.87,278.0,247.1,255.84,255.84,297.4694,183.456,38.080588914230574,31.880824337384276,194275.26114785,239484.8201791845,VENDI,MEDIO,False,False,True,False,,False,True,False,False
2017-09-17,255.85,272.0,240.15,259.66,259.66,298.5446,184.66745000000003,39.28607399658159,31.878622598999684,127514.7477237,240285.79652842303,VENDI,ALTO,False,False,True,False,,False,True,False,False
2017-09-18,259.66,303.78,259.65,298.0,298.0,300.56559999999996,186.0611,49.841042744810316,32.753720984785424,298160.31829275,246555.62598771098,MANTIENI STATO ATTUALE,ALTO,False,False,True,False,,False,False,False,False
2017-09-19,298.0,301.0,275.25,282.8,282.8,302.2052,187.37669999999997,46.39724977001702,32.253455200157894,172906.38843809,246956.8509811405,VENDI,ALTO,False,False,True,False,,False,True,False,False
2017-09-20,282.94,293.71,278.04,283.55,283.55,303.3616,188.7012,46.59333628298208,31.0689226858609,108925.71300684,246452.695205747,VENDI,ALTO,False,False,True,False,,False,True,False,False
2017-09-21,283.55,286.99,252.55,258.11,258.11,304.16540000000003,189.89475000000002,41.10103964941014,31.309713922585125,211091.13505245,248975.21101893153,VENDI,MEDIO,False,False,True,False,,False,True,False,False
2017-09-22,258.11,272.0,254.01,263.88,263.88,304.96299999999997,191.11575000000002,42.74940534457444,30.358305785257617,120473.05688255,240328.19374470302,VENDI,MEDIO,False,False,True,False,,False,True,False,False
2017-09-23,263.88,286.63,260.02,286.03,286.03,306.2692,192.4511,48.68633096783272,30.090569657739216,79343.8978278,237431.945483581,VENDI,ALTO,False,False,True,False,,False,True,False,False
2017-09-24,286.03,294.89,276.23,283.21,283.21,306.89639999999997,193.78375,48.003807865499574,29.27410039647213,95448.67822107,219286.1806012345,VENDI,ALTO,False,False,True,False,,False,True,False,False
2017-09-25,283.21,296.7,282.66,294.41,294.41,307.50539999999995,195.16670000000002,50.945152010376106,28.185950368152692,90047.80087125,207870.8763830065,VENDI,ALTO,False,False,True,False,,False,True,False,False
2017-09-26,294.41,295.48,286.0,288.77,288.77,307.8828,196.51454999999999,49.42879965597799,26.84981105614179,64077.24189666,201326.42404586799,VENDI,ALTO,False,False,True,False,,False,True,False,False
2017-09-27,288.77,312.75,288.25,309.85,309.85,308.1608,197.9556,54.83926316864883,26.68196740927452,121905.91012243,202262.95141876148,MANTIENI STATO ATTUALE,ALTO,False,False,True,False,,False,False,False,False
2017-09-28,309.86,310.0,298.1,302.33,302.33,308.3022,199.35029999999998,52.67424546881277,25.62611259432634,94872.87426245,192046.786029161,MANTIENI STATO ATTUALE,ALTO,False,False,True,False,,False,False,False,False
2017-09-29,302.33,302.6,278.0,291.88,291.88,308.1296,200.6665,49.73577159650808,25.55281883758875,165285.97835623,195443.27658921148,VENDI,ALTO,False,False,True,False,,False,True,False,False
2017-09-30,291.88,304.69,291.25,301.57,301.57,307.968,202.0309,52.388122543104586,24.687617492046698,62093.33386924,192379.7196434025,VENDI,ALTO,False,False,True,False,,False,True,False,False
2017-10-01,301.57,303.25,295.75,303.25,303.25,307.86600000000004,203.3689,52.85263734689398,23.459930528329078,42910.47058427,187931.621105851,MANTIENI STATO ATTUALE,ALTO,False,False,True,False,,False,False,False,False
2017-10-02,303.25,303.5,293.73,296.72,296.72,307.8672,204.6227,50.77888910633249,22.482078347734145,62589.24548424,181367.73889179848,VENDI,ALTO,False,False,True,False,,False,True,False,False
2017-10-03,296.78,299.0,287.65,292.36,292.36,307.7312,205.8614,49.385579870483454,21.686929894324564,59960.60279169,167861.90566133749,VENDI,ALTO,False,False,True,False,,False,True,False,False
2017-10-04,292.36,295.0,289.62,292.0,292.0,307.837,207.1532,49.265379212420086,20.522149187587093,42408.18343628,144100.310888422,VENDI,ALTO,False,False,True,False,,False,True,False,False
2017-10-05,292.0,296.99,286.44,294.89,294.89,307.7258,208.4116,50.310935772229115,19.80985281704516,44754.00010261,112952.24191852252,VENDI,ALTO,False,False,True,False,,False,True,False,False
2017-10-06,294.89,308.5,294.21,307.73,307.73,307.867,209.7387,54.77072751417606,19.41557761582765,95965.30843062,108036.744282661,MANTIENI STATO ATTUALE,ALTO,False,False,True,False,,False,False,False,False
2017-10-07,307.73,314.62,304.57,311.12,311.12,308.232,211.0825,55.89623600187366,18.74660778612568,66524.25999297,104987.21989612449,MANTIENI STATO ATTUALE,ALTO,False,False,True,False,,False,False,False,False
2017-10-08,311.12,313.6,308.62,309.2,309.2,308.5444,212.42165,55.06052573040744,17.76327865854528,44589.14793264,92308.661378119,MANTIENI STATO ATTUALE,ALTO,False,False,True,False,,False,False,False,False
2017-10-09,309.2,309.32,285.88,297.0,297.0,308.5286,213.69169999999997,49.950145450259775,18.168758754363473,145514.15882144,90939.0498972865,VENDI,MEDIO,True,False,True,False,,False,True,False,False
2017-10-10,297.0,305.0,290.23,297.99,297.99,308.0484,214.91699999999997,50.35283224698039,17.92599027190894,88318.01221504,89908.6648576965,VENDI,MEDIO,False,False,True,False,,False,True,False,False
2017-10-11,297.99,303.0,297.53,302.0,302.0,307.80460000000005,216.17449999999997,52.036173831694356,17.036276681058304,45397.39333105,81623.97777162651,MANTIENI STATO ATTUALE,MEDIO,False,False,True,False,,False,False,False,False
2017-10-12,302.0,307.0,300.3,302.12,302.12,307.497,217.43145,52.088526504440345,16.297971203839854,114002.1952516,81300.43469007901,ACQUISTA,MEDIO,True,False,True,False,standard,True,False,False,False
2017-10-13,302.12,345.0,298.29,335.89,335.89,307.7236,218.86605,63.997868151548104,18.47025897499415,272969.19650775,90981.6996240765,MANTIENI STATO ATTUALE,ALTO,True,False,True,False,,True,False,False,False
2017-10-14,335.85,347.0,332.46,338.37,338.37,307.8882,220.3064,64.69197598145058,18.189526191065998,91560.24722557,90787.2780743015,MANTIENI STATO ATTUALE,ALTO,True,False,True,False,,True,False,False,False
2017-10-15,338.37,341.0,320.0,336.89,336.89,307.9662,221.72535,63.900211997769226,18.39027432027557,103363.87991863,91453.0820266705,MANTIENI STATO ATTUALE,ALTO,True,False,True,False,,True,False,False,False
2017-10-16,336.89,350.0,330.84,334.36,334.36,307.6894,223.13775,62.492173767790966,18.445254725970177,140569.03708849,95277.671786262,MANTIENI STATO ATTUALE,ALTO,True,False,True,False,,True,False,False,False
2017-10-17,334.33,334.66,310.5,316.37,316.37,307.06600000000003,224.46869999999998,53.46988499718052,18.85345081697231,117188.42621289,95041.79759078499,MANTIENI STATO ATTUALE,ALTO,True,False,True,False,,True,False,False,False
2017-10-18,316.32,316.53,287.4,313.59,313.59,305.8882,225.78310000000002,52.215336404033295,19.58749004433143,167629.0127989,98679.6045176075,MANTIENI STATO ATTUALE,MEDIO,True,False,True,False,,True,False,False,False
2017-10-19,313.59,316.21,305.34,308.02,308.02,304.3666,227.07949999999997,49.69926321055043,18.964812184022044,84536.00998177,94642.1060988845,MANTIENI STATO ATTUALE,MEDIO,False,False,True,False,,True,False,True,False
2017-10-20,308.02,311.53,302.0,303.15,303.15,302.6456,228.37399999999997,47.542199797348026,18.290897028020467,93615.86032848,96218.2324218465,MANTIENI STATO ATTUALE,MEDIO,False,False,True,False,,True,False,True,False
2017-10-21,303.16,303.74,291.38,300.0,300.0,300.7882,229.65165000000002,46.147042699166875,17.867261526019007,116955.08960367,99920.4633728165,MANTIENI STATO ATTUALE,MEDIO,False,False,True,False,,True,False,True,False
2017-10-22,300.0,306.55,291.81,295.14,295.14,299.5936,230.90344999999996,44.00157273645639,17.643885702731936,62949.25853616,99938.4640254125,MANTIENI STATO ATTUALE,MEDIO,False,False,True,False,,True,False,True,False
2017-10-23,295.14,295.15,275.46,285.83,285.83,298.249,232.11610000000002,40.15061412222849,17.79003672396537,130465.48008549,103463.7078901025,VENDI,MEDIO,False,False,True,False,,False,True,False,False
2017-10-24,285.84,311.7,280.3,296.99,296.99,297.8516,233.38945,46.22597893688692,18.76217695796784,173126.46810102,109999.62212333949,MANTIENI STATO ATTUALE,MEDIO,False,False,True,False,,False,False,False,False
2017-10-25,297.0,300.97,288.05,296.76,296.76,297.3852,234.65099999999998,46.122065970993134,18.34487860382728,73647.31462122,111444.28784927001,MANTIENI STATO ATTUALE,MEDIO,False,False,True,False,,False,False,False,False
2017-10-26,296.76,299.95,293.81,295.98,295.98,296.5172,235.9113,45.74649424378906,17.47310156069676,46575.16530348,108974.78069291302,MANTIENI STATO ATTUALE,MEDIO,False,False,True,False,,False,False,False,False
2017-10-27,295.98,298.98,291.53,297.59,297.59,295.7578,237.17965,46.71107164359881,16.757165734932713,40781.36186865,107687.63578669699,MANTIENI STATO ATTUALE,MEDIO,False,False,True,False,,False,False,False,False
2017-10-28,297.48,297.9,293.51,295.11,295.11,295.5008,238.43605,45.37288659487623,15.873796753866088,27343.87091403,106825.37193576651,MANTIENI STATO ATTUALE,MEDIO,False,False,True,False,,False,False,False,False
2017-10-29,295.12,310.0,294.29,303.38,303.38,295.4686,239.72055,50.46871132117075,15.862096985732794,68441.69707434,102971.74884841149,MANTIENI STATO ATTUALE,MEDIO,False,False,True,False,,False,False,False,False
2017-10-30,303.39,309.69,302.53,306.87,306.87,295.5994,241.00605,52.4831696736848,15.240518629609024,42544.03539724,100683.0500075215,MANTIENI STATO ATTUALE,MEDIO,False,False,True,False,,False,False,False,False
2017-10-31,306.87,309.94,303.49,303.51,303.51,295.7002,242.28760000000003,50.35963304546742,14.612624441779808,61326.79867058,101479.520274498,MANTIENI STATO ATTUALE,MEDIO,False,False,True,False,,False,False,False,False
2017-11-01,303.51,305.0,289.51,290.82,290.82,295.6266,243.497,43.24316925407163,14.675294124509822,116206.12030481,101589.71652715848,MANTIENI STATO ATTUALE,BASSO,False,False,True,False,,False,False,False,False
2017-11-02,290.84,296.0,278.88,285.4,285.4,295.8204,244.68335,40.60396798361557,14.84991597275912,201683.70460013,98025.4419317775,VENDI,BASSO,False,False,True,False,,False,True,False,False
2017-11-03,285.4,308.06,285.4,306.0,306.0,297.4634,245.97365,52.475902479185464,15.407779117562043,121279.13293603,99511.3862173005,ACQUISTA,MEDIO,True,False,True,False,standard,True,False,False,False
2017-11-04,306.0,306.0,295.0,301.66,301.66,298.279,247.233,50.199391724850585,15.092937752021898,64936.7892894,97590.031685839,MANTIENI STATO ATTUALE,MEDIO,False,False,True,False,,True,False,False,False
2017-11-05,301.74,302.0,295.64,296.57,296.57,299.0936,248.47695,47.59171425610261,14.469156484020335,55757.0277432,93349.4312185745,MANTIENI STATO ATTUALE,BASSO,False,False,True,False,,True,False,False,False
2017-11-06,296.58,304.9,292.0,297.32,297.32,299.84680000000003,249.71665000000002,48.02018220161692,14.35707387801888,89982.42383484,91989.131099672,MANTIENI STATO ATTUALE,BASSO,False,False,True,False,,True,False,False,False
2017-11-07,297.32,304.0,287.0,292.42,292.42,299.7352,250.93689999999998,45.40818887509074,14.545854315303245,149216.29427116,91068.495173285,VENDI,BASSO,False,False,True,False,,False,True,False,False
2017-11-08,292.42,319.89,291.0,307.91,307.91,300.2374,252.2334,53.937861739339176,15.57043614992444,228868.58046192,98285.1236972925,ACQUISTA,MEDIO,True,False,True,False,standard,True,False,False,False
2017-11-09,307.92,329.47,307.01,320.72,320.72,300.98080000000004,253.59220000000002,59.56451240297827,16.06254785350127,163531.79911828,101780.92063678251,MANTIENI STATO ATTUALE,MEDIO,True,False,True,False,,True,False,False,False
2017-11-10,320.73,325.12,291.3,298.04,298.04,301.7794,254.83180000000002,48.31221061368327,17.33093729253689,161078.72458709,103987.1023859535,MANTIENI STATO ATTUALE,BASSO,False,False,True,False,,True,False,False,False
2017-11-11,298.04,319.94,297.67,315.69,315.69,302.8156,256.1587,55.37699534613435,17.68372748592711,122519.64096539,106965.621507415,MANTIENI STATO ATTUALE,MEDIO,True,False,True,False,,True,False,False,False
2017-11-12,315.7,316.55,301.04,307.1,307.1,303.237,257.4271,51.67508965098763,17.52846123693232,178394.5193831,109362.07347229551,MANTIENI STATO ATTUALE,BASSO,True,False,True,False,,True,False,False,False
2017-11-13,307.11,319.0,306.5,315.56,315.56,303.884,258.68655,54.87456829264053,17.169285434294295,144149.6345376,107913.2317941245,MANTIENI STATO ATTUALE,MEDIO,True,False,True,False,,True,False,False,False
2017-11-14,315.56,336.91,315.5,335.04,335.04,304.69660000000005,259.99604999999997,61.238330025668226,17.47219361755899,210940.91854212,114777.91199016951,MANTIENI STATO ATTUALE,MEDIO,True,False,True,False,,True,False,False,False
2017-11-15,335.04,340.84,326.0,331.81,331.81,305.55740000000003,261.30310000000003,59.734103832846856,17.284179787733347,132787.77324127,119088.542387059,MANTIENI STATO ATTUALE,MEDIO,True,False,True,False,,True,False,False,False
2017-11-16,331.81,334.8,321.91,330.21,330.21,305.9646,262.5498,58.96149364910748,16.97030980289525,133360.32118202,123717.4903527275,MANTIENI STATO ATTUALE,MEDIO,True,False,True,False,,True,False,False,False
2017-11-17,330.19,334.3,326.46,332.31,332.31,306.5642,263.8146,59.69828679869722,16.318144816974165,93686.6537577,127034.62949491102,MANTIENI STATO ATTUALE,MEDIO,False,False,True,False,,True,False,False,False
2017-11-18,332.31,349.0,328.22,346.6,346.6,307.6586,265.15985,64.38420109828076,16.636848758618864,108931.36816884,129059.11304963598,MANTIENI STATO ATTUALE,MEDIO,False,False,True,False,,True,False,False,False
2017-11-19,346.6,374.7,344.0,354.59,354.59,308.719,266.52635,66.71456780858736,17.64135956157466,207184.66996219,137291.14477788348,MANTIENI STATO ATTUALE,MEDIO,False,False,True,False,,True,False,False,False
2017-11-20,354.24,373.75,354.24,368.24,368.24,310.0188,267.8877,70.29092775617691,17.77483387860504,126768.33353275,140563.221520992,MANTIENI STATO ATTUALE,ALTO,False,False,True,False,,True,False,False,False
2017-11-21,368.25,372.99,350.5,361.51,361.51,311.3146,269.23560000000003,66.49727177037153,18.111631458704682,199586.86857333,144732.258934418,MANTIENI STATO ATTUALE,MEDIO,False,False,True,False,,True,False,False,False
2017-11-22,361.51,382.96,361.0,381.73,381.73,313.102,270.66505,71.47796652031238,18.386514925940062,129296.81489114,141112.9144489685,MANTIENI STATO ATTUALE,ALTO,False,False,True,False,,True,False,False,False
2017-11-23,381.74,428.6,376.04,406.61,406.61,315.39419999999996,272.22900000000004,76.17204576605356,20.827478145515773,321886.28834087,151143.27221921048,MANTIENI STATO ATTUALE,ALTO,False,False,True,False,,True,False,False,False
2017-11-24,405.99,479.89,401.0,470.98,470.98,318.916,274.13765,83.66327097870817,24.974801135121787,340383.99106199,164915.63230784,MANTIENI STATO ATTUALE,ALTO,False,False,True,False,,True,False,False,False
2017-11-25,470.98,488.0,456.0,466.77,466.77,322.09680000000003,276.03860000000003,81.85079496316182,25.47660105404166,269164.43646378,175586.00274386903,MANTIENI STATO ATTUALE,ALTO,False,False,True,False,,True,False,False,False
2017-11-26,466.77,477.65,451.81,473.99,473.99,325.3542,277.96675,82.54902249872222,25.50255812161011,191283.86889318,180651.07499678602,MANTIENI STATO ATTUALE,ALTO,False,False,True,False,,True,False,False,False
2017-11-27,473.99,492.99,462.1,477.53,477.53,328.7208,279.91290000000004,82.89645955096377,25.88737539863796,232775.83960646,184829.05226355098,MANTIENI STATO ATTUALE,ALTO,False,False,True,False,,True,False,False,False
2017-11-28,477.54,483.0,463.6,468.52,468.52,332.1512,281.82964999999996,78.60680115556414,25.42399144159239,178477.39782473,182309.49313169153,MANTIENI STATO ATTUALE,ALTO,False,False,True,False,,True,False,False,False
2017-11-29,468.52,518.13,402.11,434.01,434.01,334.87159999999994,283.5576,64.77971652220172,31.895134910050075,504522.58690876,199359.03252121553,MANTIENI STATO ATTUALE,ALTO,True,False,True,False,,True,False,False,False
2017-11-30,434.01,470.0,401.5,434.0,434.0,337.5116,285.28065,64.77616081962611,34.50976813076078,362792.40177696,209444.716380709,MANTIENI STATO ATTUALE,ALTO,True,False,True,False,,True,False,False,False
2017-12-01,434.0,468.43,421.57,463.82,463.82,340.74559999999997,287.14475,70.05463412251655,35.391927549992154,195042.34530378,213070.8515976285,MANTIENI STATO ATTUALE,ALTO,False,False,True,False,,True,False,False,False
2017-12-02,463.82,474.96,451.21,460.34,460.34,343.2346,289.00655,68.7596583655199,34.560361296421284,162583.05431314,212280.27834413052,MANTIENI STATO ATTUALE,ALTO,False,False,True,False,,True,False,False,False
2017-12-03,460.35,483.61,450.0,465.0,465.0,345.7672,290.89715,69.57081813095351,34.49247834667691,168448.63108491,213495.228171496,MANTIENI STATO ATTUALE,ALTO,False,False,True,False,,True,False,False,False
2017-12-04,465.0,473.0,449.4,468.22,468.22,348.3938,292.75725,70.14761682998987,33.71444417905714,135879.81871327,209742.17318005348,MANTIENI STATO ATTUALE,ALTO,False,False,True,False,,True,False,False,False
2017-12-05,468.22,470.0,451.56,457.3,457.3,350.8526,294.41805,65.60581890926477,32.62341245198163,155144.70994105,210860.0200150425,MANTIENI STATO ATTUALE,ALTO,False,False,True,False,,True,False,False,False
2017-12-06,457.29,461.99,425.01,432.49,432.49,353.175,295.96234999999996,56.63399228143187,32.93459727684009,350795.74233167,221731.791072525,VENDI,ALTO,False,False,True,False,,False,False,True,True
2017-12-07,432.48,448.89,415.01,433.28,433.28,355.56879999999995,297.38485000000003,56.83640654631525,33.002126042780084,331265.58132093,233610.73745068652,MANTIENI STATO ATTUALE,ALTO,False,False,True,False,,False,False,False,False
2017-12-08,432.82,479.1,420.01,463.45,463.45,358.6774,298.9016,63.787902255498565,34.86554561115294,404030.4606077,248365.69207262952,MANTIENI STATO ATTUALE,ALTO,False,False,True,False,,False,False,False,False
2017-12-09,463.45,535.1,450.0,485.04,485.04,362.31520000000006,300.47705,67.78611406622025,38.45372092464201,546108.72481997,265311.8948155185,MANTIENI STATO ATTUALE,ALTO,False,False,True,False,,False,False,False,False
2017-12-10,485.05,486.13,438.0,447.51,447.51,365.2654,301.7343,56.175179268225605,39.14488371573901,217508.33886249,269848.89508200553,MANTIENI STATO ATTUALE,ALTO,False,False,True,False,,False,False,False,False
2017-12-11,447.51,519.49,445.23,518.0,518.0,369.7226,303.41675000000004,67.45195581050125,41.65310630747194,298621.16793715,274800.61005019647,MANTIENI STATO ATTUALE,ALTO,False,False,True,False,,False,False,False,False
2017-12-12,518.0,714.0,501.11,686.82,686.82,377.7424,306.03185,80.43588434952602,53.88431299979537,880549.7554281,312363.2570770445,MANTIENI STATO ATTUALE,ALTO,False,False,True,False,,False,False,False,False
2017-12-13,686.82,784.77,606.0,711.94,711.94,386.04140000000007,308.792,81.61135393347202,62.8047192140957,788838.94576575,335710.8899482885,MANTIENI STATO ATTUALE,ALTO,False,False,True,False,,False,False,False,False
2017-12-14,711.95,758.61,660.83,705.01,705.01,394.2064,311.43965000000003,80.18010207943549,65.302953555946,426482.48114599,340015.8144524885,MANTIENI STATO ATTUALE,ALTO,False,False,True,False,,False,False,False,False
2017-12-15,705.01,706.0,618.0,693.5,693.5,402.1568,313.93305,77.74147698157566,66.92417115909272,317917.74059557,342453.479659078,MANTIENI STATO ATTUALE,ALTO,False,False,True,False,,False,False,False,False
2017-12-16,693.5,735.0,684.0,703.59,703.59,410.2768,316.30755,78.36274795649976,65.78673036201467,199898.99237473,342884.2358331555,MANTIENI STATO ATTUALE,ALTO,False,False,True,False,,False,False,False,False
2017-12-17,703.62,746.93,703.0,732.18,732.18,419.0182,318.82275,80.06097701494049,64.22553533615647,170354.11616159,339763.149660912,MANTIENI STATO ATTUALE,ALTO,False,False,True,False,,False,False,False,False
2017-12-18,732.17,798.81,695.0,785.65,785.65,428.6635999999999,321.64145,82.78267836364654,67.05299709785957,315411.709876,346609.86526347545,MANTIENI STATO ATTUALE,ALTO,False,False,True,False,,False,False,False,False
2017-12-19,785.65,875.0,770.03,826.65,826.65,439.0592,324.66450000000003,84.52679393622826,69.76135444801247,430872.59791515,342927.365813795,MANTIENI STATO ATTUALE,ALTO,False,False,True,False,,False,False,False,False
2017-12-20,826.65,833.6,701.0,802.86,802.86,449.0462,327.55404999999996,79.4947613398881,74.2498291302973,341649.85084019,341870.2382669565,MANTIENI STATO ATTUALE,ALTO,False,False,True,False,,False,False,False,False
2017-12-21,802.86,845.0,767.15,796.98,796.98,459.1694,330.31145,78.25474531184213,74.50698419241893,249165.60279887,344576.401141711,MANTIENI STATO ATTUALE,ALTO,False,False,True,False,,False,False,False,False
2017-12-22,796.99,799.95,460.0,682.11,682.11,467.10360000000003,332.48199999999997,58.919093272872296,93.46719960724614,838405.70542309,378367.5336972085,MANTIENI STATO ATTUALE,ALTO,False,False,True,False,,False,False,False,False
2017-12-23,682.11,774.99,670.0,732.8,732.8,475.6396,334.82489999999996,63.23598741647088,94.29025677815714,203543.16648422,380122.260467174,MANTIENI STATO ATTUALE,ALTO,False,False,True,False,,False,False,False,False
2017-12-24,732.76,734.86,641.14,697.04,697.04,483.54720000000003,337.0317,58.56080741165629,94.24952415114592,173846.03845096,382020.5714540585,MANTIENI STATO ATTUALE,ALTO,False,False,True,False,,False,False,False,False
2017-12-25,697.05,759.88,693.5,740.5,740.5,492.42580000000004,339.441,62.21683345186355,92.2588438546355,125678.41700524,380547.256807268,MANTIENI STATO ATTUALE,ALTO,False,False,True,False,,False,False,False,False
2017-12-26,740.5,771.0,738.07,755.07,755.07,501.5808,341.81945,63.383194381000706,88.0210692935901,101773.79267031,368096.1593242,MANTIENI STATO ATTUALE,ALTO,False,False,True,False,,False,False,False,False
2017-12-27,755.06,767.0,706.0,739.99,739.99,510.53219999999993,343.81840000000005,61.27484160102291,86.09099291547653,127594.32418255,357912.596467281,MANTIENI STATO ATTUALE,ALTO,False,False,True,False,,False,False,False,False
2017-12-28,740.0,742.31,676.03,719.5,719.5,518.7639999999999,345.70085,58.4307978396654,84.6759219929425,184333.05438818,346927.726156305,MANTIENI STATO ATTUALE,ALTO,False,False,True,False,,False,False,False,False
2017-12-29,719.5,755.0,710.11,748.89,748.89,527.3274,347.45845,61.21176826298788,81.83407042201804,155267.18744139,327385.64928737597,MANTIENI STATO ATTUALE,ALTO,False,False,True,False,,False,False,False,False
2017-12-30,748.9,748.9,691.1,710.58,710.58,535.5782,349.07135,55.95674797661808,80.1173511061596,135167.77156992,323268.6209227475,MANTIENI STATO ATTUALE,ALTO,False,False,True,False,,False,False,False,False
2017-12-31,710.58,751.0,699.0,741.27,741.27,544.0898000000001,351.06919999999997,58.993840273836646,78.10896888429106,89048.14792704,312789.96992224205,MANTIENI STATO ATTUALE,ALTO,False,False,True,False,,False,False,False,False
2018-01-01,741.24,764.97,727.14,759.03,759.03,553.1283999999999,353.14579999999995,60.68344391662733,75.23189967827028,87376.83947108,273131.3241243911,MANTIENI STATO ATTUALE,ALTO,False,False,True,False,,False,False,False,False
2018-01-02,759.03,878.5,759.02,865.0,865.0,564.1172,355.69949999999994,68.91394094059274,78.39247827267955,370299.26995958,252204.3403340825,MANTIENI STATO ATTUALE,ALTO,False,False,True,False,,False,False,False,False
2018-01-03,865.0,949.98,850.11,938.31,938.31,576.1826,358.54615000000007,73.10803444121893,79.92658696748816,306487.14249665,246204.5734016155,MANTIENI STATO ATTUALE,ALTO,False,False,True,False,,False,False,False,False
2018-01-04,938.16,994.89,906.01,949.0,949.0,588.5264,361.5319,73.6659761573065,80.56611646981044,316803.96238412,246148.88449104302,MANTIENI STATO ATTUALE,ALTO,False,False,True,False,,False,False,False,False
2018-01-05,949.0,1015.0,935.0,969.27,969.27,601.3076,364.5847,74.73632073543374,80.52567957910969,277363.74285238,250022.1220149255,MANTIENI STATO ATTUALE,ALTO,False,False,True,False,,False,False,False,False
2018-01-06,969.27,1009.11,961.23,1006.68,1006.68,614.795,367.8634,76.62467184726148,78.193845323459,126077.38026582,247808.285220137,MANTIENI STATO ATTUALE,ALTO,False,False,True,False,,False,False,False,False
2018-01-07,1006.68,1118.3,1003.02,1118.3,1118.3,630.229,371.82785,81.15156663667517,80.84285637178337,180428.27762373,241059.1136075235,MANTIENI STATO ATTUALE,ALTO,False,False,True,False,,False,False,False,False
2018-01-08,1118.3,1228.99,950.0,1137.01,1137.01,645.8774,375.9128,81.78823203270457,94.99622377379885,387581.63428549,238894.5654260405,MANTIENI STATO ATTUALE,ALTO,False,False,True,False,,False,False,False,False
2018-01-09,1137.01,1297.58,1115.3,1290.01,1290.01,664.3128,380.72790000000003,85.96359477480762,101.2307792185275,279844.04240321,235804.2750041915,MANTIENI STATO ATTUALE,ALTO,False,False,True,False,,False,False,False,False
2018-01-10,1290.01,1386.99,1207.61,1246.94,1246.94,682.0214,385.44010000000003,80.37706195222322,106.81286641720412,387754.78898298,242733.73431339703,MANTIENI STATO ATTUALE,ALTO,False,False,True,False,,False,False,False,False
2018-01-11,1246.95,1335.0,1083.97,1137.01,1137.01,697.127,389.73269999999997,68.19534374826505,117.11409024454669,403973.32204112,221012.1151442985,MANTIENI STATO ATTUALE,ALTO,False,False,True,False,,False,False,False,False
2018-01-12,1137.01,1285.0,1089.0,1260.0,1260.0,714.1948,394.7677499999999,73.1062920562142,122.74879808422193,217366.85071187,221703.299355681,MANTIENI STATO ATTUALE,ALTO,False,False,True,False,,False,False,False,False
2018-01-13,1260.0,1419.96,1259.99,1386.02,1386.02,732.4956,400.26169999999996,77.02146808007683,125.40745536392038,206633.43741285,223342.66930377553,MANTIENI STATO ATTUALE,ALTO,False,False,True,False,,False,False,False,False
2018-01-14,1386.01,1389.11,1256.01,1365.46,1365.46,750.4694000000001,405.51240000000007,75.1005361994381,125.95692283792606,148724.40647829,224494.968777428,MANTIENI STATO ATTUALE,ALTO,False,False,True,False,,False,False,False,False
2018-01-15,1365.46,1380.97,1267.01,1278.63,1278.63,766.5622,410.44079999999997,67.44965784292424,125.0999997780742,130053.00817551,225908.92955268797,MANTIENI STATO ATTUALE,ALTO,False,False,True,False,,False,False,False,False
2018-01-16,1278.77,1285.57,852.0,1080.0,1080.0,778.6116000000001,414.44059999999996,53.91773222871844,147.13357122249747,670580.77884899,253058.25228601,MANTIENI STATO ATTUALE,ALTO,False,False,True,False,,False,False,False,False
2018-01-17,1080.01,1165.0,757.0,1028.06,1028.06,789.8024,418.2653000000001,51.034463067780315,165.76688756374764,855374.32707121,286610.3159201615,MANTIENI STATO ATTUALE,ALTO,False,False,True,False,,False,False,False,False
2018-01-18,1028.06,1100.0,951.0,1025.78,1025.78,801.6378,421.96920000000006,50.90577502131562,164.56925273776568,355917.02420489,296642.80775833654,MANTIENI STATO ATTUALE,ALTO,False,False,True,False,,False,False,False,False
2018-01-19,1025.77,1093.0,993.4,1037.45,1037.45,813.7067999999999,425.77459999999996,51.57879956570259,159.9285918279253,168398.26483981,298304.332421831,MANTIENI STATO ATTUALE,ALTO,False,False,True,False,,False,False,False,False
2018-01-20,1037.45,1164.97,1036.08,1150.02,1150.02,827.4308,430.17870000000005,57.61482387036917,157.71154955450206,166622.96451295,302183.0732511265,MANTIENI STATO ATTUALE,ALTO,False,False,True,False,,False,False,False,False
2018-01-21,1150.02,1151.0,1010.01,1047.13,1047.13,839.1666,434.08299999999997,51.31801563973699,156.5171531577519,159406.456775,305784.5541163225,MANTIENI STATO ATTUALE,ALTO,False,False,True,False,,False,False,False,False
2018-01-22,1047.13,1080.0,917.0,999.68,999.68,849.8602000000001,437.75135,48.67592233292739,156.9802136464839,221314.9038768,298335.3358121835,MANTIENI STATO ATTUALE,ALTO,False,False,True,False,,False,False,False,False
2018-01-23,999.69,1019.0,905.0,984.03,984.03,860.1764,441.4651,47.801774029269595,153.91019838602077,215044.38062351,293763.1977185265,MANTIENI STATO ATTUALE,ALTO,False,False,True,False,,False,False,False,False
2018-01-24,984.03,1056.99,952.0,1056.99,1056.99,872.1701999999999,445.51685,52.118858915917286,150.415898501305,157025.9041844,285774.2948085405,MANTIENI STATO ATTUALE,ALTO,False,False,True,False,,False,False,False,False
2018-01-25,1056.99,1098.74,1014.88,1040.0,1040.0,884.3204,449.52279999999996,51.05983088817474,145.6619057512118,170404.74805818,280426.3450688305,MANTIENI STATO ATTUALE,ALTO,False,False,True,False,,False,False,False,False
2018-01-26,1040.0,1071.75,987.54,1045.57,1045.57,896.5662,453.73635,51.408424987272,141.27248391183954,145279.96709597,281386.474410338,MANTIENI STATO ATTUALE,ALTO,False,False,True,False,,False,False,False,False
2018-01-27,1045.58,1119.0,1029.29,1100.0,1100.0,909.2972,458.2835,54.79680071013413,137.58944934670816,120969.27298683,278413.524178493,MANTIENI STATO ATTUALE,ALTO,False,False,True,False,,False,False,False,False
2018-01-28,1100.0,1224.0,1087.94,1215.01,1215.01,923.8966,463.23834999999997,60.9872122587853,137.48020296480044,178932.35566459,267981.06024744804,MANTIENI STATO ATTUALE,ALTO,False,False,True,False,,False,False,False,False
2018-01-29,1215.01,1221.74,1137.2,1162.27,1162.27,938.1918,468.0247,57.12392005853995,133.69875989588613,132320.79156191,260604.897705383,MANTIENI STATO ATTUALE,ALTO,False,False,True,False,,False,False,False,False
2018-01-30,1162.28,1171.0,1025.0,1054.39,1054.39,948.9196000000001,472.31050000000005,50.12885079150281,134.57741990332283,243673.8356597,253400.85003921896,MANTIENI STATO ATTUALE,ALTO,False,False,True,False,,False,False,False,False
2018-01-31,1054.39,1121.03,1013.25,1105.01,1105.01,957.2833999999999,476.99694999999997,53.03497681918514,132.66331848165692,178928.93139615,242148.6305069705,MANTIENI STATO ATTUALE,ALTO,False,False,True,False,,False,False,False,False
2018-02-01,1105.01,1143.0,930.0,1017.48,1017.48,963.3942,481.30595,47.84332138762588,138.40165287582428,341682.45401305,248364.41067202954,MANTIENI STATO ATTUALE,ALTO,False,False,True,False,,False,False,False,False
2018-02-02,1017.48,1020.48,726.43,911.99,911.99,967.5338,484.91155,42.44995682236824,149.51939195612255,589204.00296477,267492.9389496255,VENDI,ALTO,False,False,True,False,,False,True,False,False
2018-02-03,912.0,998.0,841.61,969.4,969.4,973.0518000000001,488.6235,46.01659972908244,150.01014967354237,198329.83958329,269973.21060487546,MANTIENI STATO ATTUALE,ALTO,False,False,True,False,,False,False,False,False
2018-02-04,969.4,970.4,783.27,826.0,826.0,975.5,491.7798,39.44135281096585,152.66156755400362,218636.51378989,274402.3858855945,VENDI,ALTO,False,False,True,False,,False,True,False,False
2018-02-05,826.01,857.5,614.02,693.54,693.54,974.7272,494.1172,34.53283809760768,159.14859844300338,620562.56650555,271901.4752684225,VENDI,ALTO,False,False,True,False,,False,True,False,False
2018-02-06,694.3,807.5,555.56,783.83,783.83,974.6908,496.95335,40.013018894577264,165.77655569707457,761461.38006203,267205.8279179635,VENDI,ALTO,False,False,True,False,,False,True,False,False
2018-02-07,783.85,864.68,718.03,750.04,750.04,973.1585999999999,499.55010000000004,38.707161015653,164.41037314728354,361972.28375423,267508.5908954305,VENDI,ALTO,False,False,True,False,,False,True,False,False
2018-02-08,750.05,843.0,747.82,812.0,812.0,973.3414,502.46855000000005,42.41813750830015,159.46534649390614,185681.09842313,268372.73257459654,VENDI,ALTO,False,False,True,False,,False,True,False,False
2018-02-09,812.0,879.2,780.0,875.99,875.99,974.9216,505.71869999999996,46.05098659466256,155.16067888719857,168813.92673636,268482.280685767,VENDI,ALTO,False,False,True,False,,False,True,False,False
2018-02-10,875.99,908.76,815.0,849.47,849.47,978.2688,508.94714999999997,44.78977876223694,150.77491610954155,160263.60599544,268525.138146789,VENDI,ALTO,False,False,True,False,,False,True,False,False
2018-02-11,849.46,851.77,780.0,811.35,811.35,979.8398,511.98775,42.9681558086953,145.13170781600286,104311.85730828,262674.985818363,VENDI,ALTO,False,False,True,False,,False,True,False,False
2018-02-12,811.38,874.03,810.99,864.4,864.4,983.1870000000001,515.29505,46.244714311698864,139.2680144005741,90918.31734928,256468.6826546515,VENDI,ALTO,False,False,True,False,,False,True,False,False
2018-02-13,864.4,867.48,826.0,840.49,840.49,985.1868000000001,518.5439,44.99013905426644,132.2831562291045,72295.28036275,252232.151463569,VENDI,ALTO,False,False,True,False,,False,True,False,False
2018-02-14,840.49,924.7,839.45,920.26,920.26,988.4906000000001,522.1157,49.87583532615248,128.92364506988275,173283.37319094,252376.08272020705,VENDI,ALTO,False,False,True,False,,False,True,False,False
2018-02-15,920.24,948.23,905.49,929.3,929.3,992.2768,525.77745,50.41331802410269,122.767670422034,140117.88456704,252117.9785937605,VENDI,ALTO,False,False,True,False,,False,True,False,False
2018-02-16,929.3,944.92,910.8,936.02,936.02,996.6072,529.45345,50.83536007915579,116.43569396331729,83382.83414035,250238.6566514365,VENDI,ALTO,False,False,True,False,,False,True,False,False
2018-02-17,936.02,976.79,934.2,974.99,974.99,1001.1292,533.19975,53.31676391848467,111.16100153736605,75150.09895847,245049.54381613046,VENDI,ALTO,False,False,True,False,,False,True,False,False
2018-02-18,975.0,982.99,909.1,912.41,912.41,1005.1657999999999,536.6722,49.03665101167153,108.49878714183991,100689.1761804,243467.96304705497,VENDI,ALTO,False,False,True,False,,False,True,False,False
2018-02-19,913.4,956.0,911.0,939.01,939.01,1009.1206,540.24725,50.84302373110572,103.96315948885135,53604.18377857,233964.48045299848,VENDI,ALTO,False,False,True,False,,False,True,False,False
2018-02-20,939.01,958.0,875.0,884.76,884.76,1011.6352,543.56745,47.17082898978214,102.46579095393339,120862.01182593,231061.1344744875,VENDI,ALTO,False,False,True,False,,False,True,False,False
2018-02-21,884.77,908.17,817.01,840.34,840.34,1011.1419999999999,546.5099,44.346488420571134,101.65823445722387,135641.91857835,220759.1077027525,VENDI,ALTO,False,False,True,False,,False,True,False,False
2018-02-22,840.31,870.0,790.01,806.0,806.0,1008.4958,549.2201,42.2408554122826,100.11050342456502,105441.6326386,196570.98918644403,VENDI,ALTO,False,False,True,False,,False,True,False,False
2018-02-23,806.0,883.89,786.0,854.01,854.01,1006.596,552.1406499999999,46.09450797605808,99.95189603709609,105258.56447565,191917.425431062,VENDI,ALTO,False,False,True,False,,False,True,False,False
2018-02-24,854.01,874.66,808.37,833.2,833.2,1003.8745999999999,554.8269,44.70229187563918,97.54747489158923,66461.87856069,184308.69366960198,VENDI,ALTO,False,False,True,False,,False,True,False,False
2018-02-25,833.2,849.26,816.89,841.96,841.96,1000.5802,557.5604,45.4492137734214,92.89194097076144,39655.67873162,155263.3492809055,VENDI,ALTO,False,False,True,False,,False,True,False,False
2018-02-26,841.96,877.5,835.0,867.09,867.09,995.556,560.3933,47.63439398896802,89.29251661570706,67394.02255544,120559.98140557599,VENDI,ALTO,False,False,True,False,,False,True,False,False
2018-02-27,867.1,894.0,860.5,871.07,871.07,990.2372,563.2004000000001,47.98973926253301,85.30733685744227,65115.19154972,105717.1267953505,VENDI,ALTO,False,False,True,False,,False,True,False,False
2018-02-28,871.07,887.5,848.21,849.99,849.99,981.4368,565.9086,46.201471945351706,82.02038422476782,60718.84772108,99469.014260248,VENDI,ALTO,False,False,True,False,,False,True,False,False
2018-03-01,849.99,878.0,845.54,868.74,868.74,973.8728,568.769,48.05559343285595,78.48035678014156,51017.46336265,93579.19109156249,VENDI,ALTO,False,False,True,False,,False,True,False,False
2018-03-02,868.75,873.12,845.85,854.31,854.31,968.2188000000001,571.54475,46.721057713986944,74.8224741529886,46202.19655424,87876.1206195025,VENDI,ALTO,False,False,True,False,,False,True,False,False
2018-03-03,854.3,866.72,851.04,854.34,854.34,960.1056,574.3829000000001,46.724370203079765,70.59801171348943,35046.64999677,84412.860253927,VENDI,ALTO,False,False,True,False,,False,True,False,False
2018-03-04,854.34,865.0,836.3,861.74,861.74,949.62,577.18935,47.58995288936189,67.60529659109733,36135.5736882,81673.723070873,VENDI,ALTO,False,False,True,False,,False,True,False,False
2018-03-05,861.74,866.0,848.83,848.83,848.83,939.2874,579.93015,46.18028822496633,64.00277540601894,40939.49250903,80105.933678187,VENDI,ALTO,False,False,True,False,,False,True,False,False
2018-03-06,848.83,849.97,800.89,815.43,815.43,930.0233999999999,582.54295,42.65964000578564,62.936862877017596,62303.95684311,74556.96286079551,VENDI,MEDIO,False,False,True,False,,False,True,False,False
2018-03-07,815.44,825.0,724.0,751.38,751.38,923.451,584.83195,36.8567956847825,65.65565838580206,138801.22495145,74491.129880016,VENDI,MEDIO,False,False,True,False,,False,True,False,False
2018-03-08,751.38,774.0,686.0,698.83,698.83,916.8664,586.83715,32.90232312732856,67.2516827868162,111033.84491381,75873.68041868901,VENDI,BASSO,False,False,True,False,,False,True,False,False
2018-03-09,698.81,734.0,641.6,728.46,728.46,910.92,588.86945,37.006360492784516,69.04799115918648,172486.90960483,80740.520951007,VENDI,MEDIO,False,False,True,False,,False,True,False,False
2018-03-10,728.46,749.0,680.2,683.6,683.6,903.8430000000001,590.7165,33.650473673684985,69.03027750495887,69514.86138119,79181.8052110465,VENDI,BASSO,False,False,True,False,,False,True,False,False
2018-03-11,683.6,735.0,666.0,719.79,719.79,895.2384,592.7279500000001,38.496075827225425,69.02811482603325,67834.01788669,79893.2969164525,VENDI,MEDIO,False,False,True,False,,False,True,False,False
2018-03-12,719.79,739.0,678.0,696.51,696.51,888.2260000000001,594.5876999999999,36.642241027881546,68.45467805274517,76014.9779029,77650.94522030102,VENDI,BASSO,False,False,True,False,,False,True,False,False
2018-03-13,696.51,713.45,679.78,690.39,690.39,882.0402,596.38895,36.14939783099373,65.97005819183481,64082.73782615,74072.98618269099,VENDI,BASSO,False,False,True,False,,False,True,False,False
2018-03-14,690.32,702.5,585.52,614.63,614.63,874.6522,597.79715,30.653055892666757,69.61362546384662,153028.37672067,76452.3233867945,VENDI,BASSO,False,False,True,False,,False,True,False,False
2018-03-15,614.63,621.47,571.16,610.99,610.99,865.7322,599.1111,30.413785339681525,68.23479507357187,149125.19563793,78645.6549449085,VENDI,BASSO,False,False,True,False,,False,True,False,False
2018-03-16,611.0,626.13,585.0,600.51,600.51,856.9424,600.37595,29.695090200788712,66.29873828260246,88999.75786119,79772.54890993351,VENDI,BASSO,False,False,True,False,,False,True,False,False
2018-03-17,600.52,609.94,541.11,549.79,549.79,847.0268000000001,601.2625,26.438829947712208,66.479542690988,105894.77241498,83084.5035941015,VENDI,MEDIO,False,False,True,False,,False,True,False,False
2018-03-18,549.79,587.74,450.0,538.0,538.0,835.7868000000001,602.0319999999999,25.73245557509661,71.56957535591744,444996.56948669,101964.630940664,VENDI,MEDIO,False,False,True,False,,False,True,False,False
2018-03-19,538.01,560.9,516.4,555.55,555.55,822.5975999999999,602.86375,28.782643189231848,69.6360342590662,185104.97751743,107964.1202390495,VENDI,MEDIO,False,False,True,False,,False,True,False,False
2018-03-20,555.44,567.04,515.97,558.0,558.0,810.5122,603.6894,29.21967563834312,68.30988895484717,161094.32369964,112982.89403797752,VENDI,MEDIO,False,False,True,False,,False,True,False,False
2018-03-21,558.0,589.75,545.2,559.98,559.98,800.6239999999999,604.7149499999999,29.595695542627453,66.61275402950093,119344.11951373,116399.22684553152,VENDI,MEDIO,False,False,True,False,,False,True,False,False
2018-03-22,559.99,578.73,517.6,539.89,539.89,789.3216,605.6491,27.971941210863434,66.22112874167945,96400.02307994,118909.11817181649,VENDI,MEDIO,False,False,True,False,,False,True,False,False
2018-03-23,539.9,543.04,507.84,543.04,543.04,779.8328,606.78,28.633097177746492,64.0053338315595,87454.1549111,121529.493417533,VENDI,MEDIO,False,False,True,False,,False,True,False,False
2018-03-24,543.04,545.94,517.7,519.57,519.57,771.9844,607.7774499999999,26.668860188359503,61.45066712930525,53609.18496706,122403.173981476,VENDI,MEDIO,False,False,True,False,,False,True,False,False
2018-03-25,519.58,536.0,510.2,522.55,522.55,763.0474,608.6933,27.35033068383389,58.90419090578345,51317.17024489,122922.05786826901,VENDI,MEDIO,False,False,True,False,,False,True,False,False
2018-03-26,522.55,525.0,466.1,486.75,486.75,756.2624000000001,609.44925,24.414941098659952,58.90389155537035,151611.18882043,127387.41946713501,VENDI,MEDIO,False,False,True,False,,False,True,False,False
2018-03-27,486.75,493.0,445.0,449.0,449.0,751.3716000000001,610.15445,21.762582661613067,58.12504215855819,163326.70003859,128613.693221492,VENDI,MEDIO,False,False,True,False,,False,True,False,False
2018-03-28,449.0,464.89,439.18,445.47,445.47,744.6043999999998,610.85685,21.527075563593314,55.80968200437546,96060.62752281,127865.032351942,VENDI,MEDIO,False,False,True,False,,False,True,False,False
2018-03-29,445.72,448.0,379.1,383.29,383.29,737.2694,611.2716499999999,17.86058940654496,56.74470471834864,291819.30211658,133831.6519775295,VENDI,MEDIO,False,False,True,False,,False,True,False,False
2018-03-30,383.3,411.0,365.0,394.46,394.46,728.9186,611.7516,20.480729661397874,55.97722580989517,285614.7646498,144636.64714096,VENDI,MEDIO,False,False,True,False,,False,True,False,False
2018-03-31,394.47,438.77,388.88,394.54,394.54,719.2896,612.2518,20.500289262928035,55.54242396633123,157961.19963445,149143.006228348,VENDI,MEDIO,False,False,True,False,,False,True,False,False
2018-04-01,394.73,400.65,360.0,378.18,378.18,709.8637999999999,612.76415,19.446837630336788,54.478679397307566,110964.69777902,150890.492222154,VENDI,MEDIO,False,False,True,False,,False,True,False,False
2018-04-02,378.69,393.96,375.36,384.0,384.0,701.3168,613.5649,21.00206790985267,51.91591658321417,91317.1026635,152252.21046402148,VENDI,MEDIO,False,False,True,False,,False,True,False,False
2018-04-03,384.0,421.59,380.89,416.28,416.28,692.3543999999998,614.3419,29.170210057772778,51.11477968441316,165871.58692268,152894.37097412202,VENDI,MEDIO,False,False,True,False,,False,True,False,False
2018-04-04,416.29,418.0,370.08,378.43,378.43,683.1131999999999,614.95485,25.80145933561043,50.88658113552651,120039.45534577,151440.08395951398,VENDI,MEDIO,False,False,True,False,,False,True,False,False
2018-04-05,378.42,387.2,366.54,381.55,381.55,672.3389999999999,615.5643,26.554413287693635,48.72753962584605,92587.28752724,151619.4604428165,VENDI,MEDIO,False,False,True,False,,False,True,False,False
2018-04-06,381.55,386.21,363.33,370.32,370.32,661.1594,615.9259000000001,25.549418255352904,46.88128679542848,96737.30368153,151161.587006144,VENDI,MEDIO,False,False,True,False,,False,True,False,False
2018-04-07,370.32,395.9,369.2,384.61,384.61,650.1312,616.4349500000001,29.220321568649936,45.43976631004073,62794.02261332,132051.4596624755,VENDI,MEDIO,False,False,True,False,,False,True,False,False
2018-04-08,384.62,404.4,384.61,399.9,399.9,638.6294,617.0167,33.02549373188704,43.60764014503782,70956.26828009,126344.02420060849,VENDI,MEDIO,False,False,True,False,,False,True,False,False
2018-04-09,399.9,432.0,388.0,398.8,398.8,628.3572,617.72015,32.8885066032928,43.6356658489637,131510.44151693,124864.83009147299,VENDI,MEDIO,False,False,True,False,,False,True,False,False
2018-04-10,398.8,418.26,392.25,415.45,415.45,617.8860000000001,618.478,37.13880400083844,42.37668971689486,69641.56857811,122379.702544692,VENDI,ALTO,False,False,True,False,,False,True,False,False
2018-04-11,415.45,433.83,410.11,430.81,430.81,608.807,619.2018999999999,40.859861770975975,41.04406902283094,91622.26394054,122140.81458772202,VENDI,ALTO,False,False,True,False,,False,True,False,False
2018-04-12,430.82,497.0,413.81,493.41,493.41,601.8684,620.2529,53.05620793528307,44.0544926640573,247902.01497352,130163.20759084301,VENDI,ALTO,False,False,True,False,,False,True,False,False
2018-04-13,493.42,529.36,481.18,495.76,495.76,595.6636,621.25965,53.4443564723278,44.349171759481784,236191.09457986,139292.303071483,VENDI,ALTO,False,False,True,False,,False,True,False,False
2018-04-14,495.76,513.86,488.0,502.4,502.4,588.6314,622.3278,54.58693356686877,43.028516633804514,77289.00537972,140590.8948282245,VENDI,ALTO,False,False,True,False,,False,True,False,False
2018-04-15,502.4,534.57,502.4,533.74,533.74,582.6422,623.4472499999999,59.623735903254016,42.25290830281848,101647.50851232,138092.71081281902,VENDI,ALTO,False,False,True,False,,False,True,False,False
2018-04-16,534.0,537.5,498.29,511.28,511.28,576.0286,624.4920000000001,54.922422456580335,42.03555770976002,130844.05596765,136468.578609272,VENDI,ALTO,False,False,True,False,,False,True,False,False
2018-04-17,511.29,522.0,500.49,502.42,502.42,568.7352000000001,625.5447,53.142303394557985,40.569446444777164,96075.46298383,136469.320382323,VENDI,ALTO,False,False,True,False,,False,True,False,False
2018-04-18,502.43,526.49,501.2,525.89,525.89,561.8316,626.6663000000001,57.108169090273016,39.47805741300737,98209.17829484,126788.814191236,VENDI,ALTO,False,False,True,False,,False,True,False,False
2018-04-19,525.9,569.95,521.18,567.29,567.29,556.1776,627.9865,63.049094350212584,40.141767597792565,134431.90904282,119229.671410887,MANTIENI STATO ATTUALE,ALTO,False,False,True,False,,False,False,False,False
2018-04-20,567.29,622.22,557.4,617.17,617.17,551.1462,629.58875,68.67817366348316,41.904498483664526,186456.04306219,120654.41358227399,MANTIENI STATO ATTUALE,ALTO,False,False,True,False,,False,False,False,False
2018-04-21,617.17,624.21,571.61,605.16,605.16,546.1632,631.15275,66.06837414794752,42.66846287768849,105009.75223954,120356.66630530001,MANTIENI STATO ATTUALE,ALTO,False,False,True,False,,False,False,False,False
2018-04-22,605.16,643.47,590.7,620.07,620.07,541.4778,632.7931000000001,67.70892692182508,43.39000124356789,93457.05655859,120463.6640000545,MANTIENI STATO ATTUALE,ALTO,False,False,True,False,,False,False,False,False
2018-04-23,620.08,647.47,618.7,642.85,642.85,537.1,634.5329,70.08842610982103,42.3457154404559,93438.80089026,116842.0246984335,MANTIENI STATO ATTUALE,ALTO,False,False,False,False,,False,False,False,False
2018-04-24,642.85,711.0,642.85,703.38,703.38,534.191,636.5111499999999,75.29735251877534,44.18887862328047,207432.35618658,121211.669740474,MANTIENI STATO ATTUALE,ALTO,False,False,False,False,,False,False,False,False
2018-04-25,703.38,704.0,578.75,617.49,617.49,530.2322,638.043,59.471288544750934,49.97895872161758,341753.13213573,133669.9619708985,MANTIENI STATO ATTUALE,ALTO,False,False,False,False,,False,False,False,False
2018-04-26,617.5,667.0,600.0,661.0,661.0,528.4245999999999,639.802,63.640399704027786,51.19474738435918,146340.68819105,136150.1311963745,MANTIENI STATO ATTUALE,MEDIO,False,False,False,False,,False,False,False,False
2018-04-27,661.01,685.91,638.33,643.11,643.11,527.3102,641.53255,60.86787906282061,50.93655114261924,115972.93900682,138809.0770160495,MANTIENI STATO ATTUALE,MEDIO,False,False,False,False,,False,False,False,False
2018-04-28,643.11,693.15,638.7,682.0,682.0,526.3810000000001,643.4526,64.48956031631286,51.187511775289295,75723.8348299,139047.45534354,MANTIENI STATO ATTUALE,MEDIO,False,False,False,False,,False,False,False,False
2018-04-29,682.01,696.71,666.04,687.51,687.51,526.4592,645.38015,64.98403187364079,49.7219752199115,68368.91701607,135890.379118497,MANTIENI STATO ATTUALE,MEDIO,False,False,False,False,,False,False,False,False
2018-04-30,688.0,692.45,662.11,669.81,669.81,525.4596,647.2186,61.997508923778454,48.33754841848925,91361.21901579,136976.361640381,MANTIENI STATO ATTUALE,MEDIO,False,False,False,False,,False,False,False,False
2018-05-01,669.82,675.01,627.2,670.75,670.75,524.9444,648.8929,62.097134424919496,48.29986638859716,156063.56183062,140198.426534885,MANTIENI STATO ATTUALE,MEDIO,False,False,False,False,,False,False,False,False
2018-05-02,670.74,689.98,660.63,685.02,685.02,524.837,650.62615,63.654841606204656,46.94630450369737,100629.0546095,132834.77851668402,MANTIENI STATO ATTUALE,MEDIO,False,False,False,False,,False,False,False,False
2018-05-03,685.65,784.76,684.0,775.51,775.51,528.0545999999999,652.81925,71.61990046759124,50.79013989629042,191794.75198349,130614.9613868655,MANTIENI STATO ATTUALE,ALTO,False,False,False,False,,False,False,False,False
2018-05-04,775.51,805.31,757.1,783.01,783.01,531.4949999999999,655.0625,72.16438875832604,50.60584418941253,150931.93016815,134297.107626287,MANTIENI STATO ATTUALE,ALTO,False,False,False,False,,False,False,False,False
2018-05-05,783.01,824.67,778.5,812.0,812.0,535.7248,657.54065,74.22301886309663,50.28899817588306,98235.94776246,134126.52958879402,MANTIENI STATO ATTUALE,ALTO,False,False,False,False,,False,False,False,False
2018-05-06,812.0,828.97,750.7,784.28,784.28,540.4146,659.8941,68.97046623175167,52.28764116331998,105797.16005163,132874.18479299298,MANTIENI STATO ATTUALE,MEDIO,False,False,False,False,,False,False,False,False
2018-05-07,784.88,789.98,695.11,752.42,752.42,544.703,662.1161,63.41569963194995,55.32923822308284,224756.62066775,139308.242677189,MANTIENI STATO ATTUALE,MEDIO,False,False,False,False,,False,False,False,False
2018-05-08,752.43,776.0,720.0,746.99,746.99,548.5318,664.3353,62.491926537936145,55.37714977857692,127881.06212239,140791.83686856652,MANTIENI STATO ATTUALE,MEDIO,False,False,False,False,,False,False,False,False
2018-05-09,746.99,759.5,708.8,750.0,750.0,552.3718,666.5853,62.8152850712834,55.043067651535715,100749.17068492,139107.6999506715,MANTIENI STATO ATTUALE,MEDIO,False,False,False,False,,False,False,False,False
2018-05-10,750.0,768.0,723.01,723.51,723.51,555.6424,668.7271499999999,58.070512773191005,54.32499139071174,89580.23122691,134263.90935890752,MANTIENI STATO ATTUALE,MEDIO,False,False,False,False,,False,False,False,False
2018-05-11,723.51,735.19,662.18,678.05,678.05,558.4055999999999,670.6882500000002,50.95697221733379,55.65963486280377,185449.6282951,138285.9031616855,MANTIENI STATO ATTUALE,MEDIO,False,False,False,False,,False,False,False,False
2018-05-12,678.05,692.39,637.65,684.66,684.66,561.2379999999999,672.6266,51.879995219938856,55.59394665831779,107293.67817864,138977.734242688,MANTIENI STATO ATTUALE,MEDIO,False,False,False,False,,False,False,False,False
2018-05-13,684.7,740.31,671.0,729.29,729.29,565.4324,674.78925,57.672518512932015,56.57366475415223,81110.2164824,138361.305022295,MANTIENI STATO ATTUALE,MEDIO,False,False,False,False,,False,False,False,False
2018-05-14,729.29,746.06,684.0,726.9,726.9,569.5194,676.94385,57.274904030284915,56.965545843141356,165755.95743882,136277.485084907,MANTIENI STATO ATTUALE,MEDIO,False,False,False,False,,False,False,False,False
2018-05-15,726.91,738.0,694.75,706.08,706.08,573.906,678.9863,53.79548591798533,55.98586399720269,96346.24302161,124007.140629201,MANTIENI STATO ATTUALE,MEDIO,False,False,False,False,,False,False,False,False
2018-05-16,706.09,710.44,677.55,707.45,707.45,579.075,681.048,53.993540814906005,54.33615942597394,87515.71655463,121065.89204737998,MANTIENI STATO ATTUALE,MEDIO,False,False,True,False,,False,False,False,False
2018-05-17,707.45,717.17,661.0,668.56,668.56,583.5368,682.8739,47.73796695196269,54.467148038404375,83374.27295315,119435.9587446965,MANTIENI STATO ATTUALE,ALTO,False,False,True,False,,False,False,False,False
2018-05-18,668.56,694.71,656.5,694.5,694.5,589.761,684.81205,51.75319843083742,53.30592317851835,84713.72667052,119885.4533367275,MANTIENI STATO ATTUALE,MEDIO,False,False,True,False,,False,False,False,False
2018-05-19,694.5,715.76,676.84,695.96,695.96,595.7909999999999,686.7743,51.97683490402237,52.27835723719561,51170.47405967,119025.5311889075,MANTIENI STATO ATTUALE,MEDIO,False,False,True,False,,False,False,False,False
2018-05-20,695.97,723.0,687.7,714.0,714.0,602.1802,688.8902,54.7668061133354,51.06561743453877,51152.5577087,117015.098123553,MANTIENI STATO ATTUALE,MEDIO,False,False,True,False,,False,False,False,False
2018-05-21,714.0,717.0,686.05,696.77,696.77,608.552,690.94705,51.67868836271499,49.62878761778601,49334.83836469,111678.66195025652,MANTIENI STATO ATTUALE,MEDIO,False,False,True,False,,False,False,False,False
2018-05-22,696.77,699.0,638.0,640.5,640.5,613.682,692.61955,43.126176023040415,50.441017073658436,102285.02351164,111761.46039536348,MANTIENI STATO ATTUALE,ALTO,False,False,True,False,,False,False,False,False
2018-05-23,640.13,648.46,563.27,577.2,577.2,616.9004,693.99725,35.92379746178054,52.923087282682836,214309.26173537,112887.18588295749,VENDI,ALTO,False,False,True,False,,False,True,False,False
2018-05-24,577.2,609.21,545.36,602.64,602.64,621.3846,695.5275999999999,40.243169643791326,53.70358104820549,136326.78521805,112156.9286354525,VENDI,ALTO,False,False,True,False,,False,True,False,False
2018-05-25,602.65,616.0,568.27,584.02,584.02,625.434,696.9611,38.21277840656212,53.27689668761939,99242.20155189,112207.241324924,VENDI,ALTO,False,False,True,False,,False,True,False,False
2018-05-26,584.02,606.0,577.65,584.99,584.99,629.7274,698.42395,38.3871739655311,51.49640406707515,44818.80475184,109158.3235599345,VENDI,ALTO,False,False,True,False,,False,True,False,False
2018-05-27,585.0,589.5,556.0,570.75,570.75,633.4502,699.73815,36.747391603774055,50.210946633712645,54447.36889848,100642.860971471,VENDI,ALTO,False,False,True,False,,False,True,False,False
2018-05-28,570.75,575.0,507.0,511.33,511.33,635.6788,700.6912,30.82942127253655,51.48159330273317,115800.06325204,100038.81102795349,VENDI,ALTO,False,False,True,False,,False,True,False,False
2018-05-29,511.33,573.64,510.91,566.66,566.66,639.036,702.0342999999999,40.446940251019264,52.285050923966516,136873.46762627,101845.025875021,VENDI,ALTO,False,False,True,False,,False,True,False,False
2018-05-30,566.65,585.92,541.23,557.22,557.22,641.8714,703.24195,39.43938745780519,51.742547286540336,99280.45946439,102330.037286895,VENDI,ALTO,False,False,True,False,,False,True,False,False
2018-05-31,557.22,589.0,553.6,577.1,577.1,644.7972,704.5919499999999,42.677813298951286,50.57522248035888,97490.97141173,97932.1044427265,VENDI,ALTO,False,False,True,False,,False,True,False,False
2018-06-01,577.1,588.0,561.11,578.89,578.89,646.5068,705.9086,42.97350674431389,48.88342087461896,97547.89157134,97444.8151123615,VENDI,ALTO,False,False,True,False,,False,True,False,False
2018-06-02,578.89,600.0,571.75,590.46,590.46,648.4007999999999,707.1857000000001,44.950201865803926,47.40960509786047,64556.52789267,96617.13068287501,VENDI,ALTO,False,False,True,False,,False,True,False,False
2018-06-03,590.46,627.83,590.46,618.63,618.63,650.7254,708.6198,49.53665761534418,46.692490448013295,54877.31717722,91073.198669795,VENDI,ALTO,False,False,True,False,,False,True,False,False
2018-06-04,618.63,626.55,576.15,591.5,591.5,651.8806,709.92625,45.596608397118565,46.95731255886949,67683.92429136,89640.0827332825,VENDI,ALTO,False,False,True,False,,False,True,False,False
2018-06-05,591.51,612.0,574.31,607.6,607.6,653.807,711.3027000000001,48.22826046287993,46.29536166180739,75119.33350357,89020.2635807295,VENDI,ALTO,False,False,True,False,,False,True,False,False
2018-06-06,607.6,611.69,592.63,606.18,606.18,655.8822,712.6006,48.00768337636407,44.34997868596401,77825.6268239,88742.83127426701,VENDI,ALTO,False,False,True,False,,False,True,False,False
2018-06-07,606.19,615.26,594.0,603.56,603.56,657.4356,713.84545,47.57533060850356,42.70069449410944,94570.72725134,89235.681303308,VENDI,ALTO,False,False,True,False,,False,True,False,False
2018-06-08,603.56,607.0,591.0,598.59,598.59,658.0615999999999,714.9972,46.71585884656781,40.79350203024448,39747.97679678,88664.55644016349,VENDI,ALTO,False,False,True,False,,False,True,False,False
2018-06-09,598.6,608.0,591.81,593.41,593.41,657.5864,716.1567,45.787418488453994,39.03610902808417,26760.9322832,87444.9751688885,VENDI,ALTO,False,False,True,False,,False,True,False,False
2018-06-10,593.4,593.41,505.0,525.25,525.25,655.9881999999999,716.8743000000001,35.72601158684,42.562815526078154,141919.66454912,92074.21647811,VENDI,ALTO,False,False,True,False,,False,True,False,False
2018-06-11,525.25,536.85,509.97,531.68,531.68,654.2204,717.49965,37.129552828079326,41.442614417072576,113031.3876127,92611.534683163,VENDI,ALTO,False,False,True,False,,False,True,False,False
2018-06-12,531.68,538.99,485.0,494.14,494.14,651.2461999999999,717.61545,32.647219895281324,42.33885624442454,122418.52638227,88016.997915508,VENDI,ALTO,False,False,True,False,,False,True,False,False
2018-06-13,494.14,502.4,450.11,476.02,476.02,646.6990000000001,717.6617,30.719486575829308,43.04965222696565,166483.47004971,89524.832157091,VENDI,ALTO,False,False,True,False,,False,True,False,False
2018-06-14,476.03,530.0,459.45,519.75,519.75,644.7442,717.8905,39.93699923480823,45.01396278218239,217414.28431916,95433.43629545449,VENDI,ALTO,False,False,True,False,,False,True,False,False
2018-06-15,519.75,521.0,481.57,487.45,487.45,641.2732,717.9401000000001,36.11494113218526,44.6151082977408,101900.02747789,98287.497431757,VENDI,ALTO,False,False,True,False,,False,True,False,False
2018-06-16,487.45,502.97,484.12,497.31,497.31,638.3571999999999,718.0840499999999,38.06356116044414,42.77474341933075,44820.26736856,97806.14235526099,VENDI,ALTO,False,False,True,False,,False,True,False,False
2018-06-17,496.99,507.83,493.33,496.5,496.5,634.6471999999999,718.3965000000001,37.96112348677857,40.75511888937855,35010.38637307,93766.6585113125,VENDI,ALTO,False,False,True,False,,False,True,False,False
2018-06-18,496.5,525.0,488.0,517.47,517.47,631.2464,718.8138500000001,42.2911523075098,40.4868961115658,72652.16283089,90555.5932715435,VENDI,ALTO,False,False,True,False,,False,True,False,False
2018-06-19,517.47,547.4,514.45,538.5,538.5,628.6202,719.1872500000001,46.33628803442177,39.94854638931109,71905.8945705,89186.865026849,VENDI,ALTO,False,False,True,False,,False,True,False,False
2018-06-20,538.5,541.8,516.67,536.0,536.0,625.9252,719.56555,45.92417393969965,38.89007879007459,63547.84183023,87489.708547774,VENDI,ALTO,False,False,True,False,,False,True,False,False
2018-06-21,536.0,544.23,521.5,525.49,525.49,622.7346,719.868,44.146548039577176,37.735787447926405,52814.33055734,85253.030497074,VENDI,ALTO,False,False,True,False,,False,True,False,False
2018-06-22,525.5,525.65,449.02,462.01,462.01,616.4646,719.8369500000001,35.26707254918642,40.51394548736023,159809.3519873,90015.6717018055,VENDI,ALTO,False,False,True,False,,False,True,False,False
2018-06-23,462.01,481.74,457.87,475.17,475.17,610.3078,719.9262999999999,38.04898000368604,39.325092238263075,48107.42304878,89677.17699538349,VENDI,ALTO,False,False,False,False,,False,True,False,False
2018-06-24,475.18,476.9,421.1,454.79,454.79,603.1636,720.0378,35.504309941554126,40.501871364101426,148560.96982973,93721.029272302,VENDI,ALTO,False,False,False,False,,False,True,False,False
2018-06-25,454.79,473.27,445.0,458.41,458.41,596.6461999999999,720.16345,36.31899072723856,39.62816626666561,82314.39474815,94080.782334531,VENDI,ALTO,False,False,False,False,,False,True,False,False
2018-06-26,458.41,460.72,429.0,429.08,429.08,590.1794,719.9916000000001,32.71344328651911,39.06329724761807,77287.0907213,94053.855529401,VENDI,ALTO,False,False,False,False,,False,True,False,False
2018-06-27,429.08,446.21,420.12,441.41,441.41,584.0678,719.77345,35.607508857878884,38.13663315850249,72744.76141836,92962.557237752,VENDI,ALTO,False,False,False,False,,False,True,False,False
2018-06-28,441.5,443.78,417.0,420.0,420.0,577.4678,719.6359,32.956792410779286,37.32544507575231,58039.79406083,93877.14810095451,VENDI,ALTO,False,False,False,False,,False,True,False,False
2018-06-29,420.01,442.0,404.22,434.6,434.6,571.6896,719.2189,36.432002650765845,37.357913284627145,99473.38572708,97512.7707731485,VENDI,ALTO,False,False,False,False,,False,True,False,False
2018-06-30,434.5,462.49,434.5,453.29,453.29,567.1944,718.05125,40.67164967465247,36.68877662143949,58391.94222717,93336.38465705099,VENDI,ALTO,False,False,False,False,,False,True,False,False
2018-07-01,453.3,455.87,444.85,451.43,451.43,562.5298,716.7487,40.38299537804039,34.85529257705095,34160.78132274,89392.854342553,VENDI,ALTO,False,False,True,False,,False,True,False,False
2018-07-02,451.43,481.99,442.79,476.34,476.34,557.4708,715.60535,45.91876843921737,35.165628821547315,73537.36076481,86948.79606168001,VENDI,ALTO,False,False,True,False,,False,True,False,False
2018-07-03,476.34,486.76,459.11,461.75,461.75,552.1677999999999,714.4466,43.378117093950706,34.62879819143679,70832.75445941,82166.26028216499,VENDI,ALTO,False,False,True,False,,False,True,False,False
2018-07-04,461.75,482.01,451.35,466.9,466.9,547.3842000000001,713.26315,44.54448668720119,34.34531260633416,58200.73415567,74205.5827739905,VENDI,ALTO,False,False,True,False,,False,True,False,False
2018-07-05,466.9,477.99,457.85,467.25,467.25,542.5802,711.9384999999999,44.627967725883536,33.33064742016744,55189.22578687,71870.0426894395,VENDI,ALTO,False,False,True,False,,False,True,False,False
2018-07-06,467.24,474.99,451.68,469.3,469.3,538.595,710.35675,45.148802209185746,32.61488689015548,42719.95857763,71765.02724989301,VENDI,ALTO,False,False,True,False,,False,True,False,False
2018-07-07,469.3,486.69,462.0,484.48,484.48,534.3946,708.6459,48.97604472063618,32.04882354085866,32601.96576381,71644.60621943,VENDI,ALTO,False,False,True,False,,False,True,False,False
2018-07-08,484.49,494.74,479.31,486.08,486.08,530.197,707.0620000000001,49.37698598858073,30.86176471651162,39468.25855777,69985.411005774,VENDI,ALTO,False,False,True,False,,False,True,False,False
2018-07-09,486.09,488.0,469.0,471.6,471.6,525.349,705.4350999999999,45.864485248395894,30.014495808189363,45759.94503975,68678.11352923649,VENDI,ALTO,False,False,True,False,,False,True,False,False
2018-07-10,471.6,473.0,427.88,432.59,432.59,520.0654,704.1875,38.018029603739556,31.093460393318697,100665.53249183,70533.99806231649,VENDI,ALTO,False,False,True,False,,False,True,False,False
2018-07-11,432.71,448.54,425.34,446.25,446.25,516.1804,702.7547500000001,41.77441621872652,30.52964179379594,70923.10221158,71439.4366450285,VENDI,ALTO,False,False,True,False,,False,True,False,False
2018-07-12,446.25,447.17,418.23,431.46,431.46,513.2656,701.42685,39.01724542433293,30.41609595138194,52128.61867084,66055.39997920551,VENDI,ALTO,False,False,True,False,,False,True,False,False
2018-07-13,431.38,442.31,425.1,432.8,432.8,509.86879999999996,699.88835,39.4074513032947,29.472803383426086,51453.54754722,66222.70620412749,VENDI,ALTO,False,False,True,False,,False,True,False,False
2018-07-14,432.8,440.0,428.13,434.13,434.13,506.871,698.2836499999999,39.819053148698536,28.21546028460994,24290.88765523,60009.2020954025,VENDI,ALTO,False,False,True,False,,False,True,False,False
2018-07-15,434.14,454.21,431.29,449.41,449.41,504.1594,696.83075,44.48485179611436,27.837213121423513,36806.36252991,57733.8004844905,VENDI,ALTO,False,False,True,False,,False,True,False,False
2018-07-16,449.42,479.92,444.05,478.18,478.18,502.30800000000005,695.62415,52.02654955035266,28.410983612750403,65262.41185478,57132.56654116451,VENDI,ALTO,False,False,True,False,,False,True,False,False
2018-07-17,478.19,510.79,466.1,499.01,499.01,502.06159999999994,694.3747500000001,56.62136041254179,29.573770497553944,96530.99254641,58321.878097566994,MANTIENI STATO ATTUALE,ALTO,False,False,True,False,,False,False,False,False
2018-07-18,499.01,515.88,468.85,478.81,478.81,500.3046,693.2158999999999,51.472741302316734,30.820644033442946,98509.85475243,60345.381132147,VENDI,ALTO,False,False,True,False,,False,True,False,False
2018-07-19,478.92,483.88,462.07,468.39,468.39,498.528,691.8515000000001,48.997674279230175,30.177026602482734,52575.33303783,58000.47849768449,VENDI,ALTO,False,False,True,False,,False,True,False,False
2018-07-20,468.38,468.73,441.0,448.21,448.21,495.9502,690.2974,44.531692064997735,30.002238988019684,63247.13934367,58243.2383535095,VENDI,ALTO,False,False,True,False,,False,True,False,False
2018-07-21,448.21,468.85,442.0,461.5,461.5,493.6024,688.2799,47.89967919087862,29.777079060303993,33370.03300077,58203.700937411006,VENDI,ALTO,False,False,True,False,,False,True,False,False
2018-07-22,461.5,471.74,455.0,456.9,456.9,490.93120000000005,685.8728500000001,46.83955725665497,28.845859127425136,30453.61703928,56049.513751134495,VENDI,ALTO,False,False,True,False,,False,True,False,False
2018-07-23,456.9,469.3,445.66,449.0,449.0,487.53860000000003,683.3728500000001,44.99765312508467,28.47401204689477,60608.22750801,55538.28740356449,VENDI,ALTO,False,False,True,False,,False,True,False,False
2018-07-24,449.0,483.92,447.99,478.79,478.79,485.2844,680.92045,52.57157827592524,29.006582614973716,87160.56699552,56986.279045557,MANTIENI STATO ATTUALE,ALTO,False,False,True,False,,False,False,False,False
2018-07-25,478.79,484.43,463.55,470.81,470.81,482.5486,678.2411,50.562995853698034,28.42611242818988,64253.17438848,57439.4764756375,VENDI,ALTO,False,False,True,False,,False,True,False,False
2018-07-26,470.81,483.88,460.0,461.42,461.42,479.65340000000003,674.9567,48.22800428127836,28.101390111890606,47802.50322557,57693.6037080345,VENDI,ALTO,False,False,True,False,,False,True,False,False
2018-07-27,461.43,473.33,454.25,469.3,469.3,476.9682,671.61815,50.302132416474414,27.457005103898418,43939.28025599,58260.4694326435,MANTIENI STATO ATTUALE,ALTO,False,False,True,False,,False,False,False,False
2018-07-28,469.3,471.01,461.25,468.12,468.12,474.3588,667.5087,49.97923043210561,26.192933310762818,19179.64218383,57246.038613946504,MANTIENI STATO ATTUALE,ALTO,False,False,True,False,,False,False,False,False
2018-07-29,468.12,471.37,462.0,466.01,466.01,471.81080000000003,663.60405,49.36895847452023,24.9912952171369,20117.80509384,55963.931616650996,MANTIENI STATO ATTUALE,ALTO,False,False,True,False,,False,False,False,False
2018-07-30,466.01,469.0,446.0,456.46,456.46,470.435,660.2013000000001,46.59573049057291,24.849059844484266,51162.28711265,53488.769347692,VENDI,ALTO,False,False,True,False,,False,True,False,False
2018-07-31,456.47,457.3,427.33,432.35,432.35,468.4484,656.0630500000001,40.422243406656456,25.214841284163967,59440.91065082,52914.659769654005,VENDI,ALTO,False,False,True,False,,False,True,False,False
2018-08-01,432.36,435.48,407.78,419.6,419.6,466.9576,651.23095,37.58621442879208,25.3923526210094,76974.23009648,54156.940340935995,VENDI,ALTO,False,False,True,False,,False,True,False,False
2018-08-02,419.59,424.61,407.29,410.71,410.71,465.65139999999997,646.4572000000001,35.70517591438707,24.815756005223015,43453.78187481,53756.9520573155,VENDI,ALTO,False,False,True,False,,False,True,False,False
2018-08-03,410.71,420.27,395.0,417.8,417.8,463.6124,642.15305,38.35487757415359,24.848202004849945,95200.1162607,57302.413487589,VENDI,ALTO,False,False,True,False,,False,True,False,False
2018-08-04,417.8,419.16,401.0,407.0,407.0,462.00339999999994,638.78805,35.92607119297415,24.37047329021781,37316.36430412,57327.9135762995,VENDI,ALTO,False,False,True,False,,False,True,False,False
2018-08-05,407.0,413.33,400.5,408.83,408.83,460.23380000000003,635.6918999999999,36.65801206851894,23.54615376948797,30585.81027505,55594.083497313004,VENDI,ALTO,False,False,True,False,,False,True,False,False
2018-08-06,408.96,413.17,401.0,404.99,404.99,458.4036,632.58795,35.73552635676245,22.733571357381688,35553.84200703,52545.225970344,VENDI,ALTO,False,False,True,False,,False,True,False,False
2018-08-07,404.99,410.0,369.1,378.08,378.08,455.61580000000004,629.2911,30.032014375149956,24.031173403282995,79598.40595612,51599.6535305285,VENDI,ALTO,False,False,True,False,,False,True,False,False
2018-08-08,378.07,380.77,347.18,355.7,355.7,451.95980000000003,625.3195,26.275960272338054,24.71394673161992,185480.83073366,58244.92841532,VENDI,ALTO,False,False,True,False,,False,True,False,False
2018-08-09,355.69,371.09,351.0,363.99,363.99,448.51959999999997,621.9038,29.779372288666238,24.383664822218496,93660.54696981,59765.598796627004,VENDI,ALTO,False,False,True,False,,False,True,False,False
2018-08-10,363.99,366.46,326.0,330.99,330.99,444.6296,618.56035,24.73952342700086,25.531974477774316,102786.11054812,63236.402673994504,VENDI,ALTO,False,False,True,False,,False,True,False,False
2018-08-11,331.0,332.0,305.14,318.02,318.02,441.74980000000005,615.2302999999999,23.08581867848163,25.62683344364758,138086.69928099,68618.05678608001,VENDI,ALTO,False,False,True,False,,False,True,False,False
2018-08-12,318.32,328.12,313.29,318.15,318.15,438.60939999999994,611.5361,23.141274594300768,24.85563105481561,59713.51417242,68573.3211193005,VENDI,ALTO,False,False,True,False,,False,True,False,False
2018-08-13,318.16,322.27,281.41,284.11,284.11,435.1958,607.75665,19.23124725442551,25.99880026518592,222117.52492092,75321.1690155705,VENDI,ALTO,False,False,True,False,,False,True,False,False
2018-08-14,284.11,285.0,250.28,279.4,279.4,431.61560000000003,603.9258,18.758948236539226,26.621743103386926,359941.01144007,90105.56086815,VENDI,ALTO,False,False,True,False,,False,True,False,False
2018-08-15,279.39,305.4,275.93,281.21,281.21,428.6582,599.83185,19.5763502817411,26.825190024573573,268255.89152066,101128.23028290451,VENDI,ALTO,False,False,True,False,,False,True,False,False
2018-08-16,281.21,298.89,277.84,286.67,286.67,425.56339999999994,595.19015,22.1218585530966,26.41267645138975,119548.61877195,104908.69720870249,VENDI,ALTO,False,False,True,False,,False,True,False,False
2018-08-17,286.67,319.0,285.42,317.54,317.54,423.51419999999996,590.9665,34.70524905668671,26.924628133433337,170451.92209544,112472.31120428299,VENDI,ALTO,False,False,True,False,,False,True,False,False
2018-08-18,317.55,322.16,283.1,296.61,296.61,420.75440000000003,587.1776,31.042885445185348,27.79144040961667,105672.19642623,116750.0307709025,VENDI,ALTO,False,False,True,False,,False,True,False,False
2018-08-19,296.59,307.65,289.33,300.03,300.03,417.68919999999997,583.1527000000001,32.30006158425148,27.11490895178691,63555.26729245,117369.67977989251,VENDI,ALTO,False,False,True,False,,False,True,False,False
2018-08-20,300.03,304.0,268.02,270.76,270.76,414.0758,579.4191,27.65334650054102,27.74812974094499,115416.72792886,120168.47064379451,VENDI,ALTO,False,False,True,False,,False,True,False,False
2018-08-21,270.76,286.42,269.13,281.49,281.49,410.17879999999997,576.2666,31.541401338906752,27.001120473734638,73300.85753571,119984.802015756,VENDI,ALTO,False,False,True,False,,False,True,False,False
2018-08-22,281.5,298.99,259.11,270.47,270.47,406.3532,572.77195,29.771760980323876,27.92104043989645,160772.15113457,125850.72047874398,VENDI,ALTO,False,False,True,False,,False,True,False,False
2018-08-23,270.48,280.39,268.6,275.87,275.87,402.53259999999995,570.0213,31.791247619830173,26.76882326561813,96644.34487666,125922.93190954199,VENDI,ALTO,False,False,True,False,,False,True,False,False
2018-08-24,275.87,283.38,270.27,281.35,281.35,398.8146,567.9603500000001,33.8695195212067,25.793193032359696,75748.64847814,127844.54611824299,VENDI,ALTO,False,False,True,False,,False,True,False,False
2018-08-25,281.35,282.95,276.99,277.97,277.97,394.98799999999994,565.43105,33.19764167975765,24.37653638719115,32482.25807385,127939.368508183,VENDI,ALTO,False,False,True,False,,False,True,False,False
2018-08-26,277.97,277.97,270.0,274.25,274.25,390.7834,563.0521,32.43502475512037,23.204640930963212,41263.99454601,128224.87613513201,VENDI,ALTO,False,False,True,False,,False,True,False,False
2018-08-27,274.26,288.64,271.32,287.99,287.99,386.82160000000005,560.4320499999999,38.09188277605636,22.78430943589441,66277.9291864,127558.85229664599,VENDI,ALTO,False,False,True,False,,False,True,False,False
2018-08-28,288.11,297.64,282.85,295.39,295.39,383.2974,557.52905,40.95894700088738,22.213287333330523,82043.13012686,122386.967266306,VENDI,ALTO,False,False,True,False,,False,True,False,False
2018-08-29,295.4,297.32,284.11,289.0,289.0,380.4256,554.7266999999999,39.26780426413414,21.570195380949773,59249.050789,120666.3924572655,VENDI,ALTO,False,False,True,False,,False,True,False,False
2018-08-30,288.99,290.99,272.13,284.52,284.52,377.191,552.09255,38.080675138322455,21.376609996596223,82418.20650024,119647.9972548715,VENDI,ALTO,False,False,True,False,,False,True,False,False
2018-08-31,284.52,284.7,276.66,281.94,281.94,374.20059999999995,549.18025,37.37982528730531,20.423994996839347,50547.47759252,115271.03617044799,VENDI,ALTO,False,False,True,False,,False,True,False,False
2018-09-01,281.95,302.2,281.94,294.64,294.64,371.43739999999997,546.451,42.94621379352291,20.41228106849368,60377.24722536,115304.222823095,VENDI,ALTO,False,False,True,False,,False,True,False,False
2018-09-02,294.65,298.72,288.42,295.06,295.06,368.656,543.325,43.126267151833254,19.68997527788699,45223.02715521,106459.49793480951,VENDI,ALTO,False,False,True,False,,False,True,False,False
2018-09-03,295.06,296.38,285.76,288.6,288.6,365.43979999999993,540.1215,40.9838810181019,19.042119900895063,57319.50761057,91328.42274333451,VENDI,ALTO,False,False,True,False,,False,True,False,False
2018-09-04,288.6,292.11,282.1,285.43,285.43,361.5848,536.8685499999999,39.93548286452566,18.39696847940256,74773.19149528,81654.28774206551,VENDI,ALTO,False,False,True,False,,False,True,False,False
2018-09-05,285.43,287.95,225.53,227.56,227.56,356.1558,533.1314,26.572068556299783,21.541470730873804,233332.99898428,87343.506752682,VENDI,ALTO,False,False,True,False,,False,True,False,False
2018-09-06,227.56,233.6,211.0,229.03,229.03,351.1602,529.7144999999999,27.238124812526635,21.617079964382818,283857.17980889,93013.7696383545,VENDI,ALTO,False,False,True,False,,False,True,False,False
2018-09-07,229.35,234.23,214.0,215.21,215.21,346.0966,526.0955,24.947026148351114,21.51800282406976,132144.11290942,94337.365462514,VENDI,ALTO,False,False,True,False,,False,True,False,False
2018-09-08,215.2,220.0,190.0,197.0,197.0,341.0724000000001,522.6567,22.28689669028269,22.123859765207634,194116.40458204,100865.4223269935,VENDI,ALTO,False,False,True,False,,False,True,False,False
2018-09-09,197.0,208.5,185.39,195.91,195.91,335.76060000000007,519.4345500000001,22.134750926331137,22.19429835340709,155044.12347013,102846.79210405699,VENDI,ALTO,False,False,True,False,,False,True,False,False
2018-09-10,195.92,202.7,186.59,196.94,196.94,330.5614,516.3892500000001,22.67195918728609,21.75970561387801,137188.19392798,106041.1589236705,VENDI,ALTO,False,False,True,False,,False,True,False,False
2018-09-11,196.94,199.25,175.5,185.15,185.15,325.2844,513.04495,20.894905003224395,21.90186949860101,179482.6357956,106976.68315672199,VENDI,ALTO,False,False,True,False,,False,True,False,False
2018-09-12,185.15,185.15,167.0,182.79,182.79,319.36440000000005,509.7928999999999,20.54772221547593,21.633878820129507,253131.74321164,114801.05307347099,VENDI,ALTO,False,False,True,False,,False,True,False,False
2018-09-13,182.92,215.0,182.91,211.39,211.39,314.176,506.64005,34.70651827277024,22.389316047263115,291413.55188749,125584.29824393848,VENDI,ALTO,False,False,True,False,,False,True,False,False
2018-09-14,211.15,224.3,202.5,210.0,210.0,309.1476,503.3546,34.38579352265576,22.34722204388718,223363.98301937,135128.3844912145,VENDI,ALTO,False,False,True,False,,False,True,False,False
2018-09-15,210.0,227.55,208.26,221.69,221.69,304.1954,500.10769999999997,39.45332139464532,22.12884904075238,116977.23283788,138914.046405808,VENDI,ALTO,False,False,True,False,,False,True,False,False
2018-09-16,221.7,223.43,208.01,220.19,220.19,299.2368,496.9587,39.03670832886749,21.6496455378415,98138.95587542,140507.097740259,VENDI,ALTO,False,False,True,False,,False,True,False,False
2018-09-17,220.19,224.9,192.2,195.97,195.97,293.836,493.59485,32.980814462450525,22.438956570852824,231151.5274723,147962.517607531,VENDI,ALTO,False,False,True,False,,False,True,False,False
2018-09-18,196.09,214.87,194.05,208.5,208.5,288.8768,490.36580000000004,38.31249236381869,22.32331681579191,146600.61495684,152330.095815923,VENDI,ALTO,False,False,True,False,,False,True,False,False
2018-09-19,208.22,214.68,197.34,209.81,209.81,284.426,487.14314999999993,38.860131113473415,21.967365614663915,169675.52807699,156692.9618947605,VENDI,ALTO,False,False,True,False,,False,True,False,False
2018-09-20,209.81,227.34,206.64,224.41,224.41,280.5222,483.9565,44.747424962102386,21.87683949933078,177248.2184546,163027.9989378645,VENDI,ALTO,False,False,True,False,,False,True,False,False
2018-09-21,224.41,252.0,221.0,247.76,247.76,277.2632,480.95115,52.607388990440406,22.528493820807157,275556.14523401,173786.94383829698,VENDI,ALTO,False,False,True,False,,False,True,False,False
2018-09-22,247.76,255.0,232.67,240.71,240.71,273.7214,478.07755,50.28163209667672,22.514315690749505,125026.55905007,177777.12043304002,VENDI,ALTO,False,False,True,False,,False,True,False,False
2018-09-23,240.71,249.79,237.1,244.35,244.35,270.4684,475.5424,51.47447905095042,21.812578855695968,76058.21331054,178714.0557180385,VENDI,ALTO,False,False,True,False,,False,True,False,False
2018-09-24,244.35,245.79,225.15,228.01,228.01,266.85200000000003,473.1883,46.124689812545114,21.728823223146254,126087.70355033,181279.781320791,VENDI,ALTO,False,False,True,False,,False,True,False,False
2018-09-25,228.01,228.01,203.24,219.19,219.19,263.13599999999997,470.64195,43.496822337065,21.946050135778663,239214.88967415,181573.8758552845,VENDI,ALTO,False,False,True,False,,False,True,False,False
2018-09-26,219.19,222.43,207.23,214.15,214.15,259.8574,468.29470000000003,42.02346367391475,21.46418941179447,154213.73310933,175091.7035203065,VENDI,ALTO,False,False,True,False,,False,True,False,False
2018-09-27,214.15,233.5,210.01,229.0,229.0,257.3234,465.84074999999996,47.650083173001335,21.608890168094867,175712.24138176,177270.10994392348,VENDI,ALTO,False,False,True,False,,False,True,False,False
2018-09-28,229.0,234.59,215.0,220.67,220.67,254.457,463.46155,45.01120608561843,21.46468372751666,139498.22319499,174539.200874571,VENDI,ALTO,False,False,True,False,,False,True,False,False
2018-09-29,220.67,235.35,213.7,231.01,231.01,252.4574,461.16465000000005,48.80150056156815,21.477920604122613,108156.43724946,172194.8165635375,VENDI,ALTO,False,False,True,False,,False,True,False,False
2018-09-30,231.01,238.69,225.5,232.27,232.27,250.7424,459.25284999999997,49.26046593638207,20.885926275256715,92112.81192603,169941.04746344,VENDI,ALTO,False,False,True,False,,False,True,False,False
2018-10-01,232.27,234.92,223.45,230.4,230.4,248.9874,457.34990000000005,48.56464316532508,20.21336011273838,85964.99535152,165265.165441236,VENDI,ALTO,False,False,True,False,,False,True,False,False
2018-10-02,230.4,231.08,221.44,224.85,224.85,247.8022,455.47159999999997,46.46677259399286,19.458120104685637,76658.97876023,156441.52721866552,VENDI,ALTO,False,False,True,False,,False,True,False,False
2018-10-03,224.85,224.9,214.0,219.01,219.01,246.59440000000004,453.81770000000006,44.298318286614396,18.846825811493808,95124.62230285,146627.0807394335,VENDI,ALTO,False,False,True,False,,False,True,False,False
2018-10-04,219.1,225.66,218.31,221.0,221.0,245.3902,452.2327,45.23615368688516,18.02562396781568,74275.51465712,139172.65732132102,VENDI,ALTO,False,False,True,False,,False,True,False,False
2018-10-05,221.0,230.34,218.0,226.89,226.89,244.19459999999998,450.5894,48.02545793277855,17.61950797011456,71553.04039729,136901.4476992915,VENDI,ALTO,False,False,True,False,,False,True,False,False
2018-10-06,226.88,227.51,222.32,223.85,223.85,242.32080000000002,448.91864999999996,46.70327290924819,16.731685972249235,32635.73942303,133626.286876672,VENDI,ALTO,False,False,True,False,,False,True,False,False
2018-10-07,223.85,225.95,220.0,224.82,224.82,240.885,447.24285000000003,47.202749181900444,15.961565545660003,31120.90366916,123624.75568651498,VENDI,ALTO,False,False,True,False,,False,True,False,False
2018-10-08,224.83,231.1,222.25,227.68,227.68,239.438,445.6818,48.72845126897874,15.45359657811286,52494.74130557,118919.4620039515,VENDI,ALTO,False,False,True,False,,False,True,False,False
2018-10-09,227.71,228.45,225.06,226.15,226.15,238.5458,444.09735,47.93049258663102,14.591911108247654,41885.89404604,112529.980302404,VENDI,ALTO,False,False,True,False,,False,True,False,False
2018-10-10,226.14,226.25,221.52,223.61,223.61,237.38819999999998,442.61755000000005,46.567151758711745,13.887488886229965,56636.2682239,106499.38279086901,VENDI,ALTO,False,False,True,False,,False,True,False,False
2018-10-11,223.61,223.61,184.81,188.32,188.32,235.7452,440.9464,32.66509406127042,15.66695396578497,316654.3133909,108554.2911987135,VENDI,ALTO,False,False,True,False,,False,True,False,False
2018-10-12,188.32,198.5,187.15,194.1,194.1,234.1098,439.48315,36.03341481641662,15.358600111086043,94955.90937595,107050.7587150075,VENDI,ALTO,False,False,True,False,,False,True,False,False
2018-10-13,194.01,198.37,193.45,196.72,196.72,232.4172,438.22175000000004,37.558193387154525,14.61298581743704,39709.49692781,105233.32289587101,VENDI,ALTO,False,False,True,False,,False,True,False,False
2018-10-14,196.72,199.41,189.13,191.87,191.87,230.6952,436.95375,35.85438399097515,14.303486830477253,50132.32545292,101435.55399100049,VENDI,ALTO,False,False,True,False,,False,True,False,False
2018-10-15,192.05,220.64,189.96,204.53,204.53,229.30079999999998,436.05995,43.109327471063054,15.473237771157448,222616.17410508,100605.61821254701,VENDI,ALTO,False,False,True,False,,False,True,False,False
2018-10-16,204.55,207.97,202.1,205.43,205.43,227.6496,435.11480000000006,43.59770683171765,14.787292216074775,56530.71462819,95721.46728849,VENDI,ALTO,False,False,True,False,,False,True,False,False
2018-10-17,205.43,206.35,201.2,203.21,203.21,225.80599999999998,434.15815000000003,42.62567026308286,14.098914200640865,65015.90657877,90186.65054834049,VENDI,ALTO,False,False,True,False,,False,True,False,False
2018-10-18,203.21,205.56,195.15,199.2,199.2,224.01,433.26324999999997,40.8538172933046,13.835420329166517,102830.17997033,88353.2483871075,VENDI,ALTO,False,False,True,False,,False,True,False,False
2018-10-19,199.1,201.47,197.8,200.0,200.0,222.31959999999998,432.34324999999995,41.377360019142635,13.109318877083195,49760.17159262,85433.43510426549,VENDI,ALTO,False,False,True,False,,False,True,False,False
2018-10-20,200.0,204.66,199.31,202.69,202.69,220.7346,431.2753,43.1980484913136,12.555081814434395,73297.71204662,84492.680110295,VENDI,ALTO,False,False,True,False,,False,True,False,False
2018-10-21,202.69,205.66,201.19,202.12,202.12,218.8842,430.39375,42.8940478073959,11.977575970546225,34115.86267097,81900.22347626749,VENDI,ALTO,False,False,True,False,,False,True,False,False
2018-10-22,202.12,203.0,198.75,201.25,201.25,217.00799999999998,429.49225,42.403544797123,11.425606258364352,46179.42865075,80376.2459707935,VENDI,ALTO,False,False,True,False,,False,True,False,False
2018-10-23,201.25,201.96,197.96,201.12,201.12,215.2584,428.64625,42.32565919901415,10.895205811338329,41922.86883239,77716.15829727051,VENDI,ALTO,False,False,True,False,,False,True,False,False
2018-10-24,201.12,202.47,200.38,200.68,200.68,213.5634,427.72659999999996,42.04417447378679,10.266262539099877,40013.43593106,76003.05436096751,VENDI,ALTO,False,False,True,False,,False,True,False,False
2018-10-25,200.68,200.72,195.83,199.65,199.65,213.0052,426.72535000000005,41.350899858373054,9.882243786307027,69962.93507866,75923.54909503601,VENDI,ALTO,False,False,True,False,,False,True,False,False
2018-10-26,199.66,204.35,198.64,200.7,200.7,212.4386,425.73485,42.3937120917718,9.584226372999384,48108.36095811,76697.18017179,VENDI,ALTO,False,False,True,False,,False,True,False,False
2018-10-27,200.71,201.7,200.42,201.46,201.46,212.1636,424.6649,43.181203405449025,8.99106734635657,21675.18980369,76224.89447851651,VENDI,ALTO,False,False,True,False,,False,True,False,False
2018-10-28,201.46,202.85,201.0,202.43,202.43,212.2722,423.523,44.22911878312687,8.4809911073311,21354.21586505,74667.8682064905,VENDI,ALTO,False,False,True,False,,False,True,False,False
2018-10-29,202.44,202.65,190.92,194.31,194.31,212.24020000000002,422.0275,37.92370091113302,8.713063171093166,78724.65664721,76509.80633654901,VENDI,ALTO,False,False,True,False,,False,True,False,False
2018-10-30,194.29,196.41,192.6,195.35,195.35,212.2084,420.52545000000003,39.12081734638356,8.362844373157941,57625.06380685,76559.2461156965,VENDI,ALTO,False,False,True,False,,False,True,False,False
2018-10-31,195.36,200.0,191.4,196.95,196.95,212.44440000000003,418.9982,41.00573212257521,8.379784060789516,56547.60918898,63553.9109056005,VENDI,ALTO,False,False,True,False,,False,True,False,False
2018-11-01,196.95,198.63,196.2,197.96,197.96,212.74779999999998,417.3193,42.22184160688389,7.954799485018837,35742.82382362,60593.256627983996,VENDI,ALTO,False,False,True,False,,False,True,False,False
2018-11-02,197.96,201.75,197.8,199.75,199.75,212.515,415.7616499999999,44.40901672188849,7.668742378946063,45642.51794534,60889.90767886051,VENDI,ALTO,False,False,True,False,,False,True,False,False
2018-11-03,199.75,200.0,197.51,198.35,198.35,212.282,414.24129999999997,43.036809757153,7.298832209021345,27311.98346683,59748.890579556,VENDI,ALTO,False,False,True,False,,False,True,False,False
2018-11-04,198.46,217.77,198.1,210.06,210.06,212.0494,412.66214999999994,55.439414272201766,8.182487051234109,99918.45884,53614.004816302,MANTIENI STATO ATTUALE,ALTO,False,False,True,False,,False,False,False,False
2018-11-05,210.06,211.2,205.38,208.53,208.53,211.81619999999998,410.86834999999996,53.79143796146221,8.013737976145958,57325.49179142,53653.7436744635,MANTIENI STATO ATTUALE,ALTO,False,False,True,False,,False,False,False,False
2018-11-06,208.53,219.08,207.13,218.65,218.65,212.2698,408.87575000000004,61.86599206638348,8.29489954927839,112409.82321353,56023.4395062015,MANTIENI STATO ATTUALE,ALTO,False,False,True,False,,False,False,False,False
2018-11-07,218.66,222.78,215.56,216.84,216.84,212.4366,406.93415,59.85155241979318,8.21812101004422,69736.02015595,54368.7315154825,MANTIENI STATO ATTUALE,ALTO,False,False,True,False,,False,False,False,False
2018-11-08,216.85,218.27,209.66,210.34,210.34,212.4472,404.8855,53.15753856607964,8.246112366469633,57923.00913792,54776.8733927475,MANTIENI STATO ATTUALE,ALTO,False,False,True,False,,False,False,False,False
2018-11-09,210.35,212.2,206.2,208.01,208.01,212.1192,402.7113,50.95742106620143,8.08567576886466,38594.06994426,53041.6912876295,MANTIENI STATO ATTUALE,ALTO,False,False,True,False,,False,False,False,False
2018-11-10,208.01,212.78,207.69,210.29,210.29,211.3698,400.24585,53.00705944024559,7.87169892823147,30237.75116139,52847.78571215049,MANTIENI STATO ATTUALE,ALTO,False,False,True,False,,False,False,False,False
2018-11-11,210.28,211.17,206.15,209.88,209.88,210.7532,398.2078000000001,52.58148991130231,7.668006147643507,21445.01984029,51611.0652716275,MANTIENI STATO ATTUALE,ALTO,False,False,True,False,,False,False,False,False
2018-11-12,209.72,211.22,207.0,208.77,208.77,210.0416,395.94665000000003,51.37882460670232,7.4217199942404,40880.42280294,51558.942970155,MANTIENI STATO ATTUALE,ALTO,False,False,True,False,,False,False,False,False
2018-11-13,208.77,208.77,202.76,203.2,203.2,209.5454,393.74710000000005,45.72685142109156,7.320882851794659,62704.03543844,52693.47294552401,VENDI,ALTO,False,False,True,False,,False,True,False,False
2018-11-14,203.2,204.9,165.2,177.79,177.79,208.71740000000003,391.22605000000004,29.68421718818118,9.633676933809328,336823.61672987,66036.50702808451,VENDI,ALTO,False,False,True,False,,False,True,False,False
2018-11-15,177.76,181.0,165.33,178.89,178.89,208.0122,388.68295,30.815794021827386,10.064842867108661,236756.41840392,75468.90990037499,VENDI,ALTO,False,False,True,False,,False,True,False,False
2018-11-16,178.89,179.76,169.22,172.4,172.4,206.8802,386.19589999999994,27.957145545516042,10.098782662315184,120624.58161092,80416.3794907365,VENDI,ALTO,False,False,True,False,,False,True,False,False
2018-11-17,172.4,174.41,170.34,172.49,172.49,205.9166,383.70459999999997,28.056814419460466,9.66815532929267,59323.10686193,82314.8240405805,VENDI,ALTO,False,False,True,False,,False,True,False,False
2018-11-18,172.49,180.21,172.15,175.87,175.87,204.81380000000001,381.15885,31.868985394418246,9.553287091486052,68496.26937723,81803.40467708149,VENDI,ALTO,False,False,True,False,,False,True,False,False
2018-11-19,175.9,175.92,142.0,145.21,145.21,203.0726,378.00735000000003,20.99912380648334,11.293766584951333,437034.79384885,100773.89117918149,VENDI,ALTO,False,False,True,False,,False,True,False,False
2018-11-20,145.22,149.5,121.5,127.55,127.55,201.0156,374.73005000000006,17.332124631649194,12.487068971740523,769531.16269751,136423.068854608,VENDI,ALTO,False,False,True,False,,False,True,False,False
2018-11-21,127.56,138.48,122.65,134.73,134.73,199.2132,371.3437,23.203872358267006,12.725849759473341,349956.46745766,152133.75103631,VENDI,ALTO,False,False,True,False,,False,True,False,False
2018-11-22,134.75,136.71,122.54,123.25,123.25,197.298,368.03855000000004,20.675252410261862,12.829003348082388,146571.74543072,157180.212410579,VENDI,ALTO,False,False,True,False,,False,True,False,False
2018-11-23,123.3,125.15,116.24,121.44,121.44,195.3068,364.88365,20.299646058577608,12.549074537505076,270783.54268914,169353.7903716945,VENDI,ALTO,False,False,True,False,,False,True,False,False
2018-11-24,121.44,125.89,106.15,110.16,110.16,192.97220000000002,361.69950000000006,18.093565023489134,13.062712070540428,216618.50007219,175188.79243330398,VENDI,ALTO,False,False,True,False,,False,True,False,False
2018-11-25,110.22,118.83,98.2,114.3,114.3,190.78119999999998,358.52099999999996,21.466916325158408,13.603232636930398,456787.11594616,195161.873641041,VENDI,ALTO,False,False,True,False,,False,True,False,False
2018-11-26,114.29,116.88,102.26,106.95,106.95,188.4238,355.4382,19.899924744542247,13.675858877149656,323797.00414135,205731.232687432,VENDI,ALTO,False,False,True,False,,False,True,False,False
2018-11-27,106.84,111.6,99.26,108.7,108.7,186.0442,352.59145000000007,21.37159947808722,13.58044038592468,260914.59485603,215290.16142243598,VENDI,ALTO,False,False,True,False,,False,True,False,False
2018-11-28,108.74,126.46,108.74,121.94,121.94,183.96,349.77785000000006,31.60946725352352,13.878980358358632,336446.6517417,229216.34355262498,VENDI,ALTO,False,False,True,False,,False,True,False,False
2018-11-29,121.95,123.05,113.0,116.38,116.38,181.81539999999998,346.71329999999995,29.85166459024707,13.605481761333017,208250.88102992,237699.18410690798,VENDI,ALTO,False,False,True,False,,False,True,False,False
2018-11-30,116.38,119.0,109.24,111.65,111.65,180.282,343.63705000000004,28.40452157399183,13.330804492666374,132379.95197781,242806.294147729,VENDI,ALTO,False,False,True,False,,False,True,False,False
2018-12-01,111.7,119.77,110.0,116.82,116.82,178.7364,340.69075,32.269451112152296,13.076461314618776,123338.64180085,247900.97524575703,VENDI,ALTO,False,False,True,False,,False,True,False,False
2018-12-02,116.82,119.45,114.05,114.76,114.76,177.09720000000002,337.7273,31.538878163650608,12.528142649288863,76262.88012718,249670.098111969,VENDI,ALTO,False,False,True,False,,False,True,False,False
2018-12-03,114.76,115.12,104.74,107.21,107.21,175.40399999999997,334.92055,28.951786639704082,12.374703888625374,141150.72465588,253592.432572841,VENDI,ALTO,False,False,True,False,,False,True,False,False
2018-12-04,107.21,112.0,104.78,108.61,108.61,173.4856,331.9911,30.096846231397905,12.006510753723562,114117.39538312,242457.12150550348,VENDI,ALTO,False,False,True,False,,False,True,False,False
2018-12-05,108.61,109.37,99.5,100.76,100.76,171.3922,329.01509999999996,27.42759775334936,11.853902842743308,181819.43919535,239710.272545075,VENDI,ALTO,False,False,True,False,,False,True,False,False
2018-12-06,100.75,102.85,88.92,89.09,89.09,169.10980000000004,325.89054999999996,24.01739777075133,12.002195496833071,347693.32282974,251063.709606016,VENDI,ALTO,False,False,True,False,,False,True,False,False
2018-12-07,89.1,97.16,81.02,92.45,92.45,166.9748,322.86895,26.83793061898386,12.297752961344994,561764.88745187,276185.798635513,VENDI,ALTO,False,False,True,False,,False,True,False,False
2018-12-08,92.46,97.52,84.0,89.99,89.99,164.7746,320.1164,26.074766505764586,12.385056321248923,252970.51521697,285409.5109275,VENDI,ALTO,False,False,True,False,,False,True,False,False
2018-12-09,89.99,98.3,88.15,92.79,92.79,162.57659999999998,317.69435,28.564709127265886,12.225409441159714,190909.13208633,273103.22783937404,VENDI,ALTO,False,False,True,False,,False,True,False,False
2018-12-10,92.8,94.62,87.3,89.23,89.23,160.31879999999998,315.12730000000005,27.30542916976259,11.87502305250545,138872.09717663,241570.27456333,VENDI,ALTO,False,False,True,False,,False,True,False,False
2018-12-11,89.23,91.21,85.15,86.96,86.96,158.033,312.642,26.503105162106962,11.459664263040773,128274.4301784,230486.17269936702,VENDI,ALTO,False,False,True,False,,False,True,False,False
2018-12-12,86.96,91.0,86.06,89.09,89.09,155.7924,310.1625,28.62244630771241,10.993973958537861,117430.49906082,229029.110380872,VENDI,ALTO,False,False,True,False,,False,True,False,False
2018-12-13,89.02,90.25,83.48,85.35,85.35,153.4858,307.7355,27.142459774219006,10.692261532928015,146120.43656492,222795.955074661,VENDI,ALTO,False,False,True,False,,False,True,False,False
2018-12-14,85.35,85.98,80.6,83.0,83.0,151.1528,305.59385,26.224876661536484,10.312814280576015,158096.10199817,219869.83517095997,VENDI,ALTO,False,False,True,False,,False,True,False,False
2018-12-15,83.0,84.29,80.89,83.03,83.03,148.7994,303.1757,26.259148896843826,9.819041831963444,111703.11480954,202615.635114129,VENDI,ALTO,False,False,True,False,,False,True,False,False
2018-12-16,82.92,86.82,82.82,83.74,83.74,146.445,300.80830000000003,27.1220291612957,9.403395986823199,95638.40836968,191207.7053255455,VENDI,ALTO,False,False,True,False,,False,True,False,False
2018-12-17,83.74,96.74,83.51,93.79,93.79,144.2722,298.39175,38.15385551712927,9.676724844907255,266398.71355486,191481.91126048702,VENDI,ALTO,False,False,True,False,,False,True,False,False
2018-12-18,93.8,101.5,91.55,101.0,101.0,142.406,296.0023,44.629506397612474,9.696244498842452,200102.85759057,184664.72155293048,VENDI,ALTO,False,False,True,False,,False,True,False,False
2018-12-19,101.0,107.88,98.16,99.34,99.34,140.4858,293.5467,43.50018031166195,9.697941320353705,358540.81469224,192179.2182360465,VENDI,ALTO,False,False,True,False,,False,True,False,False
2018-12-20,99.39,119.0,98.5,114.52,114.52,138.8372,291.02615000000003,54.77114806385752,10.46951694032844,336677.57243746,202394.099259029,VENDI,ALTO,False,False,True,False,,False,True,False,False
2018-12-21,114.52,120.0,105.3,107.74,107.74,137.0328,288.60735,49.97583656544351,10.771694301733552,250746.79953019,208764.507145496,VENDI,ALTO,False,False,True,False,,False,True,False,False
2018-12-22,107.74,116.3,105.5,116.09,116.09,135.3596,286.14979999999997,55.18029385901503,10.773716137324012,122011.29825044,211051.928051659,VENDI,ALTO,False,False,True,False,,False,True,False,False
2018-12-23,116.1,133.0,116.01,129.61,129.61,133.9848,283.76695,62.06265487048358,11.217736413229439,332666.35600676,220627.70961920303,VENDI,ALTO,False,False,True,False,,False,True,False,False
2018-12-24,129.61,159.51,129.53,139.09,139.09,132.5654,281.4446,66.00455408459902,12.557898097998763,618285.82327341,245836.1310137175,MANTIENI STATO ATTUALE,ALTO,False,False,True,False,,False,False,False,False
2018-12-25,139.02,140.26,122.15,128.82,128.82,130.97119999999998,279.09575,58.86835041307407,12.954476805284564,369771.52426131,255233.7352670155,MANTIENI STATO ATTUALE,ALTO,False,False,True,False,,False,False,False,False
2018-12-26,128.83,136.72,123.54,130.47,130.47,129.2076,276.78105,59.62364885342493,12.970585604907095,208096.40093351,248253.88917220398,MANTIENI STATO ATTUALE,ALTO,False,False,True,False,,False,False,False,False
2018-12-27,130.47,131.78,112.26,114.63,114.63,127.1634,274.72794999999996,50.11044806706005,13.438400918842301,283102.63676172,234320.77663769652,VENDI,ALTO,False,False,True,False,,False,True,False,False
2018-12-28,114.53,138.58,113.31,136.82,136.82,125.693,272.75365,59.789528278644056,14.283515138924994,332662.38220525,238305.36998711052,MANTIENI STATO ATTUALE,ALTO,False,False,True,False,,False,False,False,False
2018-12-29,136.81,147.3,131.72,134.15,134.15,124.2158,270.95369999999997,58.32328806003329,14.376121200430353,261566.1373545,241838.220250519,MANTIENI STATO ATTUALE,ALTO,False,False,True,False,,False,False,False,False
2018-12-30,134.36,140.64,128.3,138.78,138.78,122.78560000000002,269.2675,60.14836250927277,14.230683971828183,214924.88535576,245640.8596594755,MANTIENI STATO ATTUALE,ALTO,False,False,True,False,,False,False,False,False
2018-12-31,138.83,138.9,128.5,130.53,130.53,121.1986,267.3214,55.4857805629912,13.957063688126171,171863.09302169,247820.29280164,MANTIENI STATO ATTUALE,ALTO,False,False,True,False,,False,False,False,False
2019-01-01,130.66,140.9,129.55,139.75,139.75,119.81819999999999,265.5829,59.28439502432036,13.770844853260016,157652.41008451,249831.38835282452,MANTIENI STATO ATTUALE,ALTO,False,False,True,False,,False,False,False,False
2019-01-02,139.76,156.69,138.75,153.5,153.5,118.8242,263.86384999999996,64.19193423112836,14.068641649455728,238326.55103927,254441.694076542,MANTIENI STATO ATTUALE,ALTO,False,False,True,False,,False,False,False,False
2019-01-03,153.5,154.44,144.49,147.23,147.23,118.213,262.1175,60.60470793593222,13.77445296020889,197122.58599257,256393.018276262,MANTIENI STATO ATTUALE,ALTO,False,False,True,False,,False,False,False,False
2019-01-04,147.23,155.51,145.14,153.24,153.24,117.7,260.29634999999996,62.75331759009257,13.5312777487654,220512.57070221,261833.4910708955,MANTIENI STATO ATTUALE,ALTO,False,False,True,False,,False,False,False,False
2019-01-05,153.24,160.62,152.5,154.21,154.21,117.3362,258.37489999999997,63.10308967406193,13.144757909567872,213686.16276661,267735.87879074196,MANTIENI STATO ATTUALE,ALTO,False,False,True,False,,False,False,False,False
2019-01-06,154.21,159.58,148.5,155.92,155.92,117.00480000000002,256.4745,63.749371800461326,12.997275201741596,173438.86219927,263087.88622296246,MANTIENI STATO ATTUALE,ALTO,False,False,True,False,,False,False,False,False
2019-01-07,155.91,157.15,148.59,150.62,150.62,116.49980000000001,254.60014999999999,60.22812909978168,12.68032697304577,145179.87148568,260341.736917718,MANTIENI STATO ATTUALE,ALTO,False,False,True,False,,False,False,False,False
2019-01-08,150.57,152.9,146.71,148.97,148.97,116.575,253.03494999999998,59.1330559469957,12.216732189256787,123724.63399899,248600.92788305553,MANTIENI STATO ATTUALE,ALTO,False,False,True,False,,False,False,False,False
2019-01-09,149.1,152.88,148.36,149.5,149.5,117.014,251.4066,59.388484570792386,11.666965604309873,94953.11101914,236514.7048121395,MANTIENI STATO ATTUALE,ALTO,False,False,True,False,,False,False,False,False
2019-01-10,149.49,150.9,122.15,126.41,126.41,116.8476,249.76469999999998,45.92207904330749,12.887182346859168,346632.61968851,241308.99582005554,MANTIENI STATO ATTUALE,ALTO,False,False,True,False,,False,False,False,False
2019-01-11,126.42,128.84,121.74,125.83,125.83,116.89920000000001,248.1018,45.64211391522037,12.473812179226371,161522.39856758,243284.5508359125,MANTIENI STATO ATTUALE,ALTO,False,False,True,False,,False,False,False,False
2019-01-12,125.83,127.28,123.4,124.59,124.59,116.9622,246.57935,45.01032368026625,11.859968452138775,88962.93998702,231099.38003492547,MANTIENI STATO ATTUALE,ALTO,False,False,True,False,,False,False,False,False
2019-01-13,124.57,125.21,113.5,115.58,115.58,117.07060000000001,244.95019999999997,40.611432153164515,11.84925641984315,145212.54789435,207445.7162659725,MANTIENI STATO ATTUALE,ALTO,False,False,True,False,,False,False,False,False
2019-01-14,115.61,132.38,115.34,128.37,128.37,117.352,243.49204999999998,48.33097867972718,12.220023818425782,203574.72632038,199135.87636892596,MANTIENI STATO ATTUALE,ALTO,False,False,True,False,,False,False,False,False
2019-01-15,128.36,130.61,116.91,120.0,120.0,117.61300000000001,241.91905,44.275073234529586,12.325736402823942,201834.22366877,198822.767505689,MANTIENI STATO ATTUALE,ALTO,False,False,True,False,,False,False,False,False
2019-01-16,120.01,127.6,119.0,122.12,122.12,117.88140000000001,240.26319999999998,45.52210533843784,12.059612374050804,148908.69096552,192113.07021587898,MANTIENI STATO ATTUALE,ALTO,False,False,True,False,,False,False,False,False
2019-01-17,122.19,123.83,117.12,122.55,122.55,117.8936,238.61879999999996,45.78710663100141,11.677497204475747,117990.75819607,181379.48901542,MANTIENI STATO ATTUALE,ALTO,False,False,True,False,,False,False,False,False
2019-01-18,122.53,122.88,118.18,119.53,119.53,117.9566,236.83474999999999,44.162296939156825,11.179104547013194,65948.75483108,171598.619889249,MANTIENI STATO ATTUALE,ALTO,False,False,True,False,,False,False,False,False
2019-01-19,119.54,126.3,119.54,123.17,123.17,118.18700000000001,235.14185,46.621015024190505,10.864168507940823,90928.9630829,165398.823775606,MANTIENI STATO ATTUALE,ALTO,False,False,True,False,,False,False,False,False
2019-01-20,123.2,123.7,115.51,117.43,117.43,118.19919999999998,233.3945,43.377326361029304,10.673156471659334,96855.28662478,161648.4334557605,MANTIENI STATO ATTUALE,ALTO,False,False,True,False,,False,False,False,False
2019-01-21,117.44,118.02,113.68,115.86,115.86,118.22120000000001,231.63755,42.506198020831555,10.220788152255095,84283.26849933,157979.9763765015,MANTIENI STATO ATTUALE,ALTO,False,False,True,False,,False,False,False,False
2019-01-22,115.86,119.5,110.37,118.08,118.08,118.43860000000001,229.88145,44.212265076815854,10.142874712808302,124950.90769255,152311.1942091655,MANTIENI STATO ATTUALE,ALTO,False,False,True,False,,False,False,False,False
2019-01-23,118.08,118.9,115.02,116.55,116.55,118.5974,228.0418,43.259513151037204,9.695526519036282,61060.32189658,145508.081004366,MANTIENI STATO ATTUALE,ALTO,False,False,True,False,,False,False,False,False
2019-01-24,116.56,117.11,113.62,116.4,116.4,118.9102,226.1934,43.16131208096128,9.252274624819403,59367.65707181,137450.83532284602,VENDI,ALTO,False,False,True,False,,False,True,False,False
2019-01-25,116.4,117.09,114.04,114.95,114.95,119.42739999999999,224.41015,42.164881823660686,8.809255008760875,77821.19091979,130657.58673050499,VENDI,ALTO,False,False,True,False,,False,True,False,False
2019-01-26,114.95,117.47,114.78,115.01,115.01,119.8786,222.82225000000003,42.22431997119231,8.372165365277954,43621.34385393,124166.71081323801,VENDI,ALTO,False,False,True,False,,False,True,False,False
2019-01-27,115.01,115.45,110.3,111.35,111.35,120.3058,221.14775,39.553912092582685,8.14201069632953,70799.34308281,120447.68439309447,VENDI,ALTO,False,False,True,False,,False,True,False,False
2019-01-28,111.35,112.1,100.9,105.47,105.47,120.55939999999998,219.5178,35.65279130066902,8.360438503734564,175738.30871965,123048.36812912751,VENDI,ALTO,False,False,True,False,,False,True,False,False
2019-01-29,105.44,105.98,102.16,104.02,104.02,120.85520000000001,217.8739,34.742794101083334,8.036121467753524,77500.92418347,122175.758787344,VENDI,ALTO,False,False,True,False,,False,True,False,False
2019-01-30,104.01,109.45,102.9,107.61,107.61,121.2682,216.24129999999997,38.900872352870856,7.929969934342559,111443.14135118,110416.28487047751,VENDI,ALTO,False,False,True,False,,False,True,False,False
2019-01-31,107.61,109.97,104.83,105.79,105.79,121.6022,214.5232,37.593094778677504,7.730686367603805,85581.12191545,106619.221037871,VENDI,ALTO,False,False,True,False,,False,True,False,False
2019-02-01,105.79,107.69,103.0,105.88,105.88,122.01279999999998,212.6617,37.70462335696997,7.513494484203533,88491.11648974,106595.629863007,VENDI,ALTO,False,False,True,False,,False,True,False,False
2019-02-02,105.85,109.98,105.16,109.3,109.3,122.5388,210.71314999999998,41.95007103040273,7.321102021046139,58843.40230811,102277.172583695,VENDI,ALTO,False,False,True,False,,False,True,False,False
2019-02-03,109.3,110.0,104.52,105.94,105.94,122.99699999999999,208.8488,39.12869546918508,7.1895947338285575,65945.94324768,95395.73343006,VENDI,ALTO,False,False,True,False,,False,True,False,False
2019-02-04,105.98,107.85,105.29,106.08,106.08,123.44380000000001,207.03725000000003,39.3118449013728,6.858909395697946,45781.08750642,87593.0766219425,VENDI,ALTO,False,False,True,False,,False,True,False,False
2019-02-05,106.04,106.5,105.08,106.0,106.0,123.68800000000002,205.32620000000003,39.2391908819569,6.4704158674338075,41040.00011483,82199.642079408,VENDI,ALTO,False,False,True,False,,False,True,False,False
2019-02-06,106.02,106.31,100.15,103.36,103.36,123.7352,203.53549999999998,36.82079181419317,6.448243305474249,106516.79606559,81625.943972884,VENDI,ALTO,False,False,True,False,,False,True,False,False
2019-02-07,103.32,104.77,102.75,103.21,103.21,123.8126,201.76705,36.682454821580905,6.131940212226088,47915.93888922,80724.303175791,VENDI,ALTO,False,False,True,False,,False,True,False,False
2019-02-08,103.22,122.0,102.29,117.96,117.96,123.88140000000001,200.11185,54.70395482560817,7.10180162563851,232502.28262242,87802.96915276701,VENDI,ALTO,False,False,True,False,,False,True,False,False
2019-02-09,117.96,119.77,116.55,118.06,118.06,124.08779999999999,198.3082,54.79788783990085,6.824530080950045,67741.85203653,86347.2974233545,VENDI,ALTO,False,False,True,False,,False,True,False,False
2019-02-10,118.06,125.28,115.04,123.94,123.94,124.2448,196.57385000000002,60.04468785545135,7.068492218025042,93443.53388736,86805.310692756,MANTIENI STATO ATTUALE,ALTO,False,False,True,False,,False,False,False,False
2019-02-11,123.93,124.11,118.24,119.55,119.55,124.04360000000001,194.86450000000002,54.919236122331895,6.982885631023254,126354.21715778,86875.4761660175,VENDI,ALTO,False,False,True,False,,False,True,False,False
2019-02-12,119.57,122.35,117.0,120.82,120.82,123.6782,193.1221,56.087051105631325,6.866250943093021,104451.63662862,89045.0419026195,VENDI,ALTO,False,False,True,False,,False,True,False,False
2019-02-13,120.81,125.0,119.51,120.74,120.74,123.5166,191.3852,55.988660461652856,6.767947304300662,91230.80347702,90638.19922288,VENDI,ALTO,False,False,True,False,,False,True,False,False
2019-02-14,120.74,123.22,118.73,119.39,119.39,123.295,189.65210000000002,54.258881934281405,6.605236782564901,74312.95458156,90462.7874059685,VENDI,ALTO,False,False,True,False,,False,True,False,False
2019-02-15,119.39,123.57,119.13,120.42,120.42,123.4108,187.97189999999998,55.39127798388226,6.450577012381694,62036.48868837,91383.5446476905,VENDI,ALTO,False,False,True,False,,False,True,False,False
2019-02-16,120.42,123.6,120.42,121.56,121.56,123.1056,186.41795,56.66987538595172,6.216964368640144,37397.10303824,89713.432645462,MANTIENI STATO ATTUALE,ALTO,False,False,True,False,,False,False,False,False
2019-02-17,121.55,134.14,121.38,132.34,132.34,123.0694,184.98165,66.45978132105867,6.684324056594419,189286.81824004,90390.8581214815,MANTIENI STATO ATTUALE,ALTO,False,False,True,False,,False,False,False,False
2019-02-18,132.33,147.8,131.05,144.62,144.62,123.18619999999999,183.6512,73.73872918292307,7.403300909694818,324838.34445571,102757.7291350935,MANTIENI STATO ATTUALE,ALTO,False,False,True,False,,False,False,False,False
2019-02-19,144.58,149.47,142.46,142.69,142.69,123.4294,182.27564999999998,71.12611411909386,7.375207987573759,174940.35332438,105932.5897337535,MANTIENI STATO ATTUALE,ALTO,False,False,True,False,,False,False,False,False
2019-02-20,142.71,148.4,138.16,147.19,147.19,123.5782,180.9766,73.48502177963357,7.579835988461349,142484.55505055,108777.7613905085,MANTIENI STATO ATTUALE,ALTO,False,False,True,False,,False,False,False,False
2019-02-21,147.16,148.6,141.76,144.21,144.21,123.3924,179.6535,69.43926954688354,7.52699056071411,114594.16926271,110082.914029157,MANTIENI STATO ATTUALE,ALTO,False,False,True,False,,False,False,False,False
2019-02-22,144.19,147.5,142.26,146.68,146.68,123.38140000000001,178.36195,70.87078050181744,7.363634092091674,82908.85085031,111286.18645626698,MANTIENI STATO ATTUALE,ALTO,False,False,True,False,,False,False,False,False
2019-02-23,146.67,159.91,144.89,157.56,157.56,123.46779999999998,177.25935,76.16660397686923,7.910517371227984,169420.2257729,116459.900582528,MANTIENI STATO ATTUALE,ALTO,False,False,True,False,,False,False,False,False
2019-02-24,157.55,165.62,131.0,131.76,131.76,123.0188,176.13965,52.016413865898684,9.818337558997413,349219.94405158,131631.843409786,MANTIENI STATO ATTUALE,ALTO,False,False,True,False,,False,False,False,False
2019-02-25,131.76,141.09,130.61,137.64,137.64,122.6532,175.0079,55.48094302895271,9.865599161926168,165457.69097425,137852.72795275698,MANTIENI STATO ATTUALE,ALTO,False,False,True,False,,False,False,False,False
2019-02-26,137.63,140.63,133.03,135.66,135.66,122.354,174.03125,54.0653351666757,9.703770650360013,94611.60674136,137257.4684865455,MANTIENI STATO ATTUALE,ALTO,False,False,True,False,,False,False,False,False
2019-02-27,135.74,140.0,125.7,134.46,134.46,122.06380000000001,173.11345,53.17971825140372,10.03207274676287,149133.38447066,142318.3407656175,MANTIENI STATO ATTUALE,ALTO,False,False,True,False,,False,False,False,False
2019-02-28,134.36,139.0,131.66,134.48,134.48,121.7634,172.1951,53.193479783628774,9.839781836279808,118030.51658506,136594.7524637495,MANTIENI STATO ATTUALE,ALTO,False,False,True,False,,False,False,False,False
2019-03-01,134.48,137.53,133.52,134.72,134.72,121.9296,171.44815,53.37059609608501,9.423368847974107,90382.88879399,137726.8043016225,MANTIENI STATO ATTUALE,ALTO,False,False,True,False,,False,False,False,False
2019-03-02,134.71,135.39,128.85,132.32,132.32,122.05939999999998,170.71275000000003,51.280856553785874,9.21741393026167,73890.52108609,136749.15366155902,MANTIENI STATO ATTUALE,ALTO,False,False,True,False,,False,False,False,False
2019-03-03,132.31,134.41,127.49,129.78,129.78,122.16320000000002,169.95559999999998,49.090114184458145,9.05331293524298,56761.42680555,133269.51414394748,MANTIENI STATO ATTUALE,ALTO,False,False,True,False,,False,False,False,False
2019-03-04,129.79,130.22,122.75,125.24,125.24,122.3564,169.14844999999997,45.36004939467886,8.940219154154196,145880.92698053,135340.978661543,MANTIENI STATO ATTUALE,ALTO,False,False,True,False,,False,False,False,False
2019-03-05,125.24,137.49,124.78,136.3,136.3,122.515,168.24224999999998,54.44185711780604,9.209489214571754,126482.54436724,137103.565706054,MANTIENI STATO ATTUALE,ALTO,False,False,True,False,,False,False,False,False
2019-03-06,136.3,140.0,129.4,137.0,137.0,122.855,167.4442,54.95220130773156,9.308811413530913,132735.21160008,140024.67855697998,MANTIENI STATO ATTUALE,ALTO,False,False,True,False,,False,False,False,False
2019-03-07,137.0,139.68,134.84,136.29,136.29,123.1384,166.6255,54.28793008640561,8.989610598278706,78148.67498289,140830.287871706,MANTIENI STATO ATTUALE,ALTO,False,False,True,False,,False,False,False,False
2019-03-08,136.25,138.6,130.13,132.75,132.75,123.3424,165.93545000000003,50.97904535378604,8.952495555544512,109051.38383922,144413.001911755,MANTIENI STATO ATTUALE,ALTO,False,False,True,False,,False,False,False,False
2019-03-09,132.75,138.01,132.09,136.41,136.41,123.68,165.21004999999997,54.094393532623876,8.735888730148474,72226.47787985,138559.98489374548,MANTIENI STATO ATTUALE,ALTO,False,False,True,False,,False,False,False,False
2019-03-10,136.41,136.73,133.42,134.66,134.66,123.90979999999999,164.53099999999998,52.380300234027935,8.348325249423585,39485.26535825,124292.33093887249,MANTIENI STATO ATTUALE,ALTO,False,False,True,False,,False,False,False,False
2019-03-11,134.67,135.37,130.57,132.05,132.05,124.20219999999999,163.8119,49.84354666395047,8.094873445893331,60950.85678864,118592.85611208549,MANTIENI STATO ATTUALE,ALTO,False,False,True,False,,False,False,False,False
2019-03-12,132.05,134.3,127.19,132.8,132.8,124.541,163.06914999999998,50.58414385469343,8.024525342615236,109786.4621842,116957.95146876799,MANTIENI STATO ATTUALE,ALTO,False,False,True,False,,False,False,False,False
2019-03-13,132.81,132.94,130.2,131.16,131.16,124.8026,162.3351,48.88436475362775,7.647059246714149,46032.46797637,113529.866404451,MANTIENI STATO ATTUALE,ALTO,False,False,True,False,,False,False,False,False
2019-03-14,131.14,135.09,128.9,131.4,131.4,125.0996,161.62085000000002,49.153636049346225,7.542983586234567,50560.72963066,111912.46034346851,MANTIENI STATO ATTUALE,ALTO,False,False,True,False,,False,False,False,False
2019-03-15,131.4,136.91,131.4,135.99,135.99,125.4914,160.86085,54.13040346676209,7.397770472932097,91959.49521847,108039.423815747,MANTIENI STATO ATTUALE,ALTO,False,False,True,False,,False,False,False,False
2019-03-16,135.99,147.23,135.98,140.48,140.48,126.00200000000001,160.08630000000002,58.41797534455782,7.6729297248655195,146871.31910951,97921.9925686435,MANTIENI STATO ATTUALE,ALTO,False,False,True,False,,False,False,False,False
2019-03-17,140.49,140.56,136.3,138.07,138.07,126.4632,159.33165,55.42340131849038,7.429149030232267,50370.40578707,92167.6283092845,MANTIENI STATO ATTUALE,ALTO,False,False,True,False,,False,False,False,False
2019-03-18,138.08,141.3,135.67,137.01,137.01,126.9764,158.5941,54.10958024611356,7.300638385215678,78074.3144158,91340.7636930065,MANTIENI STATO ATTUALE,ALTO,False,False,True,False,,False,False,False,False
2019-03-19,137.01,138.65,136.32,138.15,138.15,127.63,157.87515000000002,55.33584938112936,6.945592786271702,51002.41575666,86434.2152573065,MANTIENI STATO ATTUALE,ALTO,False,False,True,False,,False,False,False,False
2019-03-20,138.15,139.33,135.4,138.73,138.73,128.3242,157.0956,55.98034245180447,6.73019330153801,54900.47763403,83277.713309755,MANTIENI STATO ATTUALE,ALTO,False,False,True,False,,False,False,False,False
2019-03-21,138.72,139.14,132.21,134.41,134.41,128.8602,156.29235,50.173092969400166,6.744465208571008,87061.37800034,83111.6377700725,MANTIENI STATO ATTUALE,ALTO,False,False,True,False,,False,False,False,False
2019-03-22,134.47,136.93,134.1,135.63,135.63,129.457,155.5275,51.69703854865077,6.464860550815938,43537.77573634,81594.000502585,MANTIENI STATO ATTUALE,ALTO,False,False,True,False,,False,False,False,False
2019-03-23,135.67,137.5,135.18,136.52,136.52,130.0698,154.78294999999997,52.83043604726462,6.168799082900513,31767.16377086,80344.2873508505,MANTIENI STATO ATTUALE,ALTO,False,False,True,False,,False,False,False,False
2019-03-24,136.52,136.52,133.22,135.37,135.37,130.59120000000001,154.322,51.159993700484996,5.963884862693335,47018.65729994,75401.17386682099,MANTIENI STATO ATTUALE,ALTO,False,False,True,False,,False,False,False,False
2019-03-25,135.36,136.12,130.64,133.01,133.01,131.1326,153.84189999999998,47.81848961601705,5.92932165821524,54980.7929363,71826.086295274,MANTIENI STATO ATTUALE,ALTO,False,False,True,False,,False,False,False,False
2019-03-26,133.01,133.8,131.38,133.28,133.28,131.6766,153.43225,48.23505551156492,5.678655825485582,35935.77654048,66986.11454229399,MANTIENI STATO ATTUALE,ALTO,False,False,True,False,,False,False,False,False
2019-03-27,133.26,139.71,133.01,139.08,139.08,132.3382,153.14265,56.30464199513452,5.751608980808042,95849.8485137,67871.17321883449,ACQUISTA,ALTO,False,True,True,True,breakout_protected,True,False,False,False
2019-03-28,139.08,139.08,136.7,137.46,137.46,133.02020000000002,152.85039999999998,53.78272917942533,5.510779767893184,42440.12631835,64540.610342791,MANTIENI STATO ATTUALE,ALTO,False,False,True,False,,True,False,False,False
2019-03-29,137.43,143.09,136.88,142.83,142.83,133.8126,152.57985,60.15385437905727,5.560724070186529,69918.16695945,64425.194796771,MANTIENI STATO ATTUALE,ALTO,False,False,True,False,,True,False,False,False
2019-03-30,142.83,145.48,140.12,142.12,142.12,134.29579999999999,152.3647,58.99587131106282,5.546386636601776,70292.40607708,65965.5518327125,MANTIENI STATO ATTUALE,ALTO,False,False,True,False,,True,False,False,False
2019-03-31,142.12,142.27,140.21,141.2,141.2,134.7586,152.15675,57.45252969539911,5.297359019701649,34441.10928232,64640.06445739649,MANTIENI STATO ATTUALE,ALTO,False,False,True,False,,True,False,False,False
2019-04-01,141.23,143.0,138.81,141.0,141.0,135.0998,151.8048,57.102806248107534,5.218261946865818,60125.58056027,62157.020376199995,MANTIENI STATO ATTUALE,ALTO,False,False,True,False,,True,False,False,False
2019-04-02,140.91,167.5,140.71,164.69,164.69,136.00259999999997,151.57825,75.85282418230905,6.759100379232544,377851.4887581,78747.97141528649,MANTIENI STATO ATTUALE,ALTO,False,False,True,False,,True,False,False,False
2019-04-03,164.55,180.1,150.52,161.33,161.33,136.8128,151.27645,71.10564335183746,8.38916463785879,508272.16678562,101633.54327303449,MANTIENI STATO ATTUALE,ALTO,False,False,True,False,,True,False,False,False
2019-04-04,161.05,164.84,153.5,157.65,157.65,137.55100000000002,150.96375,66.21764578530113,8.599938592297448,167376.33672998,105404.38534861,MANTIENI STATO ATTUALE,MEDIO,False,False,True,False,,True,False,False,False
2019-04-05,157.69,169.2,155.5,166.08,166.08,138.4848,150.8143,71.11598552909543,8.96422869284763,138429.58476632,104982.29863145048,MANTIENI STATO ATTUALE,ALTO,False,False,True,False,,True,False,False,False
2019-04-06,166.07,173.19,160.48,165.79,165.79,139.3922,150.60075,70.73601084416329,9.231783786215656,121006.88089457,108514.1223868255,MANTIENI STATO ATTUALE,ALTO,False,False,True,False,,True,False,False,False
2019-04-07,165.7,177.17,164.27,174.84,174.84,140.45780000000002,150.4259,75.19087219285302,9.493799230057393,133596.30513451,111290.22192276099,MANTIENI STATO ATTUALE,ALTO,False,False,True,False,,True,False,False,False
2019-04-08,174.91,187.62,173.95,180.74,180.74,141.4258,150.20755,77.58639591873866,9.792099285053295,262579.62465928,121869.082367892,MANTIENI STATO ATTUALE,ALTO,False,False,True,False,,True,False,False,False
2019-04-09,180.74,180.83,174.34,175.83,175.83,142.05,149.8479,71.40702737065962,9.556235050406633,110942.00252594,124671.15861248749,MANTIENI STATO ATTUALE,ALTO,False,False,True,False,,True,False,False,False
2019-04-10,175.78,185.62,169.52,177.55,177.55,142.7472,149.5321,72.24107863408915,10.023646832520445,234412.23707184,132038.7015660625,MANTIENI STATO ATTUALE,ALTO,False,False,True,False,,True,False,False,False
2019-04-11,177.64,177.9,160.56,164.92,164.92,143.1018,149.13495,58.700560803489,10.546243487340414,183632.89673191,139043.457615841,VENDI,MEDIO,False,False,True,False,,False,False,True,True
2019-04-12,164.92,168.87,159.27,164.27,164.27,143.50300000000001,148.81625,58.09702968172558,10.478654666816098,122195.27831273,143564.8633429345,MANTIENI STATO ATTUALE,MEDIO,False,False,True,False,,False,False,False,False
2019-04-13,164.24,166.45,161.08,163.75,163.75,143.8444,148.53904999999997,57.58692887773622,10.113750762043518,45742.98420894,143501.0796883845,MANTIENI STATO ATTUALE,MEDIO,False,False,True,False,,False,False,False,False
2019-04-14,163.76,169.25,161.83,168.27,168.27,144.0586,148.30965,60.80812998561528,9.921339993326123,42758.2169932,142889.9508912295,MANTIENI STATO ATTUALE,MEDIO,False,False,True,False,,False,False,False,False
2019-04-15,168.32,169.76,156.0,160.24,160.24,144.6282,147.96585000000002,53.093404342097806,10.195529993802829,110835.43191846,146634.9336601285,MANTIENI STATO ATTUALE,MEDIO,False,False,True,False,,False,False,False,False
2019-04-16,160.03,168.6,159.46,166.38,166.38,145.203,147.69439999999997,57.530266006211825,10.120134994245484,83300.80229979,146007.48134943302,MANTIENI STATO ATTUALE,MEDIO,False,False,True,False,,False,False,False,False
2019-04-17,166.38,168.73,164.55,166.54,166.54,145.82059999999998,147.37205,57.64270229805188,9.695839637513663,57218.56651837,146746.403359434,MANTIENI STATO ATTUALE,MEDIO,False,False,True,False,,False,False,False,False
2019-04-18,166.53,176.17,166.01,174.15,174.15,146.61440000000002,147.08145000000002,62.70068343188087,9.72899394911983,122931.05509079,149397.047766001,MANTIENI STATO ATTUALE,MEDIO,False,False,True,False,,False,False,False,False
2019-04-19,174.15,174.84,169.14,173.83,173.83,147.40140000000002,146.7986,62.36345117762453,9.441208667039845,88665.991039,150315.72701409698,MANTIENI STATO ATTUALE,MEDIO,False,False,True,False,,False,False,False,False
2019-04-20,173.83,177.84,170.87,173.73,173.73,148.1816,146.543,62.25077391412665,9.264693762251285,65288.39101341,151858.09110065148,MANTIENI STATO ATTUALE,MEDIO,False,False,True,False,,False,False,False,False
2019-04-21,173.74,174.45,166.33,169.9,169.9,148.93320000000003,146.29745,57.93340960793998,9.182929922090478,72244.11862119,152464.01800369748,MANTIENI STATO ATTUALE,BASSO,False,False,True,False,,False,False,False,False
2019-04-22,169.89,173.65,168.21,171.58,171.58,149.7692,146.05035,59.267871683600276,8.915577784798302,79232.67046925,137533.077089255,MANTIENI STATO ATTUALE,BASSO,False,False,True,False,,False,False,False,False
2019-04-23,171.59,176.94,169.01,170.14,170.14,150.66719999999998,145.7666,57.58173957732981,8.845179371598425,128517.81262502,118545.359381225,ACQUISTA,BASSO,True,False,True,False,standard,True,False,False,False
2019-04-24,170.21,171.08,160.3,165.75,165.75,151.25619999999998,145.4761,52.66288871250535,8.983380845055681,135785.58300153,116965.8216948025,MANTIENI STATO ATTUALE,BASSO,False,False,True,False,,True,False,False,False
2019-04-25,165.54,166.34,146.0,152.05,152.05,151.5572,145.11225000000002,40.91621182501848,9.794567927551704,160352.9439292,118061.9896529465,VENDI,BASSO,False,False,True,False,,False,False,True,True
2019-04-26,152.07,156.0,148.26,153.41,153.41,151.8996,144.7409,42.29230269945369,9.647813075583727,138423.24332632,118932.80777453401,MANTIENI STATO ATTUALE,BASSO,False,False,True,False,,False,False,False,False
2019-04-27,153.42,159.0,152.54,155.66,155.66,152.3578,144.38845,44.59153674063959,9.420112141613462,60998.93058193,115302.939046905,MANTIENI STATO ATTUALE,BASSO,False,False,True,False,,False,False,False,False
2019-04-28,155.73,156.45,152.16,153.19,153.19,152.6934,144.03635,42.58562606147725,9.053675560069642,50413.79060096,104694.647343989,MANTIENI STATO ATTUALE,BASSO,False,False,True,False,,False,False,False,False
2019-04-29,153.17,154.69,148.81,152.36,152.36,153.0474,143.85655,41.90348357138532,8.826984448636097,67927.03934099,102543.8991847415,MANTIENI STATO ATTUALE,BASSO,False,False,True,False,,False,False,False,False
2019-04-30,152.4,161.2,152.32,160.4,160.4,153.61440000000002,143.68805,50.22144646084723,8.830771273733518,98019.06623203,95724.24064275101,MANTIENI STATO ATTUALE,BASSO,False,False,True,False,,False,False,False,False
2019-05-01,160.39,163.25,156.59,158.3,158.3,154.12439999999998,143.49595,48.27717601916395,8.675716182752552,68430.60820603,89964.126216457,MANTIENI STATO ATTUALE,BASSO,False,False,True,False,,False,False,False,False
2019-05-02,158.31,160.57,155.91,158.7,158.7,154.67520000000002,143.33010000000002,48.68468746845965,8.388879312555941,57673.51245969,86738.03792380501,MANTIENI STATO ATTUALE,BASSO,False,False,True,False,,False,False,False,False
2019-05-03,158.7,169.26,157.61,164.74,164.74,155.342,143.13115,54.51256795305852,8.621816504516229,119958.52315646,90448.814871181,ACQUISTA,BASSO,True,False,True,False,standard,True,False,False,False
2019-05-04,164.73,168.71,158.0,161.85,161.85,155.85920000000002,142.91325,51.498822649844975,8.770972468479355,121207.98149473,94371.3030962575,MANTIENI STATO ATTUALE,BASSO,True,False,True,False,,True,False,False,False
2019-05-05,161.93,163.4,157.28,161.25,161.25,156.27460000000002,142.70345,50.8700263762286,8.581617292159402,76173.12414933,92638.187707801,MANTIENI STATO ATTUALE,BASSO,False,False,True,False,,True,False,False,False
2019-05-06,161.26,175.97,157.78,171.07,171.07,156.93460000000002,142.5628,59.57071522840959,9.267930342719445,143496.62724211,95647.978954917,MANTIENI STATO ATTUALE,BASSO,True,False,True,False,,True,False,False,False
2019-05-07,171.08,180.69,165.2,166.51,166.51,157.52460000000002,142.39535,54.72425141126438,9.712363889668056,206913.20117177,103132.71068758701,MANTIENI STATO ATTUALE,BASSO,True,False,True,False,,True,False,False,False
2019-05-08,166.5,172.03,162.0,169.58,169.58,158.15320000000003,142.22979999999998,57.24613896214689,9.735052183263194,124621.32917553,103217.224391824,MANTIENI STATO ATTUALE,BASSO,True,False,True,False,,True,False,False,False
2019-05-09,169.61,173.33,165.25,170.11,170.11,158.7808,142.06975,57.68434995946555,9.616834170172968,108442.46096158,104206.047887953,MANTIENI STATO ATTUALE,BASSO,True,False,True,False,,True,False,False,False
2019-05-10,170.11,176.32,167.49,172.21,172.21,159.5368,141.92455,59.45750421934771,9.560631729446328,187668.29578342,110325.0431264535,MANTIENI STATO ATTUALE,MEDIO,True,False,True,False,,True,False,False,False
2019-05-11,172.23,207.0,172.19,192.52,192.52,160.6746,141.88155,71.77563863721221,11.364158034485877,458103.16155206,129617.995272997,MANTIENI STATO ATTUALE,ALTO,False,False,True,False,,True,False,False,False
2019-05-12,192.59,204.19,182.39,188.23,188.23,161.7088,141.8193,67.13562209965707,12.109575317736887,324858.65370109,141899.29443458898,MANTIENI STATO ATTUALE,MEDIO,False,False,True,False,,True,False,False,False
2019-05-13,188.23,209.85,185.62,196.51,196.51,162.9316,141.8036,71.02850308220039,12.975319937898538,347273.92922569,152837.1002646225,MANTIENI STATO ATTUALE,ALTO,False,False,True,False,,True,False,False,False
2019-05-14,196.38,221.0,195.17,217.44,217.44,164.6202,141.8873,78.09264273197442,13.893511370905786,449154.94366757,168505.56829792453,MANTIENI STATO ATTUALE,ALTO,False,False,True,False,,True,False,False,False
2019-05-15,217.66,250.79,216.84,249.0,249.0,166.9346,142.125,84.30649312199533,15.326117701555372,537189.049239,187347.3735634145,MANTIENI STATO ATTUALE,ALTO,False,False,True,False,,True,False,False,False
2019-05-16,249.0,281.77,242.19,264.39,264.39,169.44079999999997,142.4348,86.34106871612752,17.05853786572999,817730.92021458,221312.75740782748,MANTIENI STATO ATTUALE,ALTO,False,False,True,False,,True,False,False,False
2019-05-17,264.31,269.23,222.88,244.59,244.59,171.5834,142.6862,73.19370151067454,19.150785161034992,586719.23064754,247598.77241110796,MANTIENI STATO ATTUALE,ALTO,False,False,True,False,,True,False,False,False
2019-05-18,244.47,249.24,231.4,234.03,234.03,173.40740000000002,142.87959999999998,67.30708721643907,19.057157649532492,166530.75233775,253404.62049794747,MANTIENI STATO ATTUALE,ALTO,False,False,True,False,,True,False,True,False
2019-05-19,234.0,264.77,232.44,261.09,261.09,175.7868,143.2003,73.24512944336097,20.005217817423027,271401.01834159,263578.3194479775,MANTIENI STATO ATTUALE,ALTO,False,False,True,False,,True,False,False,False
2019-05-20,260.44,260.83,239.0,252.22,252.22,178.00719999999998,143.4716,68.83186726874462,20.15413083046424,255384.8649075,271446.609381751,MANTIENI STATO ATTUALE,ALTO,False,False,True,False,,True,False,False,False
2019-05-21,252.42,264.2,247.84,254.74,254.74,180.28199999999998,143.74654999999998,69.39605035233059,19.88312148543108,241217.96171467,280085.977057183,MANTIENI STATO ATTUALE,ALTO,False,False,True,False,,True,False,False,False
2019-05-22,254.64,261.62,240.04,243.32,243.32,181.85460000000003,143.9714,63.76318316325209,20.004327093614574,224807.14020856,288442.6584446265,MANTIENI STATO ATTUALE,ALTO,False,False,True,False,,True,False,False,False
2019-05-23,243.37,248.7,231.12,245.64,245.64,183.54080000000002,144.1493,64.39545918438611,19.8311608726421,173213.80426885,291105.422500246,MANTIENI STATO ATTUALE,ALTO,False,False,True,False,,True,False,False,False
2019-05-24,245.8,256.06,242.4,249.83,249.83,185.3844,144.3558,65.56409422227615,19.390363667453382,164082.25365936,293249.1361084775,MANTIENI STATO ATTUALE,ALTO,False,False,True,False,,True,False,False,False
2019-05-25,249.82,258.89,248.43,251.55,251.55,187.0938,144.5203,66.05661859372728,18.752480548349567,69549.67352134,292917.963577078,MANTIENI STATO ATTUALE,ALTO,False,False,True,False,,True,False,False,False
2019-05-26,251.55,271.19,245.66,268.37,268.37,189.1454,144.77795,70.50006104479877,19.236589080610315,160477.67495655,293767.01596279995,MANTIENI STATO ATTUALE,ALTO,False,False,True,False,,True,False,False,False
2019-05-27,268.23,279.55,262.0,271.24,271.24,191.0734,145.08245,71.1930126205491,19.116118431995293,221001.51087716,294471.4314480695,MANTIENI STATO ATTUALE,ALTO,False,False,True,False,,True,False,False,False
2019-05-28,271.53,276.5,265.45,271.15,271.15,192.8816,145.39815000000002,71.13658132050455,18.5399671154242,113649.4720459,293922.838591588,MANTIENI STATO ATTUALE,ALTO,False,False,True,False,,True,False,False,False
2019-05-29,271.15,274.25,260.2,269.39,269.39,194.75279999999998,145.69365,69.96858726779888,18.21925517860819,146998.82045879,295850.6565664485,MANTIENI STATO ATTUALE,ALTO,False,False,True,False,,True,False,False,False
2019-05-30,269.39,288.77,235.44,254.62,254.62,196.2942,145.91735,60.92762962505321,20.72716552299332,409842.88900647,306959.38622760103,MANTIENI STATO ATTUALE,ALTO,True,False,True,False,,True,False,False,False
2019-05-31,254.7,268.55,245.05,267.74,267.74,198.3506,146.21220000000002,65.22600147912485,20.925225128493796,189923.24442757,293550.39037137653,MANTIENI STATO ATTUALE,ALTO,False,False,True,False,,True,False,False,False
2019-06-01,267.68,274.99,261.3,264.78,264.78,200.3608,146.5201,63.52798513756263,20.408423333601384,122918.63094281,283453.38923346245,MANTIENI STATO ATTUALE,ALTO,False,False,True,False,,True,False,False,False
2019-06-02,264.72,274.75,264.11,269.23,269.23,202.4704,146.97729999999999,65.00302774739569,19.710678809772713,59571.35658779,269068.26060156745,MANTIENI STATO ATTUALE,ALTO,False,False,True,False,,True,False,False,False
2019-06-03,269.24,270.3,246.6,249.55,249.55,204.09599999999998,147.3306,54.504529675940496,19.995630323360377,156011.2024819,254411.073542284,MANTIENI STATO ATTUALE,ALTO,False,False,True,False,,True,False,False,False
2019-06-04,249.4,250.99,233.0,240.93,240.93,205.7098,147.67325,50.646134169435605,19.852371014548922,237867.29020342,239444.98559050504,MANTIENI STATO ATTUALE,ALTO,False,False,True,False,,True,False,True,False
2019-06-05,240.95,249.0,237.55,246.32,246.32,207.30859999999996,148.0424,52.89175907817309,19.252201656366857,140417.13083672,205579.29612161202,MANTIENI STATO ATTUALE,ALTO,False,False,True,False,,True,False,True,False
2019-06-06,246.28,251.29,235.32,249.4,249.4,208.96580000000003,148.41005,54.17487626372075,19.01775868091208,127820.31105012,182634.350141741,MANTIENI STATO ATTUALE,ALTO,False,False,True,False,,True,False,True,False
2019-06-07,249.54,254.4,244.84,249.49,249.49,210.47260000000003,148.93145,54.214120643532894,18.34220448941836,120802.14284974,180347.9196673405,MANTIENI STATO ATTUALE,ALTO,False,False,True,False,,True,False,True,False
2019-06-08,249.47,251.17,241.52,244.3,244.3,211.882,149.5152,51.47638568336865,17.72133274017419,53536.02546265,169454.67002339353,MANTIENI STATO ATTUALE,ALTO,False,False,True,False,,True,False,True,False
2019-06-09,244.3,244.97,226.56,231.3,231.3,213.0334,149.99805,45.30496113167079,17.770523258733178,127013.25075945,163036.08931599098,MANTIENI STATO ATTUALE,ALTO,False,False,True,False,,True,False,True,False
2019-06-10,231.36,248.16,227.52,247.84,247.84,214.59220000000002,150.621,53.021970238549784,17.97548588310938,124592.5254577,157204.81750314252,MANTIENI STATO ATTUALE,ALTO,False,False,True,False,,True,False,True,False
2019-06-11,247.75,249.38,237.33,245.11,245.11,216.06279999999998,151.23935,51.72475703044004,17.55223689145871,105193.94701042,151224.1578432355,MANTIENI STATO ATTUALE,ALTO,False,False,True,False,,True,False,True,False
2019-06-12,245.16,263.81,243.01,262.92,262.92,217.9184,152.00315,58.80552590955521,17.784219970640233,163750.61979963,150750.99861977453,MANTIENI STATO ATTUALE,ALTO,True,False,True,False,,True,False,False,False
2019-06-13,262.89,264.75,254.2,255.4,255.4,219.7114,152.70865,55.128706037929206,17.267489972737362,132862.50737434,149190.0113055235,MANTIENI STATO ATTUALE,ALTO,False,False,True,False,,True,False,False,False
2019-06-14,255.29,266.21,252.42,263.8,263.8,221.94639999999998,153.49290000000002,58.26758024735327,17.01909783182755,130707.86632348,152247.9209456305,MANTIENI STATO ATTUALE,ALTO,False,False,True,False,,True,False,False,False
2019-06-15,263.83,273.3,261.57,269.29,269.29,224.26399999999998,154.29585,60.225899212374564,16.641305129554155,104725.00632798,149460.287514202,MANTIENI STATO ATTUALE,ALTO,False,False,True,False,,True,False,False,False
2019-06-16,269.26,278.83,263.02,268.33,268.33,226.51739999999998,155.02779999999998,59.69835868900887,16.58192619172886,129767.84976422,144898.604458555,MANTIENI STATO ATTUALE,ALTO,False,False,True,False,,True,False,False,False
2019-06-17,268.35,275.93,267.69,273.97,273.97,228.93300000000002,155.81575,61.814587273303935,15.986074320891086,110046.64920659,144718.4633165895,MANTIENI STATO ATTUALE,ALTO,False,False,True,False,,True,False,False,False
2019-06-18,273.9,274.24,261.0,264.37,264.37,231.1732,156.57935,56.387127351571905,15.789926155113154,123601.20044052,143548.58231567597,MANTIENI STATO ATTUALE,ALTO,False,False,True,False,,True,False,False,False
2019-06-19,264.27,270.07,263.36,268.79,268.79,233.341,157.3392,58.20661422480312,15.141360001176498,91888.67661292,127650.8716959985,MANTIENI STATO ATTUALE,ALTO,False,False,True,False,,True,False,False,False
2019-06-20,268.88,274.84,266.51,272.0,272.0,235.615,158.1254,59.52719504065531,14.654834286806746,79241.93844686,122116.80639696299,MANTIENI STATO ATTUALE,ALTO,False,False,True,False,,True,False,False,False
2019-06-21,272.0,299.0,272.0,296.25,296.25,238.366,159.07059999999998,67.80381837068583,15.536631837749123,266126.47729855,129277.19871475,MANTIENI STATO ATTUALE,ALTO,False,False,True,False,,True,False,False,False
2019-06-22,296.79,315.54,293.46,308.49,308.49,241.241,160.07,71.02468279219357,16.004015277909904,290407.69396188,140819.0155834545,MANTIENI STATO ATTUALE,ALTO,False,False,True,False,,True,False,False,False
2019-06-23,308.5,318.0,304.6,306.98,306.98,244.1436,161.1011,70.09309555808677,15.818014186630624,166054.97568955,141321.204243837,MANTIENI STATO ATTUALE,ALTO,False,False,True,False,,True,False,False,False
2019-06-24,306.85,313.1,295.68,311.0,311.0,247.1386,162.21065000000002,71.17699086141224,15.932441744728438,160200.27089955,137437.8532786435,MANTIENI STATO ATTUALE,ALTO,False,False,True,False,,True,False,False,False
2019-06-25,311.0,317.4,306.0,316.59,316.59,250.049,163.33135000000001,72.66078078304996,15.608695905819262,136811.07252438,137257.5503630265,MANTIENI STATO ATTUALE,ALTO,False,False,True,False,,True,False,False,False
2019-06-26,316.59,364.49,308.0,334.86,334.86,253.41600000000003,164.5557,76.85459595800421,18.5287890554036,554774.40893851,158605.25525744603,MANTIENI STATO ATTUALE,ALTO,False,False,True,False,,True,False,False,False
2019-06-27,334.81,343.82,273.5,293.47,293.47,255.8938,165.5591,55.924653167093894,22.228161265731913,502689.16596106,177699.606413012,MANTIENI STATO ATTUALE,ALTO,True,False,True,False,,True,False,False,False
2019-06-28,293.47,312.9,289.66,309.37,309.37,258.67900000000003,166.6598,60.387544784699365,22.300435461036773,208306.57785915,185438.134032837,MANTIENI STATO ATTUALE,ALTO,True,False,True,False,,True,False,False,False
2019-06-29,309.38,324.5,291.25,317.0,317.0,261.5748,167.81,62.357305198068495,23.08254721381986,184051.58650003,188290.050819866,MANTIENI STATO ATTUALE,ALTO,False,False,True,False,,True,False,False,False
2019-06-30,317.04,323.61,286.0,290.07,290.07,263.5258,168.81490000000002,52.444854743029936,24.120222412832728,164606.3739219,190290.743243076,MANTIENI STATO ATTUALE,ALTO,False,False,True,False,,True,False,True,False
2019-07-01,290.08,301.32,278.65,293.7,293.7,265.63519999999994,169.85665,53.517456563526224,24.01663509763039,184839.74588246,194273.03318667802,MANTIENI STATO ATTUALE,ALTO,False,False,True,False,,True,False,True,False
2019-07-02,293.72,296.24,270.42,291.25,291.25,267.53,170.89790000000002,52.65424245725895,24.14544687637108,221624.50052172,197166.7272227825,MANTIENI STATO ATTUALE,ALTO,False,False,True,False,,True,False,True,False
2019-07-03,291.25,303.83,289.61,301.79,301.79,269.217,171.99169999999998,55.94628057311758,23.436486385201714,105705.70508639,195808.887108385,MANTIENI STATO ATTUALE,ALTO,False,False,True,False,,True,False,True,False
2019-07-04,301.77,304.0,280.1,282.8,282.8,269.893,172.987,49.29566895239841,23.46959450054445,100227.78726344,194284.883155383,MANTIENI STATO ATTUALE,ALTO,False,False,True,False,,True,False,True,False
2019-07-05,282.81,294.9,280.0,288.0,288.0,270.3652,173.95805000000001,51.01292455795355,22.857480607648416,106439.56862999,194370.6112704835,MANTIENI STATO ATTUALE,ALTO,False,False,True,False,,True,False,True,False
2019-07-06,287.83,298.25,285.31,287.57,287.57,271.2248,174.8909,50.859529270743614,22.149089135673528,67042.77052392,191234.3573084685,MANTIENI STATO ATTUALE,ALTO,False,False,True,False,,True,False,True,False
2019-07-07,287.58,310.7,283.87,306.34,306.34,272.671,175.9259,56.94551210448727,22.48343991169685,124381.70907471,191951.11030187452,MANTIENI STATO ATTUALE,ALTO,False,False,True,False,,True,False,True,False
2019-07-08,306.33,315.0,302.24,313.24,313.24,273.714,176.91949999999997,58.95780631496081,21.788908489432785,107535.39042955,191147.819801326,MANTIENI STATO ATTUALE,ALTO,False,False,True,False,,True,False,False,False
2019-07-09,313.23,318.6,302.78,307.92,307.92,274.82800000000003,177.9204,56.75525344464143,21.362557883044733,127696.99944532,192938.235942946,MANTIENI STATO ATTUALE,ALTO,False,False,True,False,,True,False,True,False
2019-07-10,307.95,314.98,281.3,288.64,288.64,275.50600000000003,178.78315000000003,49.53318847117049,22.24237517711297,188864.02455619,198419.3402484125,MANTIENI STATO ATTUALE,ALTO,False,False,True,False,,True,False,True,False
2019-07-11,288.68,288.68,261.57,268.68,268.68,276.0132,179.47850000000003,43.37897197262795,22.590062664462042,220929.69769032,196159.50126800098,VENDI,ALTO,False,False,True,False,,False,True,False,False
2019-07-12,268.88,279.3,266.37,275.55,275.55,276.6114,180.1608,45.87173764004783,21.90005818842904,87768.42959196,186027.538049505,MANTIENI STATO ATTUALE,ALTO,False,False,True,False,,False,False,False,False
2019-07-13,275.62,276.34,261.79,269.04,269.04,276.9956,180.8619,43.899443631978265,21.375054032112676,82315.42742837,181840.56063644603,VENDI,ALTO,False,False,True,False,,False,True,False,False
2019-07-14,268.99,270.02,222.7,225.76,225.76,276.4798,181.33835,33.56651073837935,23.228264458390342,233603.44513134,185510.71934803552,VENDI,MEDIO,False,False,True,False,,False,True,False,False
2019-07-15,225.96,235.87,203.0,228.28,228.28,275.678,181.9066,34.53275434740773,23.916959854219606,396067.77282556,198473.5543630945,VENDI,MEDIO,False,False,True,False,,False,True,False,False
2019-07-16,228.2,234.58,190.11,198.89,198.89,274.231,182.21695,29.19881029341842,25.385034150346776,405991.73776733,191034.4208045355,VENDI,BASSO,False,False,True,False,,False,True,False,False
2019-07-17,198.92,221.0,192.04,211.4,211.4,273.036,182.6032,33.880364886211595,25.640388853893434,264597.39633053,179129.832323009,VENDI,BASSO,False,False,True,False,,False,True,False,False
2019-07-18,211.55,229.99,206.2,226.31,226.31,272.1744,183.04084999999998,39.0529455835308,25.508218221472475,227395.84250302,180084.2955552025,VENDI,MEDIO,False,False,True,False,,False,True,False,False
2019-07-19,226.29,226.78,213.15,221.21,221.21,271.5062,183.49425,37.95906589261124,24.659774062795872,118256.35139233,176794.5337998175,VENDI,MEDIO,False,False,True,False,,False,True,False,False
2019-07-20,221.3,236.58,219.98,228.89,228.89,270.7292,183.93995000000004,40.65480020519797,24.08407591545331,108052.81733306,173966.8559703755,VENDI,MEDIO,False,False,True,False,,False,True,False,False
2019-07-21,228.84,229.85,217.04,225.64,225.64,269.9464,184.30065000000002,39.86539202574888,23.278784778635217,91169.56939364,169283.3471459345,VENDI,MEDIO,False,False,True,False,,False,True,False,False
2019-07-22,225.7,228.28,211.45,217.13,217.13,268.9044,184.65015,37.79589273819982,22.818157294446987,110967.22826496,163750.4835330965,VENDI,BASSO,False,False,True,False,,False,True,False,False
2019-07-23,217.13,219.11,208.43,211.93,211.93,268.152,184.9436,36.54740507371397,21.951146059129346,120650.93848248,164497.74520290102,VENDI,BASSO,False,False,True,False,,False,True,False,False
2019-07-24,211.96,218.14,200.5,216.59,216.59,267.6652,185.25549999999998,38.507727233489824,21.64320705490582,162160.41709381,167594.3766944195,VENDI,BASSO,False,False,True,False,,False,True,False,False
2019-07-25,216.55,226.22,215.19,219.28,219.28,267.12440000000004,185.57230000000004,39.66647211574967,20.88512083669826,104748.44286272,167509.820406056,VENDI,BASSO,False,False,True,False,,False,True,False,False
2019-07-26,219.29,222.12,212.69,219.35,219.35,266.5234,185.91595,39.698316082912186,20.06689791979124,75266.41662311,167921.0027110155,VENDI,BASSO,False,False,True,False,,False,True,False,False
2019-07-27,219.42,224.14,202.46,207.11,207.11,265.6758,186.20665,36.10944903473482,20.18211949694901,130620.90261067,168232.9623878135,VENDI,BASSO,False,False,True,False,,False,True,False,False
2019-07-28,207.11,213.98,197.0,211.5,211.5,265.0198,186.51665,38.26512578636141,19.953396675738368,81987.96383481,166955.5910580765,VENDI,BASSO,False,False,True,False,,False,True,False,False
2019-07-29,211.5,215.31,205.7,210.73,210.73,264.6084,186.93825,38.02279869294037,19.21458262747134,93192.25144299,165230.35365796002,VENDI,BASSO,False,False,True,False,,False,True,False,False
2019-07-30,210.7,214.56,204.0,209.83,209.83,263.8482,187.35825,37.72210026290787,18.596398154080532,55786.22007482,158576.4634338915,VENDI,BASSO,False,False,True,False,,False,True,False,False
2019-07-31,209.8,218.92,209.53,218.7,218.7,263.32,187.82879999999997,42.544717955213265,17.938798285931924,65562.00210273,150808.078654512,VENDI,BASSO,False,False,True,False,,False,True,False,False
2019-08-01,218.68,219.3,211.0,217.55,217.55,262.4126,188.33865000000003,42.08964290867898,17.250312694079646,63542.11348322,149596.76284907502,VENDI,BASSO,False,False,True,False,,False,True,False,False
2019-08-02,217.53,222.77,214.82,217.8,217.8,261.6606,188.78580000000002,42.234298184944855,16.58600464450253,76956.2426997,149328.8036126415,VENDI,BASSO,False,False,True,False,,False,True,False,False
2019-08-03,217.86,224.81,215.5,222.14,222.14,260.82739999999995,189.2965,44.81157144818995,16.066290027038065,72439.25920706,141270.5943164275,VENDI,BASSO,False,False,True,False,,False,True,False,False
2019-08-04,222.15,224.04,217.37,222.81,222.81,259.8978,189.79995,45.21791997430499,15.395126453678202,42059.8553061,123570.19844045451,VENDI,BASSO,False,False,True,False,,False,True,False,False
2019-08-05,222.87,236.9,222.82,233.0,233.0,259.19120000000004,190.3522,51.113465256878655,15.301903135558332,122200.24027698,109380.623565937,VENDI,MEDIO,True,False,True,False,,False,True,False,False
2019-08-06,232.91,239.45,222.05,225.81,225.81,258.228,190.8836,47.24959165686876,15.451767197304164,116406.49371703,101971.078435262,VENDI,BASSO,True,False,True,False,,False,True,False,False
2019-08-07,225.82,231.22,220.0,225.8,225.8,257.4566,191.39675,47.244242414597096,15.149498111782439,90294.83853933,95116.0282370775,VENDI,BASSO,False,False,True,False,,False,True,False,False
2019-08-08,225.96,226.48,213.7,220.81,220.81,256.497,191.91365,44.5348057721894,14.980248246655123,102248.08047428,94315.614691175,VENDI,BASSO,True,False,True,False,,False,True,False,False
2019-08-09,220.83,221.3,206.5,210.3,210.3,255.263,192.38585,39.408475330302046,14.967373371894045,86725.7821728,93249.262933162,VENDI,BASSO,False,False,True,False,,False,True,False,False
2019-08-10,210.3,214.68,200.38,206.1,206.1,253.46,192.82595,37.54840328393876,14.919703845330186,78386.70942215,92610.1199345875,VENDI,BASSO,False,False,True,False,,False,True,False,False
2019-08-11,206.11,216.58,205.63,216.06,216.06,251.6114,193.3235,44.266568058593904,14.636153570663746,53920.19155512,89757.7680990955,VENDI,BASSO,False,False,True,False,,False,True,False,False
2019-08-12,216.21,216.47,209.51,211.26,211.26,249.697,193.7978,41.92581703511994,14.087856887044909,63007.74590222,86875.60847008249,VENDI,BASSO,False,False,True,False,,False,True,False,False
2019-08-13,211.28,211.28,202.8,208.58,208.58,247.64860000000002,194.26595,40.6338668680174,13.687295680827415,84753.26760416,83005.2509956,VENDI,BASSO,False,False,True,False,,False,True,False,False
2019-08-14,208.49,209.13,181.6,186.3,186.3,245.0428,194.62239999999997,31.847574258218557,14.676060275054027,179928.54755359,86764.25623014351,VENDI,MEDIO,False,False,True,False,,False,True,False,False
2019-08-15,186.3,191.47,171.0,188.2,188.2,242.1096,195.00665,33.174608468555704,15.089913112550168,175478.78465505,91774.8746317405,VENDI,MEDIO,False,False,True,False,,False,True,False,False
2019-08-16,188.2,188.21,178.47,185.26,185.26,239.9454,195.40560000000002,32.132009943509885,14.707776461653728,68769.95687118,88682.32734476599,VENDI,MEDIO,False,False,True,False,,False,True,False,False
2019-08-17,185.25,186.9,181.57,185.59,185.59,237.4698,195.81345000000002,32.388860698881615,14.03793528582132,38299.77489852,86497.9178979515,VENDI,MEDIO,False,False,True,False,,False,True,False,False
2019-08-18,185.59,198.17,183.31,194.74,194.74,235.0246,196.2491,39.25365956156474,14.096654193976939,66730.98135188,85174.854393396,VENDI,MEDIO,False,False,True,False,,False,True,False,False
2019-08-19,194.74,203.91,193.0,202.32,202.32,233.2696,196.73175,44.29915844604606,13.869036037264301,66346.48442619,85702.86761096449,VENDI,BASSO,False,False,True,False,,False,True,False,False
2019-08-20,202.32,202.81,194.52,196.56,196.56,231.32679999999996,197.18515000000002,41.4797494545006,13.470533463173995,62215.84391136,85535.55970139599,VENDI,MEDIO,False,False,True,False,,False,True,False,False
2019-08-21,196.56,197.17,180.0,187.37,187.37,229.24920000000003,197.5755,37.3908565997338,13.73478107294728,105456.79961362,87631.294007916,VENDI,MEDIO,False,False,True,False,,False,True,False,False
2019-08-22,187.29,195.11,182.53,190.41,190.41,227.0216,197.99785,39.51488761228515,13.652296710593903,77023.06777788,87634.63526182501,VENDI,MEDIO,False,False,True,False,,False,True,False,False
2019-08-23,190.42,196.66,188.56,194.59,194.59,225.25740000000002,198.44039999999998,42.408046486919545,13.255704088408624,85533.19472661,88289.3320378025,VENDI,MEDIO,False,False,True,False,,False,True,False,False
2019-08-24,194.55,194.59,186.02,190.89,190.89,223.3152,198.86484999999996,40.558701398567635,12.921010939236579,43117.71933613,88342.225239304,VENDI,MEDIO,False,False,True,False,,False,True,False,False
2019-08-25,190.9,192.76,182.04,186.59,186.59,221.29559999999998,199.28100000000003,38.459634599081156,12.763795872148252,42924.71730806,84378.44909085799,VENDI,MEDIO,False,False,True,False,,False,True,False,False
2019-08-26,186.6,194.28,185.51,188.3,188.3,218.9348,199.70644999999996,39.794058790341786,12.47852473842338,69639.14164157,82040.081487085,VENDI,MEDIO,False,False,True,False,,False,True,False,False
2019-08-27,188.26,189.0,184.33,186.94,186.94,216.40879999999999,200.05134999999999,39.06847466434864,11.920772971393138,42651.99630144,79657.9393751905,VENDI,MEDIO,False,False,True,False,,False,True,False,False
2019-08-28,186.95,187.92,165.9,172.79,172.79,213.7062,200.325,32.440773083059824,12.642146330579342,115048.02313062,80297.9365080075,VENDI,MEDIO,False,False,True,False,,False,True,False,False
2019-08-29,172.81,173.51,163.57,168.82,168.82,211.3098,200.5494,30.859024570931126,12.449135878395102,94511.90637422,80687.2427180785,VENDI,MEDIO,False,False,True,False,,False,True,False,False
2019-08-30,168.92,170.43,165.3,168.4,168.4,209.30419999999998,200.79365,30.688547474561034,11.926340458509738,60991.56306126,79817.48540003398,VENDI,MEDIO,False,False,True,False,,False,True,False,False
2019-08-31,168.45,175.0,165.5,171.93,171.93,207.2318,201.0492,33.9892661086397,11.753030425759043,38474.87409743,79045.2195271495,VENDI,MEDIO,False,False,True,False,,False,True,False,False
2019-09-01,171.89,173.98,168.03,171.29,171.29,205.2768,201.30195,33.6761425129731,11.338528252490539,41984.88292842,77994.07637845949,VENDI,MEDIO,False,False,True,False,,False,True,False,False
2019-09-02,171.31,181.78,170.54,178.8,178.8,204.33759999999998,201.599,40.592250347971664,11.331490520169789,60890.77326734,76800.9516616185,VENDI,MEDIO,False,False,True,False,,False,True,False,False
2019-09-03,178.81,183.15,174.2,178.96,178.96,203.35120000000003,201.8917,40.73404569815731,11.161384054443378,76512.19739815,71630.13415384649,VENDI,MEDIO,False,False,True,False,,False,True,False,False
2019-09-04,179.09,180.33,173.29,174.82,174.82,202.8698,202.158,38.19379410628334,10.866999479125994,58944.58363482,65803.424102835,VENDI,MEDIO,False,False,True,False,,False,True,False,False
2019-09-05,174.83,175.82,168.82,174.0,174.0,202.1218,202.36629999999997,37.69240917487471,10.590785230616994,54459.52734815,65087.902626683506,VENDI,ALTO,False,False,True,False,,False,True,False,False
2019-09-06,174.01,178.45,164.99,169.2,169.2,200.9796,202.4892,34.81159977658446,10.795729142715778,79408.28186347,67143.32797493099,VENDI,ALTO,False,False,True,False,,False,True,False,False
2019-09-07,169.25,181.07,168.38,178.08,178.08,200.11700000000002,202.66615000000002,43.4261528796933,10.931034203950366,59067.8275201,66760.170283342,VENDI,ALTO,False,False,True,False,,False,True,False,False
2019-09-08,178.08,184.73,176.01,181.56,181.56,199.1704,202.838,46.414693153273,10.773103189382484,74954.60693096,67190.5764085805,VENDI,ALTO,False,False,True,False,,False,True,False,False
2019-09-09,181.56,186.0,176.11,180.63,180.63,198.27020000000002,203.02009999999999,45.719613874024574,10.710024390140878,65713.85192782,67365.4768094035,VENDI,ALTO,False,False,True,False,,False,True,False,False
2019-09-10,180.64,184.55,176.6,179.64,179.64,197.52039999999997,203.18489999999997,44.94795435310624,10.512879790845103,46977.59300526,64441.51647898549,VENDI,ALTO,False,False,True,False,,False,True,False,False
2019-09-11,179.65,182.49,173.7,178.3,178.3,196.84780000000003,203.2886,43.86867960710499,10.389816948641883,59154.85755616,63548.10596789949,VENDI,ALTO,False,False,True,False,,False,True,False,False
2019-09-12,178.31,182.66,176.46,181.09,181.09,196.13780000000003,203.53525,46.736399272565365,10.090544309453175,32447.47898189,60893.820180663504,VENDI,ALTO,False,False,True,False,,False,True,False,False
2019-09-13,181.05,181.85,177.57,181.65,181.65,195.3852,203.75529999999998,47.31818183249314,9.67550543020652,51330.3237735,61304.450402532006,VENDI,ALTO,False,False,True,False,,False,True,False,False
2019-09-14,181.65,189.32,180.4,188.85,188.85,194.7752,204.02125,54.23896395638654,9.621540756620341,59593.5066095,62137.889867604,VENDI,ALTO,False,False,True,False,,False,True,False,False
2019-09-15,188.88,190.99,186.3,189.3,189.3,194.419,204.29545,54.64004463535617,9.269287845433173,69949.05939013,62153.385755031995,VENDI,ALTO,False,False,True,False,,False,True,False,False
2019-09-16,189.31,199.55,188.23,197.59,197.59,194.1408,204.61100000000002,61.359121175133595,9.41576728504509,112064.05199504,65623.98853971201,MANTIENI STATO ATTUALE,ALTO,False,False,True,False,,False,False,False,False
2019-09-17,197.59,215.0,195.67,207.95,207.95,194.08520000000001,204.97715,67.78194730514444,10.123926764684729,180307.35677094,68886.955221728,MANTIENI STATO ATTUALE,MEDIO,False,False,True,False,,False,False,False,False
2019-09-18,207.95,217.49,207.5,210.27,210.27,194.09399999999997,205.3669,69.02366292628876,10.11436056720725,111866.08222226,69754.66401413,MANTIENI STATO ATTUALE,MEDIO,False,False,True,False,,False,False,False,False
2019-09-19,210.28,224.71,200.98,220.8,220.8,194.13600000000002,205.822,73.9341047728131,11.086906240978163,167317.15562892,75070.94364251301,MANTIENI STATO ATTUALE,ALTO,False,False,True,False,,False,False,False,False
2019-09-20,220.85,222.38,212.0,218.06,218.06,194.1462,206.2861,70.78949888221231,11.036412938051152,91581.94212672,77726.29704397751,MANTIENI STATO ATTUALE,ALTO,False,False,True,False,,False,False,False,False
2019-09-21,218.02,221.61,213.35,214.8,214.8,194.0862,206.67860000000002,67.13105339933593,10.838097728190357,65798.83554123,78916.994674618,MANTIENI STATO ATTUALE,MEDIO,False,False,True,False,,False,False,False,False
2019-09-22,214.87,215.45,206.02,211.1,211.1,193.86540000000002,207.0491,63.142474783233546,10.7375193190339,64814.29444826,79113.170733664,MANTIENI STATO ATTUALE,MEDIO,False,False,True,False,,False,False,False,False
2019-09-23,211.17,211.6,198.18,200.8,200.8,193.42520000000002,207.37165000000002,53.595921127128626,10.92912508196005,92704.99923469,79922.810825491,MANTIENI STATO ATTUALE,ALTO,False,False,True,False,,False,False,False,False
2019-09-24,201.06,202.72,157.75,166.26,166.26,192.09040000000002,207.5392,34.66741698272919,13.360616147534332,405426.94795946,97246.929041723,VENDI,ALTO,False,False,True,False,,False,True,False,False
2019-09-25,166.26,175.25,162.25,170.0,170.0,190.97420000000002,207.70715,37.2515879747292,13.33485785128188,183524.37413052,103700.1713808415,VENDI,ALTO,False,False,True,False,,False,True,False,False
2019-09-26,170.0,171.0,152.11,165.85,165.85,189.7752,207.8631,35.57030732915288,13.73165371904746,188006.849955,109130.09978541799,VENDI,ALTO,False,False,True,False,,False,True,False,False
2019-09-27,165.85,177.24,161.19,174.44,174.44,188.84779999999998,208.07504999999998,41.45981835230261,13.897249881972643,109649.43559361,111659.1801890935,VENDI,ALTO,False,False,True,False,,False,True,False,False
2019-09-28,174.36,176.0,168.21,173.9,173.9,188.1198,208.28055,41.20482635725109,13.461017747546025,75406.27245908,111681.7634654995,VENDI,ALTO,False,False,True,False,,False,True,False,False
2019-09-29,173.9,175.26,164.34,169.38,169.38,187.3854,208.47164999999998,39.040400212281114,13.279516479864165,72173.97481869,112004.76961004299,VENDI,ALTO,False,False,True,False,,False,True,False,False
2019-09-30,169.39,181.85,165.2,181.17,181.17,186.68760000000003,208.72050000000002,46.87872456063123,13.520265302731012,126949.56757796,116003.36833867799,VENDI,ALTO,False,False,True,False,,False,True,False,False
2019-10-01,181.22,185.89,173.85,176.15,176.15,185.9854,208.9213,44.26865520327776,13.414532066821653,97883.38773094,117939.794847417,VENDI,ALTO,False,False,True,False,,False,True,False,False
2019-10-02,176.14,181.66,174.15,180.82,180.82,185.4302,209.12300000000002,47.21307976660345,12.992779776334393,73478.77608148,119991.35970239651,VENDI,ALTO,False,False,True,False,,False,True,False,False
2019-10-03,180.9,181.26,169.59,175.05,175.05,185.20519999999996,209.30790000000002,44.1120778105542,12.898295506596222,70968.26833233,120973.25693033802,VENDI,ALTO,False,False,True,False,,False,True,False,False
2019-10-04,175.11,179.69,170.77,175.97,175.97,184.9606,209.5027,44.73535863085239,12.614131541839349,52275.84820737,120607.3740102315,VENDI,ALTO,False,False,True,False,,False,True,False,False
2019-10-05,175.97,177.05,172.27,176.73,176.73,184.79,209.6956,45.27827882592434,12.054550717422252,32009.68689295,118710.4053853725,VENDI,ALTO,False,False,True,False,,False,True,False,False
2019-10-06,176.72,177.12,167.5,170.18,170.18,184.4818,209.85285000000005,41.494772860176674,11.880654237606379,57631.70410292,115988.7879907665,VENDI,ALTO,False,False,True,False,,False,True,False,False
2019-10-07,170.18,182.5,168.61,180.26,180.26,184.1922,210.0821,48.61141443230697,12.024178934920208,90340.80934495,111490.460619467,VENDI,ALTO,False,False,True,False,,False,True,False,False
2019-10-08,180.29,185.3,177.42,180.72,180.72,183.7602,210.30755000000002,48.91679440287143,11.728166153854481,67362.24343145,109265.26867992649,MANTIENI STATO ATTUALE,ALTO,False,False,True,False,,False,False,False,False
2019-10-09,180.73,196.09,179.2,193.26,193.26,183.69420000000002,210.59125,56.504977963640215,12.096868571436305,147160.11182224,108257.41648959249,MANTIENI STATO ATTUALE,ALTO,False,False,True,False,,False,False,False,False
2019-10-10,193.26,194.85,187.29,191.79,191.79,183.78259999999997,210.87335000000002,55.46486119594109,11.772806530619427,86674.1411952,108012.02644301651,MANTIENI STATO ATTUALE,ALTO,False,False,True,False,,False,False,False,False
2019-10-11,191.86,197.93,179.23,180.84,180.84,183.5912,211.1125,48.32845205769095,12.267606064146612,121748.84380072,110809.52685599099,MANTIENI STATO ATTUALE,ALTO,False,False,True,False,,False,False,False,False
2019-10-12,180.94,184.87,177.27,179.86,179.86,183.2966,211.3454,47.73646972139298,11.934205630993283,57840.90237742,110460.857252449,MANTIENI STATO ATTUALE,ALTO,False,False,True,False,,False,False,False,False
2019-10-13,179.76,184.75,178.63,181.18,181.18,183.10240000000002,211.5559,48.648876188042905,11.518905228779477,51204.16843879,108385.81571265399,MANTIENI STATO ATTUALE,ALTO,False,False,True,False,,False,False,False,False
2019-10-14,181.12,187.91,180.52,186.85,186.85,183.10760000000002,211.80285,52.48599349565919,11.2239834267238,60870.08017908,91157.972323635,MANTIENI STATO ATTUALE,ALTO,False,False,True,False,,False,False,False,False
2019-10-15,186.86,188.58,176.48,180.58,180.58,182.9532,211.9916,48.19710058623656,11.286556039100674,119904.59634039,87976.9834341285,MANTIENI STATO ATTUALE,ALTO,False,False,True,False,,False,False,False,False
2019-10-16,180.56,181.2,171.7,174.5,174.5,182.70440000000002,212.15349999999998,44.407617480068275,11.158944893450625,83244.34068561,82738.85797065901,VENDI,ALTO,False,False,True,False,,False,True,False,False
2019-10-17,174.55,179.71,172.79,177.31,177.31,182.7948,212.33405,46.50120205728235,10.85616311534701,67073.57692863,80610.06503741,VENDI,ALTO,False,False,True,False,,False,True,False,False
2019-10-18,177.31,177.49,168.34,172.96,172.96,182.87760000000003,212.49384999999998,43.75417853425858,10.734294321393653,80245.09602392,80852.006215652,VENDI,ALTO,False,False,True,False,,False,True,False,False
2019-10-19,172.96,175.5,169.72,172.09,172.09,182.9514,212.53085,43.20445865094024,10.380416155579821,47766.30788022,79631.6228687285,VENDI,ALTO,False,False,True,False,,False,True,False,False
2019-10-20,172.05,176.8,169.11,175.49,175.49,183.0226,212.60165,46.05680915157294,10.188243573038406,43323.2493949,75450.3069595755,VENDI,ALTO,False,False,True,False,,False,True,False,False
2019-10-21,175.49,178.0,171.45,174.37,174.37,183.08419999999998,212.68525000000002,45.25061996170206,9.928369032107092,69165.37852042,74014.4064990495,VENDI,ALTO,False,False,True,False,,False,True,False,False
2019-10-22,174.36,175.4,170.47,171.3,171.3,182.93420000000003,212.71134999999998,43.02734727844551,9.571342672670871,41854.53917383,72433.19465366701,VENDI,ALTO,False,False,True,False,,False,True,False,False
2019-10-23,171.26,174.05,153.0,162.49,162.49,182.60479999999998,212.69485,37.355268240552775,10.391246767480096,204251.4778462,79097.3551293605,VENDI,ALTO,False,False,True,False,,False,True,False,False
2019-10-24,162.42,164.0,158.9,160.67,160.67,182.3218,212.62400000000002,36.29093881745979,10.013300569802947,56468.22413448,79306.973925716,VENDI,ALTO,False,False,True,False,,False,True,False,False
2019-10-25,160.67,187.74,160.57,181.66,181.66,182.475,212.62859999999998,52.94317506288778,11.23877910053131,158620.93268548,85637.5362153425,MANTIENI STATO ATTUALE,ALTO,False,False,True,False,,False,False,False,False
2019-10-26,181.66,199.5,173.86,180.03,180.03,182.6916,212.64960000000002,51.810643807662814,12.267437736207645,241944.54485677,94853.178253035,MANTIENI STATO ATTUALE,ALTO,False,False,True,False,,False,False,False,False
2019-10-27,180.02,189.18,176.84,184.41,184.41,182.8182,212.6839,54.61981170366659,12.272620755049957,85150.97041769,94593.686306672,MANTIENI STATO ATTUALE,ALTO,False,False,True,False,,False,False,False,False
2019-10-28,184.32,190.0,181.0,182.02,182.02,182.82739999999998,212.76940000000002,52.8107338844199,12.038862129689246,83795.56183726,95415.3522269625,MANTIENI STATO ATTUALE,ALTO,False,False,True,False,,False,False,False,False
2019-10-29,182.03,193.41,181.72,191.1,191.1,183.0368,212.90355,58.442322812524424,12.013943406140013,67590.05967617,91436.849619659,MANTIENI STATO ATTUALE,ALTO,False,False,True,False,,False,False,False,False
2019-10-30,191.03,192.2,180.05,183.38,183.38,183.1116,213.00169999999997,52.68535538532452,12.023661734272869,74614.13014363,90833.8490670805,MANTIENI STATO ATTUALE,ALTO,False,False,True,False,,False,False,False,False
2019-10-31,183.4,185.47,177.81,182.38,182.38,183.1932,213.07225000000003,51.97119397276556,11.711971610396235,63173.80698137,87905.097226113,MANTIENI STATO ATTUALE,ALTO,False,False,True,False,,False,False,False,False
2019-11-01,182.38,184.99,177.39,183.19,183.19,183.2352,213.187,52.53246528592969,11.418259352510791,61313.90214742,88078.74721461299,MANTIENI STATO ATTUALE,ALTO,False,False,True,False,,False,False,False,False
2019-11-02,183.26,186.19,181.91,183.25,183.25,183.2672,213.27134999999998,52.57667462010892,10.908383684474307,29643.79000242,87000.7282927945,MANTIENI STATO ATTUALE,ALTO,False,False,True,False,,False,False,False,False
2019-11-03,183.26,185.0,179.11,181.73,181.73,183.1248,213.3473,51.273837449554094,10.549927707011856,23415.99177531,85128.023872606,MANTIENI STATO ATTUALE,ALTO,False,False,True,False,,False,False,False,False
2019-11-04,181.73,189.5,180.45,186.25,186.25,183.06380000000001,213.40780000000004,54.85623923284939,10.442790013653868,52941.33587948,81779.8608495605,MANTIENI STATO ATTUALE,ALTO,False,False,True,False,,False,False,False,False
2019-11-05,186.26,192.47,181.76,188.88,188.88,182.8896,213.48305,56.84439885928921,10.461876441250022,71159.65174538,81175.62640254901,MANTIENI STATO ATTUALE,ALTO,False,False,True,False,,False,False,False,False
2019-11-06,188.88,194.6,187.87,191.13,191.13,182.5532,213.57004999999998,58.52718334459628,10.19531383830359,53163.07554597,80480.101333416,MANTIENI STATO ATTUALE,ALTO,False,False,True,False,,False,False,False,False
2019-11-07,191.17,192.27,184.14,186.42,186.42,182.07620000000003,213.65265,53.79805624928294,10.047791421281909,44563.94990128,78696.04402728399,MANTIENI STATO ATTUALE,ALTO,False,False,True,False,,False,False,False,False
2019-11-08,186.42,188.09,180.71,183.62,183.62,181.33259999999999,213.71285,51.151949505016674,9.857234891190345,66332.92266474,79624.37476651001,MANTIENI STATO ATTUALE,ALTO,False,False,False,False,,False,False,False,False
2019-11-09,183.62,185.7,182.21,184.77,184.77,180.6668,213.78600000000003,52.19202676243759,9.402432398962462,31447.97094429,79030.61084397949,MANTIENI STATO ATTUALE,ALTO,False,False,False,False,,False,False,False,False
2019-11-10,184.77,192.0,183.41,188.88,188.88,180.1484,213.90165000000002,55.81312507988897,9.344401513322287,44224.51984423,77783.56791017,MANTIENI STATO ATTUALE,ALTO,False,False,False,False,,False,False,False,False
2019-11-11,188.89,190.0,183.77,184.65,184.65,179.6194,214.06465,51.49047472113681,9.121944262370695,34818.77604733,77431.779753845,MANTIENI STATO ATTUALE,ALTO,False,False,False,False,,False,False,False,False
2019-11-12,184.65,187.27,182.07,186.98,186.98,179.343,214.23250000000004,53.62122840104318,8.841805386487074,41578.59846537,69298.13578480351,MANTIENI STATO ATTUALE,ALTO,False,False,False,False,,False,False,False,False
2019-11-13,186.98,189.31,185.08,187.72,187.72,179.77219999999997,214.3928,54.30767998964316,8.512390716023711,33802.01492951,68164.825324555,MANTIENI STATO ATTUALE,ALTO,False,False,False,False,,False,False,False,False
2019-11-14,187.81,188.45,182.75,184.55,184.55,180.0632,214.5496,50.836489468226254,8.31150566487916,81996.7273791,64333.61505923599,MANTIENI STATO ATTUALE,ALTO,False,False,False,False,,False,False,False,False
2019-11-15,184.55,186.59,177.0,179.82,179.82,180.34260000000003,214.68689999999998,46.10150196038012,8.402826688816363,97521.84219423,57112.479926109,MANTIENI STATO ATTUALE,ALTO,False,False,False,False,,False,False,False,False
2019-11-16,179.79,183.17,178.95,182.25,182.25,180.49880000000002,214.79615,48.7428611393363,8.104053353900909,32159.27524038,54462.89516724351,MANTIENI STATO ATTUALE,ALTO,False,False,False,False,,False,False,False,False
2019-11-17,182.23,186.26,180.0,183.88,183.88,180.6984,214.92405,50.49537938981964,7.972335257193701,34966.19809893,52021.42698032701,MANTIENI STATO ATTUALE,ALTO,False,False,False,False,,False,False,False,False
2019-11-18,183.88,183.95,173.56,177.85,177.85,180.8678,215.01980000000003,44.44177573168492,8.14502559596558,57753.51387824,51529.59969043051,MANTIENI STATO ATTUALE,ALTO,False,False,False,False,,False,False,False,False
2019-11-19,177.8,178.14,172.38,175.73,175.73,180.759,215.07475,42.51212635342224,7.974666624825181,45880.80040413,50092.933203455505,VENDI,ALTO,False,False,False,False,,False,True,False,False
2019-11-20,175.75,177.25,173.26,174.35,174.35,180.72299999999998,215.13725,41.25636848906743,7.690047580194812,48839.47664908,49376.216686841,VENDI,ALTO,False,False,False,False,,False,True,False,False
2019-11-21,174.35,175.49,155.0,160.82,160.82,180.32299999999998,215.1351,31.448125158801147,8.604329895895184,142035.81431758,53412.312295349,VENDI,ALTO,False,False,False,False,,False,True,False,False
2019-11-22,160.83,162.65,137.8,149.97,149.97,179.82140000000004,215.0296,26.09124774894198,9.764734903331242,282192.72934448,66039.75926245199,VENDI,ALTO,False,False,False,False,,False,True,False,False
2019-11-23,149.98,154.54,146.37,152.0,152.0,179.342,214.95704999999998,28.543743108977225,9.65082526737901,88211.89264035,69279.55430570399,VENDI,ALTO,False,False,False,False,,False,True,False,False
2019-11-24,152.0,153.19,138.53,139.99,139.99,178.6072,214.8091,23.5622386137115,10.008623462566225,86567.95699641,70960.88536155049,VENDI,ALTO,False,False,False,False,,False,True,False,False
2019-11-25,140.1,151.69,131.8,145.91,145.91,178.1218,214.68810000000002,30.043247621223514,10.714436072382922,223502.71656311,78578.038602437,VENDI,ALTO,False,False,False,False,,False,True,False,False
2019-11-26,146.16,149.9,143.57,147.83,147.83,177.4732,214.56620000000004,32.05536827923275,10.401262067212715,72544.44431373,79547.107040825,VENDI,ALTO,False,False,False,False,,False,True,False,False
2019-11-27,147.83,155.89,141.02,153.0,153.0,176.9188,214.36860000000001,37.2860971191356,10.720457633840377,129890.14649212,83813.41687036699,VENDI,ALTO,False,False,False,False,,False,True,False,False
2019-11-28,153.04,155.0,149.31,151.01,151.01,176.0738,214.1825,36.13301953269802,10.36113923142321,56243.39113343,83308.9402938015,VENDI,ALTO,False,False,False,False,,False,True,False,False
2019-11-29,151.01,157.73,150.5,154.75,154.75,175.33300000000003,213.97369999999998,39.895072376824224,10.137486429178695,82606.47013886,85866.86525353,VENDI,ALTO,False,False,False,False,,False,True,False,False
2019-11-30,154.75,155.45,149.6,151.78,151.78,174.7518,213.6454,37.9817296223272,9.831237398523074,45611.17813513,85936.19816807499,VENDI,ALTO,False,False,True,False,,False,True,False,False
2019-12-01,151.61,152.67,145.97,150.97,150.97,174.174,213.15524999999997,37.454151551828645,9.607577584342854,59294.95282201,87160.007006809,VENDI,ALTO,False,False,True,False,,False,True,False,False
2019-12-02,150.94,151.65,146.82,148.97,148.97,173.5298,212.57815,36.120046708770964,9.266322042604079,42531.00970201,87207.62756864101,VENDI,ALTO,False,False,True,False,,False,True,False,False
2019-12-03,148.83,150.0,145.67,147.33,147.33,172.7394,212.09185000000002,35.018541421540874,8.913727610989504,39186.51439846,87476.85254208851,VENDI,ALTO,False,False,True,False,,False,True,False,False
2019-12-04,147.33,153.0,143.17,145.5,145.5,172.03779999999998,211.64919999999998,33.780606950314294,8.979175638775969,100067.8290018,88380.4076232235,VENDI,ALTO,False,False,True,False,,False,True,False,False
2019-12-05,145.5,148.95,143.8,148.18,148.18,171.51139999999998,211.08465,37.277568650522326,8.705663093149113,48788.47831841,85943.7394294325,VENDI,ALTO,False,False,True,False,,False,True,False,False
2019-12-06,148.2,149.85,145.75,148.82,148.82,170.9416,210.56765,38.11799549587034,8.376687157924176,45179.42472738,86594.7469037825,VENDI,ALTO,False,False,True,False,,False,True,False,False
2019-12-07,148.82,149.88,147.2,147.43,147.43,170.43099999999998,210.0311,36.95968548949545,7.969780932358164,22433.78975537,85968.1264866045,VENDI,ALTO,False,False,True,False,,False,True,False,False
2019-12-08,147.41,152.0,146.36,150.71,150.71,170.0034,209.56805,41.478784132587705,7.803368008618294,34863.39671715,84823.62062855,VENDI,ALTO,False,False,True,False,,False,True,False,False
2019-12-09,150.7,151.47,146.69,147.3,147.3,169.43959999999998,209.07635000000002,38.397041069991076,7.587413150859845,46803.5083513,84869.75602590849,VENDI,ALTO,False,False,True,False,,False,True,False,False
2019-12-10,147.28,148.22,143.81,145.55,145.55,168.8632,208.55495,36.88257349607107,7.36045506865557,42296.17158865,84542.590772887,VENDI,ALTO,False,False,True,False,,False,True,False,False
2019-12-11,145.54,146.29,142.01,143.29,143.29,168.303,208.01364999999998,34.964586362429046,7.140422563751601,32984.0629026,79090.00320213799,VENDI,ALTO,False,False,True,False,,False,True,False,False
2019-12-12,143.29,146.12,139.1,144.69,144.69,167.94699999999997,207.39525,37.14514408731806,7.131820952055059,71296.16682566,68545.17507619699,VENDI,ALTO,False,False,True,False,,False,True,False,False
2019-12-13,144.7,145.13,142.76,144.7,144.7,167.62759999999997,206.76254999999998,37.16135103268274,6.7916908840511265,40038.07083,66136.48398567949,VENDI,ALTO,False,False,True,False,,False,True,False,False
2019-12-14,144.7,145.03,141.11,141.73,141.73,166.82899999999998,206.11545,34.330099058562055,6.586570106618903,35634.32109091,63589.8021904045,VENDI,ALTO,False,False,True,False,,False,True,False,False
2019-12-15,141.72,143.99,139.8,142.38,142.38,166.076,205.4804,35.48851796570469,6.415386527574696,38771.46693104,54353.239708801,VENDI,ALTO,False,False,True,False,,False,True,False,False
2019-12-16,142.38,142.53,129.03,132.36,132.36,165.035,204.8691,27.449932905734144,6.921430347033646,112774.91970049,56364.76347813899,VENDI,ALTO,False,False,True,False,,False,True,False,False
2019-12-17,132.36,132.66,119.5,121.83,121.83,163.8312,204.13955,21.848915046116232,7.367042465102672,190028.12824453,59371.6625657595,VENDI,ALTO,False,False,True,False,,False,True,False,False
2019-12-18,121.84,134.81,116.25,132.89,132.89,162.667,203.4801,36.503866654513274,8.166539431881052,203446.51981441,66731.8189998085,VENDI,ALTO,False,False,True,False,,False,True,False,False
2019-12-19,132.89,134.11,125.68,128.18,128.18,161.563,202.77485000000001,33.61312836697202,8.185358043889549,93934.20288922,67298.2056373265,VENDI,ALTO,False,False,True,False,,False,True,False,False
2019-12-20,128.18,129.32,125.71,128.37,128.37,160.4828,202.16895,33.84073136489326,7.858546755040296,44379.22091837,67236.6077764885,VENDI,ALTO,False,False,True,False,,False,True,False,False
2019-12-21,128.36,128.45,126.63,127.09,127.09,159.3608,201.59974999999997,33.01942288873795,7.427221986823132,25941.74023594,65568.94714718501,VENDI,ALTO,False,False,True,False,,False,True,False,False
2019-12-22,127.16,133.22,126.89,132.4,132.4,158.34380000000002,201.03015,39.571481125814415,7.348848987764337,40439.9594125,65464.39463270949,VENDI,ALTO,False,False,True,False,,False,True,False,False
2019-12-23,132.4,135.24,126.16,127.78,127.78,157.2648,200.42205,36.24903847815281,7.472502631495457,62248.12241615,66617.47503359399,VENDI,ALTO,False,False,True,False,,False,True,False,False
2019-12-24,127.75,129.5,126.5,127.71,127.71,156.094,199.81314999999998,36.19944576642623,7.15303815781721,34976.25422744,63362.896294876,VENDI,ALTO,False,False,True,False,,False,True,False,False
2019-12-25,127.67,127.77,123.16,125.0,125.0,154.81640000000002,199.21665000000002,34.2460604529775,6.971392575115981,45117.58085216,63179.3514215635,VENDI,ALTO,False,False,True,False,,False,True,False,False
2019-12-26,125.0,132.06,124.06,125.49,125.49,153.5036,198.68759999999997,34.92978272364934,7.044864534036268,51891.10919615,63514.935645002,VENDI,ALTO,False,False,True,False,,False,True,False,False
2019-12-27,125.49,126.7,122.15,126.23,126.23,152.2998,198.07955,36.01190773151099,6.866659924462249,39780.97303035,64382.294808750994,VENDI,ALTO,False,False,True,False,,False,True,False,False
2019-12-28,126.23,129.6,125.8,127.91,127.91,151.18560000000002,197.49355000000003,38.51195437570717,6.64761278700066,47036.68791942,64990.959368864496,VENDI,ALTO,False,False,True,False,,False,True,False,False
2019-12-29,127.95,137.85,127.22,134.3,134.3,150.1762,196.85045,46.99483574599916,6.932069016500613,64885.83350862,65895.0756267305,VENDI,ALTO,False,False,True,False,,False,True,False,False
2019-12-30,134.31,135.97,129.79,131.1,131.1,149.0206,196.22895,43.740444940372775,6.8783498010362845,58811.72784574,66720.853439585,VENDI,ALTO,False,False,True,False,,False,True,False,False
2019-12-31,131.08,133.19,127.6,128.54,128.54,147.8984,195.55265,41.27775194311447,6.786324815247979,85044.39188554,69323.869888732,VENDI,ALTO,False,False,True,False,,False,True,False,False
2020-01-01,128.54,132.68,128.12,130.19,130.19,146.7626,194.85715,43.48631286846829,6.627301614158838,57512.49500629,68634.6862977635,VENDI,ALTO,False,False,True,False,,False,True,False,False
2020-01-02,130.14,130.18,125.83,126.81,126.81,145.5444,194.14954999999998,40.154657462225295,6.465351498861778,49211.56901537,69093.36120703201,VENDI,ALTO,False,False,True,False,,False,True,False,False
2020-01-03,126.81,134.93,125.52,134.17,134.17,144.5368,193.45055,49.26902426613499,6.675683534657366,88651.89284841,71744.239794907,VENDI,ALTO,False,False,True,False,,False,True,False,False
2020-01-04,134.17,135.75,132.5,134.14,134.14,143.62320000000003,192.79940000000002,49.23610819542339,6.4309918536104105,31254.84712421,71368.40880456551,VENDI,ALTO,False,False,True,False,,False,True,False,False
2020-01-05,134.14,138.97,134.14,135.31,135.31,142.68439999999998,192.132,50.621650792432554,6.316635292638239,45353.69311227,67997.3474751545,VENDI,ALTO,False,False,True,False,,False,True,False,False
2020-01-06,135.31,144.51,134.78,144.19,144.19,141.8906,191.49295,59.62813975324179,6.560447057449792,91523.60992709,63072.121559282496,MANTIENI STATO ATTUALE,ALTO,False,False,True,False,,False,False,False,False
2020-01-07,144.2,145.25,138.79,143.08,143.08,141.1952,190.72709999999998,58.19914621721572,6.553272267631951,96525.42253821,57726.0666954725,MANTIENI STATO ATTUALE,ALTO,False,False,True,False,,False,False,False,False
2020-01-08,143.08,148.0,137.03,140.6,140.6,140.4926,189.88765,55.026205521469045,6.868752819943954,101682.09291578,58113.4611968005,MANTIENI STATO ATTUALE,ALTO,False,False,True,False,,False,False,False,False
2020-01-09,140.64,141.38,135.12,137.71,137.71,139.75979999999998,189.0413,51.50246286123872,6.825270475662243,61184.99933797,58953.7501177805,MANTIENI STATO ATTUALE,ALTO,False,False,True,False,,False,False,False,False
2020-01-10,137.72,145.81,135.26,144.72,144.72,139.4378,188.20989999999998,58.45246227250564,7.091322584543511,137620.99823131,64537.713017548995,MANTIENI STATO ATTUALE,ALTO,False,False,True,False,,False,False,False,False
2020-01-11,144.89,148.0,142.0,142.63,142.63,139.291,187.3401,55.881214823270724,7.013370971361832,52850.50876755,65158.24048530151,MANTIENI STATO ATTUALE,ALTO,False,False,True,False,,False,False,False,False
2020-01-12,142.51,146.6,141.83,146.6,146.6,139.183,186.39880000000002,59.52349210042436,6.853130187693129,35450.66532334,63818.367630661,MANTIENI STATO ATTUALE,ALTO,False,False,True,False,,False,False,False,False
2020-01-13,146.55,147.0,142.1,143.51,143.51,139.2534,185.649,55.67108810391106,6.7136208885721915,44072.65864059,64273.18785131849,MANTIENI STATO ATTUALE,ALTO,False,False,True,False,,False,False,False,False
2020-01-14,143.5,170.83,143.45,165.76,165.76,139.65040000000002,184.93094999999997,70.48437934959871,8.189790825102751,258408.61594025,74937.73960572299,MANTIENI STATO ATTUALE,ALTO,False,False,True,False,,False,False,False,False
2020-01-15,165.74,172.18,159.13,166.29,166.29,140.0196,184.17739999999998,70.7352442673671,8.536948623309698,165292.68609565,80607.818450698,MANTIENI STATO ATTUALE,ALTO,False,False,True,False,,False,False,False,False
2020-01-16,166.27,167.28,158.17,163.93,163.93,140.2382,183.5467,67.9651465703679,8.577880864501864,88188.75031049,83028.207314705,MANTIENI STATO ATTUALE,ALTO,False,False,True,False,,False,False,False,False
2020-01-17,164.0,174.52,162.01,169.59,169.59,140.6098,182.92615,70.90771255396899,8.858746517037448,134919.66648757,87422.3562431125,MANTIENI STATO ATTUALE,ALTO,False,False,True,False,,False,False,False,False
2020-01-18,169.54,179.32,164.92,174.06,174.06,140.996,182.3402,73.01580076221447,9.254550337249059,113052.32285408,89830.68071038551,MANTIENI STATO ATTUALE,ALTO,False,False,True,False,,False,False,False,False
2020-01-19,174.05,178.0,161.7,166.75,166.75,141.2954,181.665,64.75235781172817,9.75779674173127,113433.68959115,92561.77879765599,MANTIENI STATO ATTUALE,ALTO,False,False,True,False,,False,False,False,False
2020-01-20,166.67,169.3,161.1,166.68,166.68,141.6096,181.0844,64.6768731796191,9.646525545893324,66340.77435099,91626.5979209285,MANTIENI STATO ATTUALE,ALTO,False,False,True,False,,False,False,False,False
2020-01-21,166.66,170.0,164.28,169.19,169.19,142.014,180.49035,66.19847029288147,9.366059435472373,61518.4955582,91826.897948524,MANTIENI STATO ATTUALE,ALTO,False,False,True,False,,False,False,False,False
2020-01-22,169.29,171.05,165.65,167.68,167.68,142.421,179.8909,64.40116373292386,9.082769475795775,49452.51856158,91838.94542583449,MANTIENI STATO ATTUALE,ALTO,False,False,True,False,,False,False,False,False
2020-01-23,167.73,167.79,158.44,162.4,162.4,142.759,179.1712,58.427594884928496,9.101857370381792,69309.04423236,90871.802995032,MANTIENI STATO ATTUALE,ALTO,False,False,True,False,,False,False,False,False
2020-01-24,162.49,164.21,154.48,162.3,162.3,143.04139999999998,178.4165,58.317266292682845,9.146724701068809,88510.10066684,93734.5656721635,MANTIENI STATO ATTUALE,ALTO,False,False,True,False,,False,False,False,False
2020-01-25,162.31,162.41,157.4,160.12,160.12,143.2674,177.6775,55.841725572772546,8.851244365278179,36677.5237579,93300.75720444499,MANTIENI STATO ATTUALE,ALTO,False,False,True,False,,False,False,False,False
2020-01-26,160.0,167.59,159.09,167.35,167.35,143.6658,177.07104999999999,61.65531756772483,8.826155482044024,44653.7353865,90957.2634774155,MANTIENI STATO ATTUALE,ALTO,False,False,True,False,,False,False,False,False
2020-01-27,167.58,171.7,164.89,169.77,169.77,144.047,176.57649999999998,63.39257198323786,8.682144376183738,84463.87778454,90354.186239732,MANTIENI STATO ATTUALE,ALTO,False,False,True,False,,False,False,False,False
2020-01-28,169.78,176.5,169.78,175.99,175.99,144.6208,176.07870000000003,67.4718002565051,8.542705492170613,102264.17475594,90383.29033174,MANTIENI STATO ATTUALE,ALTO,False,False,True,False,,False,False,False,False
2020-01-29,175.91,178.31,173.13,173.45,173.45,145.17880000000002,175.60075,64.31983287424222,8.302512242729856,85409.92407361,91594.536568522,MANTIENI STATO ATTUALE,ALTO,False,False,True,False,,False,False,False,False
2020-01-30,173.41,186.89,170.0,184.55,184.55,146.00400000000002,175.3947,70.75044876536205,8.915904225392008,104426.47390742,89934.8103523275,MANTIENI STATO ATTUALE,ALTO,False,False,True,False,,False,False,False,False
2020-01-31,184.52,185.68,175.0,179.74,179.74,146.705,175.15200000000002,65.26149597830408,9.041911066435437,108639.77662455,92724.2737451775,MANTIENI STATO ATTUALE,MEDIO,False,False,True,False,,False,False,False,False
2020-02-01,179.72,184.2,179.0,183.5,183.5,147.481,175.07505,67.39121525667596,8.767488847404334,65650.16851655,94234.24890483801,MANTIENI STATO ATTUALE,MEDIO,False,False,True,False,,False,False,False,False
2020-02-02,183.49,193.52,178.98,188.29,188.29,148.41219999999998,174.95950000000002,69.92112587709295,9.17981107258974,96138.84421015,96837.558183316,MANTIENI STATO ATTUALE,MEDIO,False,False,True,False,,False,False,False,False
2020-02-03,188.22,195.21,186.25,189.42,189.42,149.353,174.77505000000002,70.50253635250475,9.164110281690473,89093.19595622,88371.7871841145,MANTIENI STATO ATTUALE,ALTO,False,False,True,False,,False,False,False,False
2020-02-04,189.41,191.37,184.29,188.24,188.24,150.4706,174.6102,69.00259274060153,9.015245261569726,89059.71463466,84560.138611065,MANTIENI STATO ATTUALE,MEDIO,False,False,True,False,,False,False,False,False
2020-02-05,188.25,207.93,186.89,204.0,204.0,152.114,174.48574999999997,76.26548295981574,9.874156314314746,143938.17466042,87347.6098285615,MANTIENI STATO ATTUALE,ALTO,False,False,True,False,,False,False,False,False
2020-02-06,204.01,216.49,200.54,212.95,212.95,153.71519999999998,174.4223,79.24027860301376,10.308145149006553,162316.43667648,88717.448338007,MANTIENI STATO ATTUALE,ALTO,False,False,True,False,,False,False,False,False
2020-02-07,212.94,224.78,212.94,223.22,223.22,155.616,174.45275,82.02442251943819,10.41756335264894,161651.51487279,91147.4079389425,MANTIENI STATO ATTUALE,ALTO,False,False,True,False,,False,False,False,False
2020-02-08,223.22,228.4,213.24,223.37,223.37,157.516,174.50995,82.06226184081999,10.75630882745973,137475.60159995,92349.50353938251,MANTIENI STATO ATTUALE,ALTO,False,False,True,False,,False,False,False,False
2020-02-09,223.36,230.9,223.16,228.8,228.8,159.55020000000002,174.57100000000003,83.42266738464764,10.540858196926894,111211.55092349,94593.0423680075,MANTIENI STATO ATTUALE,ALTO,False,False,True,False,,False,False,False,False
2020-02-10,228.8,229.6,216.31,222.85,222.85,161.3592,174.58884999999998,76.56997788589788,10.737225468574973,106485.3898759,96841.3870838925,MANTIENI STATO ATTUALE,ALTO,False,False,True,False,,False,False,False,False
2020-02-11,222.86,239.92,217.83,237.98,237.98,163.5632,174.68200000000002,80.87265146103158,11.54813793510533,174444.85728588,103091.0040201075,MANTIENI STATO ATTUALE,ALTO,False,False,True,False,,False,False,False,False
2020-02-12,237.99,276.15,237.95,266.49,266.49,166.33880000000002,174.97889999999998,86.06545128740714,13.451842368312093,293996.34960631,114325.36928880498,MANTIENI STATO ATTUALE,ALTO,False,False,True,False,,False,False,False,False
2020-02-13,266.63,278.01,253.75,268.42,268.42,169.2072,175.2635,86.3358924881318,14.223853627718372,264197.24736242,123109.726623584,MANTIENI STATO ATTUALE,ALTO,False,False,True,False,,False,False,False,False
2020-02-14,268.37,287.98,260.13,286.27,286.27,172.4228,175.64120000000003,88.54936918767643,15.19714979716706,191566.74315799,130854.18759358849,MANTIENI STATO ATTUALE,ALTO,False,False,True,False,,False,False,False,False
2020-02-15,285.95,290.0,261.35,264.92,264.92,175.1966,175.91665,73.26246471439944,16.158067668797983,251243.79219334,141183.69043393052,MANTIENI STATO ATTUALE,ALTO,False,False,True,False,,False,False,False,False
2020-02-16,264.83,274.0,236.37,258.5,258.5,177.8084,176.11565000000002,69.38353140859282,17.691777121026696,248679.14437688,149394.45376354753,MANTIENI STATO ATTUALE,ALTO,False,False,True,False,,False,False,False,False
2020-02-17,258.58,269.0,242.36,268.03,268.03,180.483,176.36805,71.77267913064009,18.330935898096214,204959.48476961,154529.21926423098,MANTIENI STATO ATTUALE,ALTO,False,False,True,False,,False,False,False,False
2020-02-18,268.2,286.87,259.24,283.31,283.31,183.52719999999997,176.69559999999998,75.12445961435841,18.995154762517913,211662.70708459,160841.85841478,MANTIENI STATO ATTUALE,ALTO,False,False,True,False,,False,False,False,False
2020-02-19,283.34,287.13,250.0,258.66,258.66,186.12959999999998,176.8782,62.277132841492794,20.29050085090949,239803.85463207,167610.7274510125,MANTIENI STATO ATTUALE,ALTO,False,False,True,False,,False,False,False,False
2020-02-20,258.51,264.26,245.25,257.4,257.4,188.67379999999997,177.05115,61.69632958555003,20.199036504415954,203271.5155604,172342.314397805,MANTIENI STATO ATTUALE,ALTO,False,False,True,False,,False,False,False,False
2020-02-21,257.2,268.71,254.1,265.8,265.8,191.4536,177.21515,64.10006944502257,19.799819611243386,136892.24699258,175904.41832160653,MANTIENI STATO ATTUALE,ALTO,False,False,True,False,,False,False,False,False
2020-02-22,265.79,267.04,256.3,262.08,262.08,194.0118,177.3965,62.23735393605871,19.152689639011715,63814.59112412,174288.20566730498,MANTIENI STATO ATTUALE,ALTO,False,False,True,False,,False,False,False,False
2020-02-23,261.94,276.62,261.53,275.48,275.48,196.8386,177.64489999999998,66.06302559176517,18.862497521939453,104405.13989679,175053.8028643335,MANTIENI STATO ATTUALE,ALTO,False,False,True,False,,False,False,False,False
2020-02-24,275.48,278.13,256.06,265.31,265.31,199.43859999999998,177.8674,61.01112123944562,19.091604841800923,197775.66826806,180489.6005460035,MANTIENI STATO ATTUALE,ALTO,False,False,True,False,,False,False,False,False
2020-02-25,265.53,266.24,244.44,246.5,246.5,201.4848,178.04840000000002,52.946460245763475,19.285061638815144,152709.51365655,180928.16749581,MANTIENI STATO ATTUALE,MEDIO,False,False,True,False,,False,False,False,False
2020-02-26,246.28,250.84,215.33,223.5,223.5,203.0932,178.1354,45.09686619859031,20.443985807471204,404352.61565839,193029.97644490548,MANTIENI STATO ATTUALE,MEDIO,False,False,True,False,,False,False,False,False
2020-02-27,223.78,239.0,209.26,227.63,227.63,204.8338,178.19325,46.627032096819036,21.107986821223264,342714.17971542,202083.109687037,MANTIENI STATO ATTUALE,MEDIO,False,False,True,False,,False,False,False,False
2020-02-28,227.6,234.9,213.63,227.37,227.37,206.62699999999998,178.27380000000002,46.53909597521227,21.119559191135888,258340.98757632,208126.37898585552,MANTIENI STATO ATTUALE,MEDIO,False,False,True,False,,False,False,False,False
2020-02-29,227.13,233.32,216.83,217.31,217.31,208.0788,178.31744999999998,43.14829361965771,20.78887639176904,93401.32179224,207235.867529293,MANTIENI STATO ATTUALE,MEDIO,False,False,True,False,,False,False,False,False
2020-03-01,217.36,227.99,211.5,217.26,217.26,209.57140000000004,178.47225000000003,43.131473250114155,20.481813792356967,144339.90935814,209128.59350340502,MANTIENI STATO ATTUALE,MEDIO,False,False,True,False,,False,False,False,False
2020-03-02,217.34,234.5,215.75,232.12,232.12,211.2818,178.69185,49.43979998796382,20.358112807188615,189047.53250784,209858.72726450302,MANTIENI STATO ATTUALE,MEDIO,False,False,True,False,,False,False,False,False
2020-03-03,232.12,232.92,220.0,223.75,223.75,212.8866,178.88429999999997,46.322856917834855,19.826819035246572,173987.90547375,203858.30505787503,MANTIENI STATO ATTUALE,MEDIO,False,False,True,False,,False,False,False,False
2020-03-04,223.72,228.83,220.39,224.56,224.56,214.06259999999997,179.07915,46.67323878048176,19.013474818443246,106846.75811775,195990.7805956415,MANTIENI STATO ATTUALE,MEDIO,False,False,True,False,,False,False,False,False
2020-03-05,224.49,234.47,224.49,228.64,228.64,215.3096,179.24865000000003,48.49690510660649,18.36822661712587,160025.91518532,194413.739197008,MANTIENI STATO ATTUALE,MEDIO,False,False,True,False,,False,False,False,False
2020-03-06,228.6,245.84,227.77,245.56,245.56,216.9422,179.46485,55.320774231990086,18.346924715902592,140307.21140132,188866.910157407,MANTIENI STATO ATTUALE,MEDIO,False,False,True,False,,False,False,False,False
2020-03-07,245.53,253.01,236.67,237.75,237.75,218.30540000000002,179.67079999999999,51.902395904588246,18.20357295048098,147025.87399131,183784.24663812848,MANTIENI STATO ATTUALE,MEDIO,False,False,True,False,,False,False,False,False
2020-03-08,237.75,237.75,196.0,199.46,199.46,218.8134,179.73125,39.134691769484625,19.885460596875195,293962.39516435,188234.3921578655,VENDI,BASSO,False,False,True,False,,False,True,False,False
2020-03-09,199.51,208.65,189.85,202.77,202.77,219.53379999999999,179.79305,40.49735637731332,19.8079276970984,461839.12853606,200743.213230439,VENDI,BASSO,False,False,True,False,,False,True,False,False
2020-03-10,202.76,206.28,195.17,200.5,200.5,220.21020000000001,179.82260000000002,39.83862845073461,19.186647147305656,184956.93858031,198000.86742785102,VENDI,BASSO,False,False,True,False,,False,True,False,False
2020-03-11,200.63,202.98,181.0,194.61,194.61,220.7186,179.84120000000001,38.106604949963305,19.38617235106954,240340.20653555,199854.3019766085,VENDI,BASSO,False,False,True,False,,False,True,False,False
2020-03-12,194.62,195.64,101.22,110.3,110.3,219.571,179.45974999999999,22.815731851676205,24.745731468850288,1290935.34805301,257556.45702962996,VENDI,MEDIO,False,False,True,False,,False,True,False,False
2020-03-13,110.3,148.0,90.0,135.51,135.51,219.0332,179.19580000000002,31.647809943181528,27.12103636393241,1322282.9798003,320479.87646343897,VENDI,MEDIO,False,False,True,False,,False,True,False,False
2020-03-14,135.44,135.9,120.71,122.17,122.17,218.23059999999998,178.87195,29.71044710716653,26.268819480794384,284672.85934781,329493.26243599004,VENDI,MEDIO,False,False,True,False,,False,True,False,False
2020-03-15,122.11,134.1,119.84,123.3,123.3,217.4942,178.6245,30.100790528224792,25.411046660737643,438391.83520594,341524.07078288397,VENDI,MEDIO,False,False,True,False,,False,True,False,False
2020-03-16,123.33,123.75,100.5,111.38,111.38,216.3748,178.3373,28.314517874458787,25.25668618497067,891238.58022214,378450.52411116345,VENDI,MEDIO,False,False,True,False,,False,True,False,False
2020-03-17,111.36,121.49,109.66,116.09,116.09,215.3012,178.07575,30.080147814964263,24.297637171758478,418552.55664492,379160.52116049,VENDI,MEDIO,False,False,True,False,,False,True,False,False
2020-03-18,116.06,118.88,110.18,118.6,118.6,214.1534,177.8091,31.054712254314467,23.183520230918585,306306.60980115,377340.14266477653,VENDI,MEDIO,False,False,True,False,,False,True,False,False
2020-03-19,118.59,144.44,115.72,136.68,136.68,213.41800000000003,177.63604999999998,37.78193694871448,23.578983071567258,486951.21183315,388770.653877618,VENDI,MEDIO,False,False,True,False,,False,True,False,False
2020-03-20,136.65,154.0,115.51,133.27,133.27,212.39239999999998,177.4084,37.04770497813286,24.644055709312454,626525.45202553,415426.8603892825,VENDI,MEDIO,False,False,True,False,,False,True,False,False
2020-03-21,133.35,137.64,125.84,132.79,132.79,211.4534,177.17755,36.93888605886202,23.72662315864728,259380.31056445,421178.880449598,VENDI,MEDIO,False,False,True,False,,False,True,False,False
2020-03-22,132.79,137.38,120.9,122.42,122.42,210.2318,176.91555,34.576013898941284,23.209007218743903,261957.09352208,424824.35850031005,VENDI,MEDIO,False,False,True,False,,False,True,False,False
2020-03-23,122.31,138.0,119.2,137.0,137.0,209.20600000000002,176.73055,40.353086886089535,22.894078131690765,392334.34456747,435741.68045499607,VENDI,MEDIO,False,False,True,False,,False,True,False,False
2020-03-24,137.0,144.16,133.04,139.0,139.0,208.19760000000002,176.57954999999998,41.12113327366202,22.05307255085571,328276.63196021,446813.174147119,VENDI,MEDIO,False,False,True,False,,False,True,False,False
2020-03-25,138.95,142.79,132.5,136.26,136.26,207.158,176.37044999999998,40.354484348878835,21.212853082937446,228043.63383605,450214.0600796555,VENDI,MEDIO,False,False,True,False,,False,True,False,False
2020-03-26,136.35,140.36,133.52,139.0,139.0,205.858,176.15765,41.52846419226081,20.186220719870487,168611.79605607,451629.28931239294,VENDI,MEDIO,False,False,True,False,,False,True,False,False
2020-03-27,139.0,142.5,130.0,131.56,131.56,204.2302,175.9123,39.26833932299557,19.63720495416545,173786.92012003,452967.34161882894,VENDI,MEDIO,False,False,True,False,,False,True,False,False
2020-03-28,131.56,133.8,125.01,131.35,131.35,202.39280000000002,175.67085000000003,39.203484500324286,18.86240460029649,172811.93639922,446909.81868057244,VENDI,MEDIO,False,False,True,False,,False,True,False,False
2020-03-29,131.36,132.18,123.72,124.35,124.35,200.41240000000002,175.4011,37.00929571843551,18.119375700275313,93067.42014241,428471.23326089,VENDI,MEDIO,False,False,True,False,,False,True,False,False
2020-03-30,124.43,135.48,124.05,132.32,132.32,198.48280000000003,175.15725000000003,41.05453907418031,17.641563150255646,154018.23932986,426924.2982983675,VENDI,MEDIO,False,False,True,False,,False,True,False,False
2020-03-31,132.3,135.35,130.45,133.08,133.08,196.68740000000003,174.91440000000003,41.440731530464696,16.731451496665958,86613.22974083,419237.9494586315,VENDI,MEDIO,False,False,True,False,,False,True,False,False
2020-04-01,133.08,137.4,128.6,136.14,136.14,194.65059999999997,174.65085000000002,43.05834958847629,16.164919246904105,99102.5178578,359646.30794887093,VENDI,MEDIO,False,False,True,False,,False,True,False,False
2020-04-02,136.14,150.5,135.5,141.53,141.53,192.1514,174.412,45.89353537690363,16.0817107292681,214501.14100152,304257.216008932,VENDI,MEDIO,False,False,True,False,,False,True,False,False
2020-04-03,141.48,146.81,138.0,141.54,141.54,189.61379999999997,174.13174999999998,45.898917496521086,15.562302820034665,120557.4337924,296051.44473116146,VENDI,MEDIO,False,False,True,False,,False,True,False,False
2020-04-04,141.48,146.69,139.04,144.48,144.48,186.77800000000002,173.81439999999998,47.5507849444045,14.997138332889334,85410.10645987,278402.358293858,VENDI,MEDIO,False,False,True,False,,False,True,False,False
2020-04-05,144.49,145.98,140.81,142.79,142.79,184.33540000000002,173.477,46.668682873705684,14.295199880540094,64777.90082877,237079.3243241895,VENDI,MEDIO,False,False,True,False,,False,True,False,False
2020-04-06,142.79,172.19,142.79,171.5,171.5,182.5954,173.2305,60.18222757260649,15.37411417478723,398555.26124929,236079.45955440798,VENDI,MEDIO,False,False,True,False,,False,True,False,False
2020-04-07,171.56,176.82,161.47,164.57,164.57,180.5262,172.96305,56.4631374298049,15.372391733731,533130.95121358,247420.67662502947,VENDI,MEDIO,False,False,True,False,,False,True,False,False
2020-04-08,164.54,174.77,163.49,173.36,173.36,178.3272,172.75584999999998,59.85213476810818,15.080078038464501,192588.6023951,232702.54615312698,VENDI,BASSO,False,False,True,False,,False,True,False,False
2020-04-09,173.43,173.55,165.32,169.75,169.75,176.549,172.5491,57.86010277235908,14.590786750002753,165254.80474587,209639.01378914397,VENDI,MEDIO,False,False,True,False,,False,True,False,False
2020-04-10,169.71,170.39,152.3,158.1,158.1,174.563,172.33559999999997,51.86131378153952,14.840730553573982,258810.1653336,209610.50652760148,VENDI,MEDIO,False,False,True,False,,False,True,False,False
2020-04-11,158.1,161.5,154.2,158.55,158.55,172.418,172.29705,52.06803302563701,14.302106942604413,96587.83228092,201342.04346554348,VENDI,MEDIO,False,False,True,False,,False,True,False,False
2020-04-12,158.68,165.45,155.31,158.87,158.87,170.3538,172.24140000000003,52.22514460841634,14.00481358956124,133037.62244785,188377.20735956248,VENDI,ALTO,False,False,True,False,,False,True,False,False
2020-04-13,158.82,159.44,149.7,156.76,156.76,167.97940000000003,172.19594999999998,51.037224693807985,13.700184047449724,233848.97745777,183655.82463444048,VENDI,ALTO,False,False,True,False,,False,True,False,False
2020-04-14,156.76,163.0,155.56,158.65,158.65,165.84619999999998,172.11700000000002,52.08848779829513,13.253028044060459,198839.23382124,182195.60463370002,VENDI,ALTO,False,False,True,False,,False,True,False,False
2020-04-15,158.68,161.5,152.17,152.77,152.77,163.9716,172.01135000000002,48.59291347902616,12.972811755198999,142489.51028959,180889.490345376,VENDI,ALTO,False,False,True,False,,False,True,False,False
2020-04-16,152.76,175.2,148.08,172.55,172.55,162.9526,172.02720000000002,58.64653143093413,13.983325201256212,376129.26054849,191006.607366799,MANTIENI STATO ATTUALE,MEDIO,False,False,True,False,,False,False,False,False
2020-04-17,172.58,175.1,168.5,170.89,170.89,161.81779999999998,171.9758,57.62794242523268,13.455944829737913,136537.58680864,189192.88988727,MANTIENI STATO ATTUALE,ALTO,False,False,True,False,,False,False,False,False
2020-04-18,170.85,191.22,170.69,187.88,187.88,161.028,172.03445,64.43618432002916,13.961234484756632,320092.58324239,200544.148042269,MANTIENI STATO ATTUALE,MEDIO,False,False,True,False,,False,False,False,False
2020-04-19,187.85,189.92,176.53,180.39,180.39,160.2896,172.0323,59.86917576325503,13.92043202155973,194900.14018716,202588.24308513402,MANTIENI STATO ATTUALE,MEDIO,False,False,True,False,,False,False,False,False
2020-04-20,180.28,186.67,166.4,170.5,170.5,159.3544,172.00955000000002,54.387649978608785,14.37397259144832,280053.96893369,212260.280044777,MANTIENI STATO ATTUALE,ALTO,False,False,True,False,,False,False,False,False
2020-04-21,170.39,174.93,168.44,171.07,171.07,158.1334,171.98505,54.64539059381423,13.810831692059155,169875.06657111,215798.9074804425,MANTIENI STATO ATTUALE,ALTO,False,False,True,False,,False,False,False,False
2020-04-22,171.05,184.41,170.02,183.11,183.11,157.3206,172.01695,59.81123569981053,13.852200856912072,178433.47878367,213995.52436955,MANTIENI STATO ATTUALE,MEDIO,False,False,True,False,,False,False,False,False
2020-04-23,183.1,194.86,178.44,185.66,185.66,156.5426,172.09434999999996,60.82885330314916,14.035615081418353,271745.32794126,221554.91907699298,MANTIENI STATO ATTUALE,MEDIO,False,False,True,False,,False,False,False,False
2020-04-24,185.65,189.91,184.97,187.84,187.84,155.7266,172.13225000000003,61.72121134243611,13.385928289888472,125300.66822971,223549.447165485,MANTIENI STATO ATTUALE,MEDIO,False,False,True,False,,False,False,False,False
2020-04-25,187.92,198.2,185.97,194.42,194.42,154.7038,172.20075,64.36033959444963,13.303361983467866,147021.91304917,227661.64777650504,MANTIENI STATO ATTUALE,MEDIO,False,False,True,False,,False,False,False,False
2020-04-26,194.42,200.0,192.54,197.83,197.83,153.90540000000001,172.2236,65.68087978847088,12.885978984648734,134905.32156149,214479.150792115,MANTIENI STATO ATTUALE,MEDIO,False,False,True,False,,False,False,False,False
2020-04-27,197.8,199.41,189.6,196.78,196.78,153.8518,172.24855,64.88366917463047,12.666266200030968,165535.9963748,196099.403050176,MANTIENI STATO ATTUALE,MEDIO,False,False,True,False,,False,False,False,False
2020-04-28,196.88,197.95,192.5,196.67,196.67,153.72979999999998,172.3277,64.79494064666335,12.15081861431447,105608.41827873,191750.39384435752,MANTIENI STATO ATTUALE,MEDIO,False,False,True,False,,False,False,False,False
2020-04-29,196.64,219.59,196.64,215.66,215.66,154.033,172.50670000000002,71.93117457067841,12.92218871329201,377357.2932836,202355.51827124401,MANTIENI STATO ATTUALE,ALTO,False,False,True,False,,False,False,False,False
2020-04-30,215.74,227.5,202.3,206.23,206.23,154.2654,172.63195,64.89631481444083,13.799175233771152,410315.64169167,209930.7920891475,MANTIENI STATO ATTUALE,MEDIO,False,False,True,False,,False,False,False,False
2020-05-01,206.22,217.58,206.18,212.09,212.09,156.3012,172.75815000000003,67.05271113540275,13.62780557421607,153088.48477931,212755.824714067,MANTIENI STATO ATTUALE,MEDIO,False,False,True,False,,False,False,False,False
2020-05-02,212.08,215.59,210.57,214.25,214.25,157.87599999999998,172.9265,67.83699504878858,13.012962318914923,86048.74335239,210406.380759294,MANTIENI STATO ATTUALE,MEDIO,False,False,True,False,,False,False,False,False
2020-05-03,214.25,219.48,205.28,210.24,210.24,159.6374,173.1052,64.75520118936407,13.097750724706714,145164.74879656,205972.1693262335,MANTIENI STATO ATTUALE,MEDIO,False,False,True,False,,False,False,False,False
2020-05-04,210.24,210.96,195.17,206.86,206.86,161.3086,173.25295000000003,62.19060622662967,13.290054244370522,209514.67319864,206505.9412951035,MANTIENI STATO ATTUALE,MEDIO,False,False,True,False,,False,False,False,False
2020-05-05,207.02,212.17,201.33,205.43,205.43,163.1896,173.41530000000003,61.08829020852365,13.115050369772625,126463.17604265,205704.62458275649,MANTIENI STATO ATTUALE,MEDIO,False,False,True,False,,False,False,False,False
2020-05-06,205.5,211.21,198.18,199.26,199.26,164.85299999999998,173.55114999999998,56.43991190736891,13.108975343360296,172142.53654051,195505.2883823575,MANTIENI STATO ATTUALE,MEDIO,False,False,True,False,,False,False,False,False
2020-05-07,199.1,215.99,196.82,212.47,212.47,166.7304,173.73605,62.94168107682831,13.541905675977418,259914.56415047,201674.13724944898,MANTIENI STATO ATTUALE,MEDIO,False,False,True,False,,False,False,False,False
2020-05-08,212.5,217.0,207.2,211.59,211.59,168.22859999999997,173.92215,62.27484362844303,13.274626699121889,156564.17053734,193497.71661419648,MANTIENI STATO ATTUALE,MEDIO,False,False,True,False,,False,False,False,False
2020-05-09,211.65,214.79,208.27,210.0,210.0,169.76319999999998,174.11565000000002,61.016985880975945,12.792153363470325,120178.88081369,189761.653645523,MANTIENI STATO ATTUALE,MEDIO,False,False,True,False,,False,False,False,False
2020-05-10,210.06,210.06,180.01,187.73,187.73,170.862,174.24184999999997,46.76821372132086,14.024856694651017,479238.22296594,199720.8663471355,MANTIENI STATO ATTUALE,MEDIO,False,False,True,False,,False,False,False,False
2020-05-11,187.65,193.77,176.43,185.93,185.93,172.1322,174.36814999999999,45.83651551753858,14.261652645033088,266403.27205753,204547.27662145652,MANTIENI STATO ATTUALE,MEDIO,False,False,True,False,,False,False,False,False
2020-05-12,185.93,192.89,185.79,190.1,190.1,173.1942,174.41035000000002,48.401078296416856,13.750106027530725,114408.63558372,201346.03446145897,MANTIENI STATO ATTUALE,MEDIO,False,False,True,False,,False,False,False,False
2020-05-13,189.93,201.59,188.36,199.92,199.92,174.4126,174.50979999999998,53.93278121822984,13.712955596992815,145067.37490257,195012.1368095245,MANTIENI STATO ATTUALE,MEDIO,False,False,True,False,,False,False,False,False
2020-05-14,199.92,206.25,195.7,203.4,203.4,175.75539999999998,174.60475000000002,55.743486864706746,13.487030197207616,169935.22065409,197243.8644307435,MANTIENI STATO ATTUALE,BASSO,False,False,True,False,,False,False,False,False
2020-05-15,203.4,204.3,191.35,194.7,194.7,176.86939999999998,174.66815,50.409044579396216,13.448670897407073,145885.04950668,197187.021253619,MANTIENI STATO ATTUALE,BASSO,False,False,True,False,,False,False,False,False
2020-05-16,194.66,203.36,193.24,200.53,200.53,178.24880000000002,174.71529999999998,53.612576986133355,13.210908690449426,89046.63238362,194894.0867947255,MANTIENI STATO ATTUALE,BASSO,False,False,True,False,,False,False,False,False
2020-05-17,200.5,210.0,199.1,207.05,207.05,179.7628,174.83365,56.96108744783383,13.045843783988753,114512.3105608,192342.9025040255,MANTIENI STATO ATTUALE,BASSO,False,False,True,False,,False,False,False,False
2020-05-18,207.05,216.99,206.99,214.97,214.97,181.57519999999997,174.9966,60.67461512042488,12.828283513703841,163043.28096713,195214.64563844548,MANTIENI STATO ATTUALE,MEDIO,False,False,True,False,,False,False,False,False
2020-05-19,214.86,215.84,209.22,214.71,214.71,183.22299999999998,175.15420000000003,60.49009552445236,12.384834691296424,98910.17410947,181292.28967973898,MANTIENI STATO ATTUALE,MEDIO,False,False,True,False,,False,False,False,False
2020-05-20,214.8,215.5,205.1,209.96,209.96,184.76059999999998,175.28775000000002,57.075122613357316,12.243060784775253,104103.82197937,165981.698694124,MANTIENI STATO ATTUALE,BASSO,False,False,True,False,,False,False,False,False
2020-05-21,209.95,211.52,191.27,198.62,198.62,186.0102,175.37219999999996,49.840883590098954,12.814985014434164,179532.29834323,167303.88937232,MANTIENI STATO ATTUALE,BASSO,False,False,True,False,,False,False,False,False
2020-05-22,198.61,209.28,196.12,207.32,207.32,187.326,175.47754999999998,54.59570112903437,12.839628941974581,129598.18331979,169481.36137069,MANTIENI STATO ATTUALE,BASSO,False,False,True,False,,False,False,False,False
2020-05-23,207.3,211.3,204.56,206.66,206.66,188.6284,175.56645,54.17613409646635,12.403941160404969,67466.85940148,165596.466900936,MANTIENI STATO ATTUALE,BASSO,False,False,True,False,,False,False,False,False
2020-05-24,206.61,210.67,199.3,199.63,199.63,189.7314,175.60895,49.78722206320455,12.330088220376043,106095.09791687,160425.4881368475,MANTIENI STATO ATTUALE,BASSO,False,False,True,False,,False,False,False,False
2020-05-25,199.63,205.71,198.01,204.06,204.06,190.95680000000002,175.69715,52.40391739237642,11.999367633206326,81997.29845547,158202.1942574885,MANTIENI STATO ATTUALE,BASSO,False,False,True,False,,False,False,False,False
2020-05-26,204.13,205.03,196.65,200.91,200.91,191.545,175.7836,50.392971481954966,11.74084137369159,100703.87164821,154630.2610128735,MANTIENI STATO ATTUALE,BASSO,False,False,True,False,,False,False,False,False
2020-05-27,200.87,208.48,200.76,208.41,208.41,192.4218,175.9018,54.83679481216373,11.453638418427905,77179.58901738,145493.512256219,MANTIENI STATO ATTUALE,BASSO,False,False,True,False,,False,False,False,False
2020-05-28,208.41,220.68,204.5,220.44,220.44,193.3634,176.0596,60.88885392018007,11.791235674254484,146497.83268041,144990.1953633725,ACQUISTA,MEDIO,True,False,True,False,standard,True,False,False,False
2020-05-29,220.39,224.84,217.52,220.62,220.62,194.3808,176.23945,60.973124067677695,11.471861697522021,135620.52543794,145762.277594585,MANTIENI STATO ATTUALE,MEDIO,False,False,True,False,,True,False,False,False
2020-05-30,220.55,247.36,218.33,243.84,243.84,196.0956,176.52375,69.96380396741202,12.726014433413306,254679.91896954,134534.362394765,MANTIENI STATO ATTUALE,MEDIO,False,False,True,False,,True,False,False,False
2020-05-31,243.85,245.46,229.46,231.54,231.54,197.55540000000002,176.74285,61.837248827025284,12.959870545312356,162582.98189044,129343.3478864105,MANTIENI STATO ATTUALE,MEDIO,True,False,True,False,,True,False,False,False
2020-06-01,231.43,251.46,230.59,248.41,248.41,199.34619999999998,177.06215,67.42582474935017,13.52487979207576,216373.63959941,134441.59808719502,MANTIENI STATO ATTUALE,ALTO,False,False,True,False,,True,False,False,False
2020-06-02,248.42,253.6,225.6,237.71,237.71,200.96519999999998,177.3516,61.29473042711116,14.558816949784635,270793.52134846,140727.9054094895,MANTIENI STATO ATTUALE,MEDIO,True,False,True,False,,True,False,False,False
2020-06-03,237.7,245.39,233.28,244.6,244.6,202.68419999999998,177.66334999999998,63.590590886687544,14.383901453371445,112638.13782506,137863.05126803802,MANTIENI STATO ATTUALE,MEDIO,False,False,True,False,,True,False,False,False
2020-06-04,244.59,246.73,236.17,243.18,243.18,204.49239999999998,177.95985000000002,62.76428324071918,14.110765635273486,159033.0192543,138520.449755419,MANTIENI STATO ATTUALE,MEDIO,True,False,True,False,,True,False,False,False
2020-06-05,243.18,247.9,238.65,240.04,240.04,205.84220000000002,178.27079999999998,60.8804066793203,13.76356808989681,117168.70393642,139926.553333059,MANTIENI STATO ATTUALE,MEDIO,False,False,True,False,,True,False,False,False
2020-06-06,240.04,244.52,237.67,241.92,241.92,207.26280000000003,178.60174999999998,61.623122021249564,13.269741797761325,60101.61055226,137206.018332632,MANTIENI STATO ATTUALE,MEDIO,False,False,True,False,,True,False,False,False
2020-06-07,241.92,245.45,234.48,244.81,244.81,208.4014,178.95405000000002,62.792573932677236,13.10547452649266,128372.56725763,135472.48264715698,MANTIENI STATO ATTUALE,MEDIO,False,False,True,False,,True,False,False,False
2020-06-08,244.79,247.97,240.82,246.55,246.55,209.72459999999998,179.3827,63.513484197009845,12.680083488886043,93327.75056481,135193.361469924,MANTIENI STATO ATTUALE,MEDIO,False,False,True,False,,True,False,False,False
2020-06-09,246.55,249.99,238.91,244.03,244.03,211.1952,179.85299999999998,61.65043758413301,12.565791811108468,111405.53181014,135558.4469614625,MANTIENI STATO ATTUALE,MEDIO,False,False,True,False,,True,False,False,False
2020-06-10,244.04,250.56,242.13,248.16,248.16,212.737,180.3338,63.53812869738709,12.270378110315006,142311.15342422,133697.389715512,MANTIENI STATO ATTUALE,MEDIO,True,False,True,False,,True,False,False,False
2020-06-11,248.27,250.26,225.2,230.15,230.15,213.6778,180.78460000000004,51.60820609289584,13.183922531006793,240083.16277683,139221.638688364,MANTIENI STATO ATTUALE,MEDIO,False,False,True,False,,True,False,False,False
2020-06-12,230.14,239.54,227.84,237.53,237.53,214.7152,181.2427,55.3110128714737,13.077928064506308,133036.84861839,142500.1381492095,MANTIENI STATO ATTUALE,MEDIO,False,False,True,False,,True,False,False,False
2020-06-13,237.57,238.8,234.11,238.17,238.17,215.7218,181.69439999999997,55.62809785139598,12.478790345613,46315.99128011,139511.1828173715,MANTIENI STATO ATTUALE,MEDIO,False,False,True,False,,True,False,False,False
2020-06-14,238.18,238.59,229.75,231.34,231.34,216.46020000000001,182.08610000000002,51.43389004756785,12.218876749497786,108186.66771876,140820.65128053603,MANTIENI STATO ATTUALE,MEDIO,False,False,True,False,,True,False,False,False
2020-06-15,231.34,234.0,217.79,230.98,230.98,217.1232,182.48595,51.214702001809876,12.503956981676517,240181.57688417,147794.536542334,MANTIENI STATO ATTUALE,MEDIO,False,False,True,False,,True,False,False,False
2020-06-16,230.96,236.02,228.78,235.34,235.34,217.89440000000002,182.88890000000004,53.78351828543395,12.12796005441391,86465.3143021,148258.82280657,MANTIENI STATO ATTUALE,MEDIO,False,False,True,False,,True,False,False,False
2020-06-17,235.35,237.0,227.5,233.71,233.71,218.6352,183.29855,52.666993397000724,11.940248621955774,89376.40701295,145402.751523197,MANTIENI STATO ATTUALE,MEDIO,False,False,True,False,,True,False,False,False
2020-06-18,233.69,234.5,227.37,231.05,231.05,218.94300000000004,183.69895,50.813145924857494,11.596659434673219,64198.37536142,141831.644019371,MANTIENI STATO ATTUALE,MEDIO,False,False,True,False,,True,False,False,False
2020-06-19,231.05,231.9,226.43,228.66,228.66,219.3916,184.09740000000002,49.13948669873452,11.159040903625131,66279.2578057,132411.610961179,MANTIENI STATO ATTUALE,MEDIO,False,False,True,False,,True,False,False,False
2020-06-20,228.67,230.67,225.5,228.8,228.8,219.7258,184.50474999999997,49.244946042418555,10.731252267651907,44777.05564533,126521.31464892351,MANTIENI STATO ATTUALE,MEDIO,False,False,True,False,,True,False,False,False
2020-06-21,228.8,231.29,226.86,227.68,227.68,219.99439999999998,184.91565,48.380673129260586,10.281162819962484,44083.75435657,117906.8203867815,MANTIENI STATO ATTUALE,MEDIO,False,False,True,False,,True,False,True,False
2020-06-22,227.7,246.95,227.2,243.23,243.23,220.65419999999997,185.3909,59.11060520800626,10.957508332822307,166917.79861423,112713.03425007002,MANTIENI STATO ATTUALE,MEDIO,True,False,True,False,,True,False,False,False
2020-06-23,243.24,244.8,240.73,243.12,243.12,221.37940000000003,185.8624,59.01714863875831,10.46554345190643,73617.26296542,110761.99050708799,MANTIENI STATO ATTUALE,MEDIO,False,False,True,False,,True,False,False,False
2020-06-24,243.08,249.04,230.66,234.44,234.44,221.95960000000002,186.29745,52.02702092669753,11.030861776770257,145340.38961032,110077.359024889,MANTIENI STATO ATTUALE,MEDIO,True,False,True,False,,True,False,False,False
2020-06-25,234.44,235.24,227.05,231.97,231.97,222.6138,186.70375,50.204747322156976,10.827943078429524,115681.75713751,110003.0116849435,MANTIENI STATO ATTUALE,MEDIO,True,False,True,False,,True,False,False,False
2020-06-26,231.94,233.25,227.3,229.44,229.44,222.9532,187.11445,48.33718860888797,10.479518572827415,82611.98976703,111128.53064568201,MANTIENI STATO ATTUALE,MEDIO,False,False,True,False,,True,False,False,False
2020-06-27,229.45,231.1,215.16,220.76,220.76,223.1366,187.49050000000003,42.49647072073499,10.869552960482599,131871.65434052,111303.4849998265,MANTIENI STATO ATTUALE,BASSO,False,False,True,False,,True,False,True,False
2020-06-28,220.74,227.93,217.35,224.76,224.76,223.4318,187.89785,45.74968066420134,10.848870606162414,67155.35599069,109994.86527112052,MANTIENI STATO ATTUALE,BASSO,False,False,True,False,,True,False,True,False
2020-06-29,224.94,229.98,220.98,227.81,227.81,224.2334,188.31345000000002,48.158051918322045,10.716808420007956,81211.44620718,108485.16099097251,MANTIENI STATO ATTUALE,MEDIO,False,False,True,False,,True,False,True,False
2020-06-30,227.81,228.69,222.93,225.48,225.48,225.02439999999999,188.71735,46.461168412107305,10.362750675721673,57678.36075887,104253.521357705,MANTIENI STATO ATTUALE,BASSO,False,False,True,False,,True,False,True,False
2020-07-01,225.5,232.77,224.11,231.03,231.03,225.84300000000002,189.16385,50.899228512342304,10.241125627455839,91282.48097,96813.4872673635,MANTIENI STATO ATTUALE,MEDIO,False,False,True,False,,True,False,False,False
2020-07-02,231.15,232.15,222.78,226.48,226.48,226.37420000000003,189.58435,47.428156444753235,10.178902368351851,89324.15323347,94627.85249811751,MANTIENI STATO ATTUALE,BASSO,False,False,True,False,,True,False,True,False
2020-07-03,226.43,228.26,224.31,225.06,225.06,226.80740000000003,190.04785,46.36546141776274,9.733980770612433,67562.68650168,95690.187259196,MANTIENI STATO ATTUALE,BASSO,False,False,True,False,,True,False,True,False
2020-07-04,224.98,231.04,224.5,229.34,229.34,227.5002,190.58540000000002,50.00182004438252,9.50583928699726,50798.99631699,92820.8036891075,MANTIENI STATO ATTUALE,MEDIO,False,False,True,False,,True,False,False,False
2020-07-05,229.34,229.93,223.5,227.67,227.67,228.043,191.0593,48.61676943905991,9.28613648078317,45635.09435721,83093.4795627595,MANTIENI STATO ATTUALE,BASSO,False,False,True,False,,True,False,True,False
2020-07-06,227.62,241.99,227.08,241.65,241.65,228.735,191.62665,58.884241292691485,9.687841017870086,140881.46531449,85814.287113379,MANTIENI STATO ATTUALE,MEDIO,True,False,True,False,,True,False,False,False
2020-07-07,241.71,243.82,234.55,239.37,239.37,229.22300000000004,192.18164999999996,56.88772419240811,9.657995230879365,84359.1623332,85563.4248793915,MANTIENI STATO ATTUALE,MEDIO,False,False,True,False,,True,False,False,False
2020-07-08,239.37,249.0,237.91,247.14,247.14,229.8716,192.78189999999998,61.65874323600961,9.760281285816555,135216.77486401,89114.34485452101,MANTIENI STATO ATTUALE,MEDIO,True,False,True,False,,True,False,False,False
2020-07-09,247.11,247.67,237.04,242.0,242.0,230.5124,193.32989999999998,57.15290790004412,9.822404051115372,107698.9573371,91185.329831091,MANTIENI STATO ATTUALE,MEDIO,True,False,True,False,,True,False,False,False
2020-07-10,242.0,242.12,235.56,241.2,241.2,231.364,193.89700000000002,56.46132654370556,9.589375190321416,71281.88112286,92510.5711049675,MANTIENI STATO ATTUALE,MEDIO,False,False,True,False,,True,False,False,False
2020-07-11,241.26,241.58,237.43,239.17,239.17,232.00100000000003,194.4543,54.65407651665188,9.200848391012745,38867.95249326,92249.781011802,MANTIENI STATO ATTUALE,MEDIO,False,False,True,False,,True,False,False,False
2020-07-12,239.18,243.9,236.51,242.81,242.81,232.72400000000002,195.04335,57.29374095433653,9.071502077368978,61521.88398572,86979.9852803765,MANTIENI STATO ATTUALE,MEDIO,False,False,True,False,,True,False,False,False
2020-07-13,242.81,245.37,236.97,239.44,239.44,233.52020000000002,195.6131,54.15085248741743,9.023537643271194,123671.07492457,89482.675878334,MANTIENI STATO ATTUALE,MEDIO,False,False,True,False,,True,False,False,False
2020-07-14,239.25,242.01,236.66,240.43,240.43,234.24759999999998,196.1841,54.93296768830292,8.761142097323251,70522.17530535,85741.76516308551,MANTIENI STATO ATTUALE,MEDIO,False,False,True,False,,True,False,False,False
2020-07-15,240.4,241.44,236.36,238.33,238.33,234.99599999999998,196.7362,52.872626566257935,8.498203376085876,116172.66592129,85766.31060227449,MANTIENI STATO ATTUALE,MEDIO,False,False,True,False,,True,False,False,False
2020-07-16,238.35,239.16,229.77,233.41,233.41,235.49599999999998,197.23175,48.301750650639754,8.561903134936884,143676.50946975,88819.5365874105,MANTIENI STATO ATTUALE,BASSO,False,False,True,False,,True,False,False,False
2020-07-17,233.47,234.55,230.87,232.63,232.63,235.7398,197.73940000000002,47.59919243914204,8.213195768155678,77645.60947152,86108.2343439605,MANTIENI STATO ATTUALE,BASSO,False,False,True,False,,True,False,False,False
2020-07-18,232.59,236.97,232.24,235.72,235.72,236.0418,198.27530000000002,50.6608702568152,7.964396070430272,48348.08464248,85167.87077655,MANTIENI STATO ATTUALE,BASSO,False,False,True,False,,True,False,False,False
2020-07-19,235.69,240.0,233.28,239.17,239.17,235.9484,198.8202,53.89957763736862,7.87551063682811,47600.88537256,83487.342734819,MANTIENI STATO ATTUALE,MEDIO,False,False,True,False,,True,False,False,False
2020-07-20,239.26,239.8,233.85,236.1,236.1,236.03959999999998,199.36665000000002,50.709691659260535,7.73797416276896,75335.42836551,84370.196115151,MANTIENI STATO ATTUALE,BASSO,False,False,True,False,,True,False,False,False
2020-07-21,236.12,247.18,235.77,245.65,245.65,235.9844,199.92405000000002,58.865166006314084,8.000261722571178,132078.78763576,86410.011448439,MANTIENI STATO ATTUALE,MEDIO,True,False,True,False,,True,False,False,False
2020-07-22,245.64,269.49,241.62,264.28,264.28,236.5158,200.57475,69.47552468577086,9.419528742387524,152721.59642151,89579.883607841,MANTIENI STATO ATTUALE,MEDIO,False,False,True,False,,True,False,False,False
2020-07-23,264.28,282.6,260.1,275.68,275.68,237.1374,201.2766,73.91025164799296,10.353848117931273,309092.34216714,101656.36639111399,MANTIENI STATO ATTUALE,ALTO,False,False,True,False,,True,False,False,False
2020-07-24,275.56,287.8,268.39,279.59,279.59,237.8656,201.95359999999997,75.23900205993593,11.000716109507612,180943.23090308,108163.5781204185,MANTIENI STATO ATTUALE,ALTO,False,False,True,False,,True,False,False,False
2020-07-25,279.66,310.0,279.62,305.66,305.66,239.178,202.7665,81.8693447902518,12.38709353025707,245086.41093138,118136.14394912698,MANTIENI STATO ATTUALE,ALTO,False,False,True,False,,True,False,False,False
2020-07-26,305.55,319.86,300.21,311.35,311.35,240.5666,203.62025000000003,82.94291061521879,12.905872563810139,238205.01599146,123002.3214829755,MANTIENI STATO ATTUALE,ALTO,False,False,True,False,,True,False,False,False
2020-07-27,311.43,334.34,311.38,322.24,322.24,242.11520000000002,204.54289999999997,84.79819554761904,13.62616738068084,412079.37629514,139388.3321810725,MANTIENI STATO ATTUALE,ALTO,False,False,True,False,,True,False,False,False
2020-07-28,322.41,327.34,306.29,317.59,317.59,243.53600000000003,205.40725000000003,80.75889811571288,14.156441139203634,208395.56039785,143047.2714577645,MANTIENI STATO ATTUALE,ALTO,False,False,True,False,,True,False,False,False
2020-07-29,317.52,325.85,312.66,318.16,318.16,245.0186,206.2849,80.87913379775617,14.087409629260518,166994.96333734,146012.0717577765,MANTIENI STATO ATTUALE,ALTO,False,False,True,False,,True,False,False,False
2020-07-30,318.15,342.4,314.52,335.31,335.31,246.7616,207.22845,84.0987780237258,15.07259465574191,175330.87646686,151214.5215249765,MANTIENI STATO ATTUALE,ALTO,False,False,True,False,,True,False,False,False
2020-07-31,335.25,349.74,328.35,346.86,346.86,249.09580000000003,208.2452,85.82936054624008,15.523837894617486,199448.47978816,159243.5478897215,MANTIENI STATO ATTUALE,ALTO,False,False,True,False,,True,False,False,False
2020-08-01,346.86,394.0,343.75,387.4,387.4,252.0932,209.3534,89.95976199632703,18.004278045001954,308505.50003166,171592.72869201849,MANTIENI STATO ATTUALE,ALTO,False,False,True,False,,True,False,False,False
2020-08-02,387.4,415.0,325.75,372.21,372.21,254.77399999999997,210.38300000000004,80.49264532352353,23.09325818464467,573146.54484066,194066.502187823,MANTIENI STATO ATTUALE,ALTO,False,False,True,False,,True,False,False,False
2020-08-03,372.19,399.69,366.34,386.22,386.22,257.8716,211.49445,82.33874843028995,23.8258826000272,246596.56665901,202870.221755506,MANTIENI STATO ATTUALE,ALTO,False,False,True,False,,True,False,False,False
2020-08-04,386.27,403.64,380.67,389.82,389.82,261.0484,212.5956,82.78946243959585,23.764748128596686,250989.95459676,209611.0861892795,MANTIENI STATO ATTUALE,ALTO,False,False,True,False,,True,False,False,False
2020-08-05,389.76,408.0,383.86,401.21,401.21,264.3658,213.73135000000002,84.16625681704006,23.79155183369692,208377.2177264,212846.12160211202,MANTIENI STATO ATTUALE,ALTO,False,False,True,False,,True,False,False,False
2020-08-06,401.21,404.03,391.0,395.28,395.28,267.5972,214.87400000000002,80.55321347672594,23.022869559861427,147321.25541594,216329.90389933297,MANTIENI STATO ATTUALE,ALTO,False,False,True,False,,True,False,False,False
2020-08-07,395.28,398.57,362.88,379.75,379.75,270.5712,215.93935000000002,71.85386482850771,23.927664591299894,258109.56327072,226817.977830745,MANTIENI STATO ATTUALE,ALTO,False,False,True,False,,True,False,False,False
2020-08-08,379.76,400.06,376.18,397.51,397.51,273.9482,217.08094999999997,75.1579248407017,23.924259977635618,109615.57796907,229918.7124605705,MANTIENI STATO ATTUALE,ALTO,False,False,True,False,,True,False,False,False
2020-08-09,397.5,401.0,384.02,390.41,390.41,277.1804,218.19459999999998,71.54223053794207,23.428241407804503,144028.58904543,233353.37049456648,MANTIENI STATO ATTUALE,ALTO,False,False,True,False,,True,False,False,False
2020-08-10,390.41,400.21,385.44,395.78,395.78,280.5424,219.3615,72.61529452364071,22.809795592961326,198449.18038811,236671.890132184,MANTIENI STATO ATTUALE,ALTO,False,False,True,False,,True,False,False,False
2020-08-11,395.77,398.3,364.77,378.88,378.88,283.2554,220.44439999999997,64.38682819566648,23.575524479178377,231283.21718575,240599.971170396,MANTIENI STATO ATTUALE,ALTO,False,False,True,False,,True,False,False,False
2020-08-12,378.92,389.57,365.19,387.27,387.27,286.1384,221.58015,66.42113629594232,23.63298701637992,193171.5051413,234803.929319104,MANTIENI STATO ATTUALE,ALTO,False,False,True,False,,True,False,False,False
2020-08-13,387.27,432.94,376.46,424.94,424.94,289.9484,222.86810000000003,73.68840989916782,25.979202229495645,363868.52826094,243950.194186997,MANTIENI STATO ATTUALE,ALTO,False,False,True,False,,True,False,False,False
2020-08-14,425.0,445.45,417.52,438.83,438.83,294.0856,224.2134,75.77068435743712,26.118544927388815,320572.96388462,247724.52183465898,MANTIENI STATO ATTUALE,ALTO,False,False,True,False,,True,False,False,False
2020-08-15,438.83,443.33,428.0,432.55,432.55,298.14779999999996,225.4962,72.95934118278046,25.347934575432472,170960.90077551,244362.3160738615,MANTIENI STATO ATTUALE,ALTO,False,False,True,False,,True,False,False,False
2020-08-16,432.67,437.0,412.51,433.7,433.7,302.4066,226.79745,73.15576159564822,25.286653534330153,198013.6894012,233659.03172916448,MANTIENI STATO ATTUALE,ALTO,False,False,True,False,,True,False,False,False
2020-08-17,433.71,447.5,420.5,431.5,431.5,306.5414,228.0322,72.0771221141323,25.40903542473514,221839.14358535,234331.2108885395,MANTIENI STATO ATTUALE,ALTO,False,False,True,False,,True,False,False,False
2020-08-18,431.5,434.27,414.44,422.31,422.31,310.4314,229.24505000000002,67.59368178936305,25.010532894396917,148682.30738539,233415.578090942,MANTIENI STATO ATTUALE,ALTO,False,False,True,False,,True,False,False,False
2020-08-19,422.31,426.97,393.75,407.59,407.59,314.0736,230.3655,61.04381312311997,25.596923401939996,212936.96902525,235295.8827188615,MANTIENI STATO ATTUALE,ALTO,False,False,True,False,,True,False,False,False
2020-08-20,407.6,419.58,402.3,415.92,415.92,317.77139999999997,231.50365,63.21604785201071,25.002857444658567,146536.51021535,232650.284240221,MANTIENI STATO ATTUALE,ALTO,False,False,True,False,,True,False,False,False
2020-08-21,415.92,418.92,385.0,388.05,388.05,321.0028,232.4968,52.64001142919562,25.639796198611528,218376.51497554,228143.834987415,MANTIENI STATO ATTUALE,ALTO,False,False,True,False,,True,False,True,False
2020-08-22,388.0,399.73,379.53,395.62,395.62,324.414,233.53370000000004,54.849548480926394,25.25123932728214,145453.08931908,206759.162211336,MANTIENI STATO ATTUALE,ALTO,False,False,True,False,,True,False,True,False
2020-08-23,395.52,400.0,383.67,390.9,390.9,327.6452,234.4682,53.18346361317757,24.614007946761987,79939.92783349,198426.33027006,MANTIENI STATO ATTUALE,ALTO,False,False,True,False,,True,False,True,False
2020-08-24,390.78,411.97,387.72,407.76,407.76,331.24699999999996,235.44224999999997,58.081581236349344,24.588007379136133,153521.94600679,193552.92984056153,MANTIENI STATO ATTUALE,ALTO,False,False,True,False,,True,False,False,False
2020-08-25,407.76,409.31,369.36,383.33,383.33,334.0806,236.2428,49.92999653226178,25.685292566340696,189576.54223265,192612.896065874,MANTIENI STATO ATTUALE,ALTO,False,False,True,False,,True,False,True,False
2020-08-26,383.26,393.5,377.56,386.1,386.1,337.01520000000005,237.05645,50.77360825003304,24.989200240173503,131417.52221164,191817.709405659,MANTIENI STATO ATTUALE,ALTO,False,False,True,False,,True,False,True,False
2020-08-27,386.12,397.15,371.5,383.25,383.25,339.73740000000004,237.8287,49.84310089642417,25.03640022301825,121889.95194935,185006.7288395905,MANTIENI STATO ATTUALE,ALTO,False,False,True,False,,True,False,True,False
2020-08-28,383.27,398.16,379.67,395.47,395.47,342.8068,238.6918,53.7564116605077,24.568800207088376,123755.41938251,185713.7209102625,MANTIENI STATO ATTUALE,ALTO,False,False,True,False,,True,False,True,False
2020-08-29,395.35,405.82,392.34,398.58,398.58,345.9544,239.4948,54.724578115103014,23.776743049439208,89963.76995825,183010.4799559035,MANTIENI STATO ATTUALE,ALTO,False,False,True,False,,True,False,True,False
2020-08-30,398.57,429.9,398.24,428.94,428.94,349.74979999999994,240.30704999999998,62.89210981579915,24.339832831622118,170379.4456584,181606.99321941801,MANTIENI STATO ATTUALE,ALTO,False,False,True,False,,True,False,False,False
2020-08-31,428.92,439.0,418.16,433.89,433.89,353.5714,241.1344,64.03141428170187,24.089844772220538,168619.80537213,178473.82262873702,MANTIENI STATO ATTUALE,ALTO,False,False,True,False,,True,False,False,False
2020-09-01,433.88,488.95,429.66,475.57,475.57,358.29400000000004,242.08089999999996,71.86453513237677,26.60414157420478,333743.62207967,185502.4284756555,MANTIENI STATO ATTUALE,ALTO,False,False,True,False,,True,False,False,False
2020-09-02,475.57,481.2,420.58,440.02,440.02,362.28579999999994,242.9564,59.88531876911546,29.033845747475873,320308.05438354,183324.4047817855,MANTIENI STATO ATTUALE,ALTO,True,False,True,False,,True,False,False,False
2020-09-03,439.99,451.0,370.0,382.87,382.87,365.1766,243.57825,46.473672399452745,32.745713908370455,407832.29146336,187687.3711607225,VENDI,ALTO,False,False,True,False,,False,False,True,True
2020-09-04,382.15,400.5,359.0,388.96,388.96,368.2876,244.18290000000002,47.81487442961085,33.37102005777257,286186.00739699,193448.62649179652,MANTIENI STATO ATTUALE,ALTO,False,False,True,False,,False,False,False,False
2020-09-05,389.2,394.38,310.0,335.25,335.25,370.34,244.44260000000003,38.62315012614314,37.01451862507453,607878.87819331,213941.88593140204,VENDI,MEDIO,False,False,True,False,,False,True,False,False
2020-09-06,335.25,360.61,316.43,352.77,352.77,372.681,244.91314999999997,42.50574480675023,37.526338723283494,266338.83290829,216166.87039754898,VENDI,ALTO,False,False,True,False,,False,True,False,False
2020-09-07,352.85,358.66,323.17,353.71,353.71,374.97180000000003,245.39469999999997,42.715125129218926,37.38088595733468,215514.08931085,219508.459493822,VENDI,ALTO,False,False,True,False,,False,True,False,False
2020-09-08,353.71,357.01,325.36,337.48,337.48,376.9993999999999,245.75310000000002,40.00610032598503,36.9715369603822,209229.73612667,219323.097848893,VENDI,MEDIO,False,False,True,False,,False,True,False,False
2020-09-09,337.48,359.41,330.6,351.1,351.1,379.1084,246.19819999999999,43.25829795225101,36.38857003464062,166730.61512655,220332.803094453,VENDI,ALTO,False,False,True,False,,False,True,False,False
2020-09-10,351.11,377.79,350.23,368.06,368.06,381.184,246.6611,47.10359105662401,35.757957889309154,217245.43576712,220276.249134032,VENDI,ALTO,False,False,True,False,,False,True,False,False
2020-09-11,367.94,375.38,355.81,373.93,373.93,383.149,247.2042,48.40680714283425,34.60167518292993,132464.58690229,219626.8240131925,VENDI,ALTO,False,False,True,False,,False,True,False,False
2020-09-12,373.93,388.25,364.88,387.81,387.81,385.31340000000006,247.91075,51.45254656566045,33.79941266986351,109437.79363532,221101.71730328404,MANTIENI STATO ATTUALE,ALTO,False,False,True,False,,False,False,False,False
2020-09-13,387.82,390.41,353.58,366.58,366.58,386.5318,248.62614999999997,46.89269463161691,34.01588319344469,164465.94392732,221648.91719931053,VENDI,ALTO,False,False,True,False,,False,True,False,False
2020-09-14,366.58,384.61,355.66,377.28,377.28,387.85040000000004,249.37439999999998,49.330017629208314,33.65403439391292,190573.77197746,221698.778686551,VENDI,ALTO,False,False,True,False,,False,True,False,False
2020-09-15,377.27,382.76,362.5,364.2,364.2,388.6896,250.05855,46.519401168662654,32.69731765149057,170054.9627384,223630.650712889,VENDI,ALTO,False,False,True,False,,False,True,False,False
2020-09-16,364.05,373.37,355.0,365.23,365.23,389.64240000000007,250.79815,46.776563521781,31.673937819241246,130167.7980122,224044.54301603153,VENDI,ALTO,False,False,True,False,,False,True,False,False
2020-09-17,365.22,394.55,363.4,389.45,389.45,391.0682,251.6591,52.55396622984451,31.636513689295445,212965.41279613,228505.04268671252,MANTIENI STATO ATTUALE,ALTO,False,False,True,False,,False,False,False,False
2020-09-18,389.52,392.69,375.19,384.64,384.64,392.05479999999994,252.42170000000002,51.361561827217535,30.626762711488627,163353.49313499,232174.5288455495,MANTIENI STATO ATTUALE,ALTO,False,False,True,False,,False,False,False,False
2020-09-19,384.6,388.43,377.2,385.23,385.23,392.8222,253.2291,51.50690331788093,29.241279660668013,70257.87733175,227168.45042921702,MANTIENI STATO ATTUALE,ALTO,False,False,True,False,,False,False,False,False
2020-09-20,385.25,385.31,364.89,370.69,370.69,392.48800000000006,253.95974999999999,47.722234855720245,28.611188256334586,89803.37071302,223227.62869626153,VENDI,ALTO,False,False,True,False,,False,True,False,False
2020-09-21,371.03,376.76,331.0,340.11,340.11,391.846,254.5171,40.91322620363661,29.836103380882115,266795.43383713,219880.2192841345,VENDI,MEDIO,False,False,True,False,,False,True,False,False
2020-09-22,340.36,346.84,335.57,344.26,344.26,391.0068,255.0106,42.12016621976789,28.509953139390536,125988.89838001,210164.261483958,VENDI,MEDIO,False,False,True,False,,False,True,False,False
2020-09-23,344.25,344.64,313.0,320.63,320.63,389.62300000000005,255.425,37.431657043771054,28.733527915148354,190725.11444266,199308.902632923,VENDI,MEDIO,False,False,True,False,,False,True,False,False
2020-09-24,320.65,353.14,316.65,349.14,349.14,388.5816,256.1734,45.337566480655596,29.287561635494903,183245.45463309,194161.874994728,VENDI,MEDIO,False,False,True,False,,False,True,False,False
2020-09-25,349.14,358.12,337.63,352.11,352.11,387.7182,256.9201,46.10160790680406,28.659164375816697,126913.44997664,170113.6035838945,VENDI,MEDIO,False,False,True,False,,False,True,False,False
2020-09-26,352.12,356.5,346.03,354.13,354.13,387.2058,257.68825,46.647818015919334,27.35993834897265,61035.01105045,159848.41249100253,VENDI,MEDIO,False,False,True,False,,False,True,False,False
2020-09-27,354.01,362.86,347.05,357.55,357.55,386.4066,258.50295,47.615748323347205,26.534942752617464,80085.26429182,153076.97124005103,VENDI,MEDIO,False,False,True,False,,False,True,False,False
2020-09-28,357.53,368.52,351.88,353.91,353.91,385.6766,259.721,46.645765402469166,25.828161127430505,104212.37558644,147826.10321303952,VENDI,MEDIO,False,False,True,False,,False,True,False,False
2020-09-29,353.68,360.59,350.19,359.9,359.9,384.959,260.84295,48.50481186735926,24.726149618328325,116581.13501754,145318.629207589,VENDI,MEDIO,False,False,True,False,,False,True,False,False
2020-09-30,359.93,361.51,351.38,359.89,359.89,384.57920000000007,262.03155000000004,48.50177352414272,23.683567502733446,61528.3697469,137532.775906578,VENDI,MEDIO,False,False,True,False,,False,True,False,False
2020-10-01,360.01,370.25,345.01,352.9,352.9,383.8918,263.17955,46.3177307513662,23.7947412525382,123288.381776,137073.9656502635,VENDI,MEDIO,False,False,True,False,,False,True,False,False
2020-10-02,352.84,354.25,334.19,345.7,345.7,382.30699999999996,264.35115,44.11418639065638,23.527974020214042,152553.41162458,139229.74654972652,VENDI,MEDIO,False,False,True,False,,False,True,False,False
2020-10-03,345.74,351.2,343.71,346.18,346.18,380.454,265.5016,44.3044206248788,22.38240444734161,39972.14867485,133005.056787103,VENDI,MEDIO,False,False,True,False,,False,True,False,False
2020-10-04,346.18,354.35,344.08,352.48,352.48,378.8526,266.671,46.86114147484287,21.517232701102927,57672.70466128,126360.003421294,VENDI,MEDIO,False,False,True,False,,False,True,False,False
2020-10-05,352.42,356.12,348.69,353.73,353.73,377.2532,267.75625,47.3773079522421,20.511001793881288,53291.56083882,120521.833326315,VENDI,MEDIO,False,False,True,False,,False,True,False,False
2020-10-06,353.82,355.33,336.73,340.78,340.78,375.43880000000007,268.79380000000003,42.74490461611205,20.37450166574691,101113.66417348,119069.12663437899,VENDI,MEDIO,False,False,True,False,,False,True,False,False
2020-10-07,340.8,342.83,332.87,341.68,341.68,373.8262,269.83825,43.160854445929324,19.63060868962213,95554.36544775,113198.57426695999,VENDI,MEDIO,False,False,True,False,,False,True,False,False
2020-10-08,341.7,353.34,334.29,351.25,351.25,372.69939999999997,270.98240000000004,47.52624461958895,19.589136640363403,88039.97567275,109432.89839384801,VENDI,MEDIO,False,False,True,False,,False,True,False,False
2020-10-09,351.17,368.7,347.15,365.36,365.36,371.6882,272.12420000000003,53.229786532040876,19.729198308908874,116241.01508045,111732.05528128301,ACQUISTA,MEDIO,True,False,True,False,standard,True,False,False,False
2020-10-10,365.35,380.81,365.02,370.75,370.75,371.3422,273.28295,55.231586287844934,19.44782700112967,117309.72652529,113107.37307189652,MANTIENI STATO ATTUALE,MEDIO,True,False,True,False,,True,False,False,False
2020-10-11,370.73,377.49,369.02,374.38,374.38,370.9174,274.47355,56.579459518486814,18.66369650104898,55925.96138195,102563.8994491375,MANTIENI STATO ATTUALE,MEDIO,False,False,True,False,,True,False,False,False
2020-10-12,374.37,395.18,365.77,386.74,386.74,370.83420000000007,275.71225,60.89653026690018,19.431289608116913,111464.29529211,101837.66929474249,MANTIENI STATO ATTUALE,ALTO,True,False,True,False,,True,False,False,False
2020-10-13,386.77,387.88,374.29,381.37,381.37,370.3064,276.9613,58.189583663263704,19.01405463610856,84543.6186979,96528.5945075045,MANTIENI STATO ATTUALE,MEDIO,False,False,True,False,,True,False,False,False
2020-10-14,381.37,387.63,373.29,378.97,378.97,370.21920000000006,278.19939999999997,56.97070527680158,18.680193590672236,80200.71716699,91376.35763419949,MANTIENI STATO ATTUALE,MEDIO,False,False,True,False,,True,False,False,False
2020-10-15,379.01,381.99,370.06,377.94,377.94,370.056,279.46735,56.424453137095675,18.19803690562422,68915.97860381,88476.48406555799,MANTIENI STATO ATTUALE,MEDIO,False,False,True,False,,True,False,False,False
2020-10-16,377.89,380.0,361.38,365.57,365.57,369.70239999999995,280.6336,50.1992192083044,18.228177126651065,106263.28472121,90737.89774909601,MANTIENI STATO ATTUALE,MEDIO,True,False,True,False,,True,False,False,False
2020-10-17,365.57,370.57,363.56,368.48,368.48,369.1626,281.81059999999997,51.55334826490105,17.426878760461705,41868.07115942,88827.038092476,MANTIENI STATO ATTUALE,MEDIO,False,False,True,False,,True,False,False,False
2020-10-18,368.48,378.69,367.31,378.58,378.58,368.7626,283.02279999999996,56.022896188833926,16.994958849000156,42509.2101992,85741.879823114,MANTIENI STATO ATTUALE,MEDIO,False,False,True,False,,True,False,False,False
2020-10-19,378.56,384.69,372.89,379.36,379.36,367.77099999999996,284.21195,56.35775736840577,16.62389035978586,69957.45766229,83410.69595535149,MANTIENI STATO ATTUALE,MEDIO,False,False,True,False,,True,False,False,False
2020-10-20,379.53,380.9,363.01,368.81,368.81,366.4694,285.3483,50.7310471969287,16.7143267626583,84940.26982272,84581.2909591425,MANTIENI STATO ATTUALE,MEDIO,False,False,True,False,,True,False,False,False
2020-10-21,368.81,402.62,368.06,391.53,391.53,364.7885999999999,286.58355,59.99429568079317,17.989017708182708,249849.80700571,90909.362220628,MANTIENI STATO ATTUALE,MEDIO,True,False,True,False,,True,False,False,False
2020-10-22,391.36,421.47,391.33,414.7,414.7,364.2822,287.9431,66.84115973836943,18.856945014741086,182333.508395,92398.367059149,MANTIENI STATO ATTUALE,ALTO,False,False,True,False,,True,False,False,False
2020-10-23,414.64,419.48,401.51,409.52,409.52,364.81519999999995,289.1332,64.19591659200108,18.79359179940244,124844.52058112,96641.9856544625,MANTIENI STATO ATTUALE,ALTO,True,False,True,False,,True,False,False,False
2020-10-24,409.55,417.0,407.4,412.58,412.58,365.2876,290.37325,65.0752059661846,18.136906670873696,68349.19907782,97175.8103752895,MANTIENI STATO ATTUALE,ALTO,False,False,True,False,,True,False,False,False
2020-10-25,412.58,417.86,402.92,406.46,406.46,366.7118,291.53875,61.805983566706736,17.90855619438272,53762.84086586,97199.3743766415,MANTIENI STATO ATTUALE,MEDIO,False,False,True,False,,True,False,False,False
2020-10-26,406.32,411.47,382.21,393.12,393.12,367.5188,292.6556,55.28617895885669,18.71937360906967,129676.34185848,98627.50826089151,MANTIENI STATO ATTUALE,MEDIO,True,False,True,False,,True,False,False,False
2020-10-27,393.07,411.77,390.35,404.55,404.55,368.5356,293.88785,59.252435476547895,18.91227549413612,108903.27558482,99294.953767745,MANTIENI STATO ATTUALE,MEDIO,True,False,True,False,,True,False,False,False
2020-10-28,404.56,409.52,380.5,388.63,388.63,369.5586,295.03825,52.294554455912994,19.63425581598354,128255.13819075,101305.711893645,MANTIENI STATO ATTUALE,MEDIO,False,False,True,False,,True,False,False,False
2020-10-29,388.59,394.0,380.75,387.6,387.6,370.2885999999999,296.1819,51.87016240137729,19.17823754341329,104421.73544657,100714.74791195101,MANTIENI STATO ATTUALE,MEDIO,False,False,True,False,,True,False,False,False
2020-10-30,387.49,392.16,373.4,382.77,382.77,370.58279999999996,297.31195,49.828051736766106,19.148363433169486,107710.17276225,100234.770223799,MANTIENI STATO ATTUALE,MEDIO,False,False,True,False,,True,False,False,False
2020-10-31,382.77,394.0,380.76,386.74,386.74,370.839,298.4524,51.51761215439503,18.72633747365738,76755.21020838,101276.2326651205,MANTIENI STATO ATTUALE,MEDIO,False,False,True,False,,True,False,False,False
2020-11-01,386.72,397.65,385.09,396.91,396.91,371.02099999999996,299.6731,55.638876109626445,18.28588479696757,49385.47176829,98172.2914889295,MANTIENI STATO ATTUALE,MEDIO,False,False,True,False,,True,False,False,False
2020-11-02,396.91,404.57,378.36,383.33,383.33,371.356,300.72700000000003,49.578453554578964,18.851893025755597,128275.51088227,100358.886098148,MANTIENI STATO ATTUALE,MEDIO,False,False,True,False,,True,False,False,False
2020-11-03,383.33,390.35,370.5,388.32,388.32,371.5768,301.81415,51.661979337746914,18.92318638105877,105339.73002582,101615.8367410895,MANTIENI STATO ATTUALE,MEDIO,False,False,True,False,,True,False,False,False
2020-11-04,388.33,409.0,376.64,403.18,403.18,372.3564,302.89065,57.31822354373125,19.882958782411716,214751.18285099,108907.59695344852,MANTIENI STATO ATTUALE,MEDIO,True,False,True,False,,True,False,False,False
2020-11-05,403.19,421.25,396.43,417.17,417.17,373.3952,304.07455,61.84486290459398,20.23560458366802,248936.20591844,116041.24301330998,MANTIENI STATO ATTUALE,MEDIO,True,False,True,False,,True,False,False,False
2020-11-06,417.29,458.92,415.57,456.65,456.65,374.73920000000004,305.5053,71.14514979328213,21.886632827691734,357787.28499666,131837.203705172,MANTIENI STATO ATTUALE,ALTO,False,False,True,False,,True,False,False,False
2020-11-07,456.69,468.98,423.0,435.73,435.73,375.7610000000001,306.8286,62.45759065795011,23.607587625713755,297289.78479728,144576.232435076,MANTIENI STATO ATTUALE,ALTO,True,False,True,False,,True,False,False,False
2020-11-08,435.59,460.57,432.65,454.61,454.61,377.1486,308.18609999999995,66.44043875550832,23.915617081019917,111199.12192081,146638.315648002,MANTIENI STATO ATTUALE,ALTO,False,False,True,False,,True,False,False,False
2020-11-09,454.61,460.0,433.83,444.81,444.81,378.631,309.48185,62.720871177625575,24.07664443237564,171387.94473541,150960.6993936365,MANTIENI STATO ATTUALE,ALTO,True,False,True,False,,True,False,False,False
2020-11-10,444.84,455.51,439.36,450.89,450.89,380.84659999999997,310.7971,64.06499673026578,23.51045554434881,132863.6764641,145111.392866556,MANTIENI STATO ATTUALE,ALTO,False,False,True,False,,True,False,False,False
2020-11-11,450.89,476.8,449.95,463.79,463.79,383.23720000000003,312.14395,66.80014622165733,23.748994434038185,195694.06578762,145779.420736187,MANTIENI STATO ATTUALE,ALTO,False,False,True,False,,True,False,False,False
2020-11-12,463.75,470.56,452.07,462.98,462.98,386.0842,313.4697,66.45809491102932,23.37335197446403,180116.97555794,148543.043485028,MANTIENI STATO ATTUALE,ALTO,False,False,True,False,,True,False,False,False
2020-11-13,462.91,478.31,457.64,477.14,477.14,388.64419999999996,314.87149999999997,69.4072355666154,23.18025540485946,134796.05936368,151865.386499321,MANTIENI STATO ATTUALE,ALTO,False,False,True,False,,True,False,False,False
2020-11-14,477.15,478.0,452.17,461.16,461.16,390.8252,316.19395000000003,62.70655510324305,23.369522875940927,114594.78378366,154906.983645211,MANTIENI STATO ATTUALE,ALTO,False,False,True,False,,True,False,False,False
2020-11-15,461.21,463.24,439.77,448.58,448.58,392.7142,317.35855,57.962499044929274,23.37669981337372,89217.75628557,152884.05436656548,MANTIENI STATO ATTUALE,ALTO,False,False,True,False,,True,False,False,False
2020-11-16,448.6,466.21,445.91,460.85,460.85,394.7802,318.63165000000004,61.05716012761997,23.156935540989878,112980.26100088,153087.9036373685,MANTIENI STATO ATTUALE,ALTO,False,False,True,False,,True,False,False,False
2020-11-17,460.87,485.0,460.05,482.68,482.68,397.3556,319.9846,65.87101926475145,23.285011573776313,196041.73514216,156477.23348493903,MANTIENI STATO ATTUALE,ALTO,False,False,True,False,,True,False,False,False
2020-11-18,482.75,495.68,456.5,478.96,478.96,399.7367999999999,321.30815,64.40987827304008,24.420367889935147,296492.09128068,166080.75127664447,MANTIENI STATO ATTUALE,ALTO,True,False,True,False,,True,False,False,False
2020-11-19,479.0,480.99,465.18,471.92,471.92,401.9774,322.61654999999996,61.624000660149434,23.805341612082636,131594.48266392,167274.966771728,MANTIENI STATO ATTUALE,ALTO,False,False,True,False,,True,False,False,False
2020-11-20,471.92,514.73,471.07,510.43,510.43,405.12800000000004,324.13439999999997,69.41657877081735,25.22353149693388,296509.77452923,178262.6949877705,MANTIENI STATO ATTUALE,ALTO,False,False,True,False,,True,False,False,False
2020-11-21,510.6,554.28,502.82,553.07,553.07,409.2754,325.8726,75.37825798129613,27.097564961438604,287728.12781004,190179.82778985798,MANTIENI STATO ATTUALE,ALTO,False,False,True,False,,True,False,False,False
2020-11-22,553.06,581.8,511.16,560.82,560.82,413.5682,327.6804,76.28317403677136,30.20773889276441,403902.15612966,203961.1600522275,MANTIENI STATO ATTUALE,ALTO,False,False,True,False,,True,False,False,False
2020-11-23,560.78,611.43,550.0,609.26,609.26,418.70380000000006,329.66434999999996,80.98679192671304,32.43790040042409,444789.07944749,220933.627523311,MANTIENI STATO ATTUALE,ALTO,False,False,True,False,,True,False,False,False
2020-11-24,609.26,623.22,587.25,605.45,605.45,423.7382,331.63365000000005,79.64877959173606,32.690193228965235,387478.59472708,229569.99811711552,MANTIENI STATO ATTUALE,ALTO,False,False,True,False,,True,False,False,False
2020-11-25,605.45,606.49,554.0,568.79,568.79,428.29839999999996,333.42760000000004,68.00625991624418,34.104465141182004,255508.1788265,229898.5967625185,MANTIENI STATO ATTUALE,ALTO,False,False,True,False,,True,False,False,False
2020-11-26,569.19,577.0,480.08,520.34,520.34,431.87160000000006,335.0906499999999,56.29455214634254,38.59128905966901,614152.35686943,242716.85035615703,MANTIENI STATO ATTUALE,ALTO,True,False,True,False,,True,False,False,False
2020-11-27,520.35,531.41,493.51,519.07,519.07,435.228,336.75635,56.02220292270336,38.54191126969265,199205.09175665,237812.6157041255,MANTIENI STATO ATTUALE,ALTO,False,False,True,False,,True,False,True,False
2020-11-28,519.04,548.83,505.01,538.11,538.11,438.68300000000005,338.4964,59.2084393672012,38.91891760757175,166450.43752162,240575.181484166,MANTIENI STATO ATTUALE,ALTO,False,False,True,False,,True,False,True,False
2020-11-29,537.97,577.55,531.0,576.76,576.76,442.8032,340.38059999999996,64.78580961126576,39.46399492131662,139940.81576302,239002.82503554653,MANTIENI STATO ATTUALE,ALTO,False,False,True,False,,True,False,False,False
2020-11-30,576.9,617.0,571.11,617.0,617.0,447.6556,342.4486,69.46667742764643,39.92299528407972,313418.9868296,248030.59055382147,MANTIENI STATO ATTUALE,ALTO,False,False,True,False,,True,False,False,False
2020-12-01,617.0,636.53,563.01,586.03,586.03,451.6414,344.40525,62.572819765234044,42.32278133521688,373179.79775575,256904.87715222797,MANTIENI STATO ATTUALE,ALTO,False,False,True,False,,True,False,False,False
2020-12-02,585.87,604.96,575.08,597.35,597.35,455.961,346.38935,63.979905430504296,41.43401123984425,136242.16440789,254711.13659472548,MANTIENI STATO ATTUALE,ALTO,False,False,True,False,,True,False,False,False
2020-12-03,597.03,624.57,586.11,616.65,616.65,460.7146,348.43735,66.30577054440735,41.22158186556967,168346.30401374,256388.64882722852,MANTIENI STATO ATTUALE,ALTO,False,False,True,False,,True,False,False,False
2020-12-04,616.46,620.56,566.0,567.6,567.6,464.5078,350.20050000000003,56.34756248479152,42.17432601802898,195480.70629191,260432.944952641,MANTIENI STATO ATTUALE,ALTO,False,False,True,False,,True,False,True,False
2020-12-05,567.76,597.88,561.15,597.29,597.29,469.1422,352.11339999999996,60.240085430264074,41.78544558816977,95956.77136123,260769.89570642402,MANTIENI STATO ATTUALE,ALTO,False,False,True,False,,True,False,False,False
2020-12-06,597.29,607.46,583.31,601.95,601.95,473.81160000000006,354.07335000000006,60.830465241191106,40.52577090330051,101652.72670304,260203.51899153198,MANTIENI STATO ATTUALE,ALTO,False,False,True,False,,True,False,False,False
2020-12-07,601.97,603.4,584.54,591.47,591.47,478.0694,356.03759999999994,58.71880842660977,38.97821583877904,79196.58540342,254361.261504595,MANTIENI STATO ATTUALE,ALTO,False,False,True,False,,True,False,False,False
2020-12-08,591.53,595.47,548.12,554.79,554.79,481.57800000000003,357.77495000000005,51.92474910273005,39.5762004217234,173888.79056355,248231.09646873845,MANTIENI STATO ATTUALE,ALTO,False,False,True,False,,True,False,True,False
2020-12-09,554.8,578.67,530.32,573.38,573.38,485.6694,359.60855000000004,54.78045225810123,40.202900391600295,246145.836363,253958.66415369255,MANTIENI STATO ATTUALE,ALTO,False,False,True,False,,True,False,False,False
2020-12-10,573.26,575.62,547.83,559.45,559.45,489.02780000000007,361.40765,52.27469267334588,39.31626464934313,117320.21056794,244999.185955628,MANTIENI STATO ATTUALE,ALTO,False,False,True,False,,True,False,True,False
2020-12-11,559.33,560.62,535.5,544.23,544.23,491.61840000000007,363.1085,49.60484721952566,38.302245745818624,173696.26025699,239297.59257797553,MANTIENI STATO ATTUALE,ALTO,False,False,True,False,,True,False,True,False
2020-12-12,544.51,574.33,543.22,568.64,568.64,494.80080000000004,364.94714999999997,53.689990685044194,37.78851390683158,101618.14658727,224183.392100856,MANTIENI STATO ATTUALE,ALTO,False,False,True,False,,True,False,False,False
2020-12-13,568.64,595.21,563.79,590.75,590.75,498.3642,366.85885,57.08349597525059,37.33362005634361,105159.23425191,207201.899841077,MANTIENI STATO ATTUALE,ALTO,False,False,True,False,,True,False,False,False
2020-12-14,590.45,591.71,575.58,586.39,586.39,501.9628,368.6886,56.20879349960673,35.81907576660478,103488.31631148,193002.385920297,MANTIENI STATO ATTUALE,ALTO,False,False,True,False,,True,False,False,False
2020-12-15,586.4,597.04,579.15,589.08,589.08,505.88200000000006,370.5309,56.65014832867974,34.538427497561585,95567.38638129,185005.3462980365,MANTIENI STATO ATTUALE,ALTO,False,False,True,False,,True,False,False,False
2020-12-16,589.08,639.58,581.21,637.98,637.98,510.55060000000003,372.50159999999994,63.79386746497966,36.24068267630719,261818.28860235,167388.64288468251,MANTIENI STATO ATTUALE,ALTO,True,False,True,False,,True,False,False,False
2020-12-17,637.91,677.05,626.79,643.37,643.37,515.6454,374.56075000000004,64.48852391063318,37.242062485142384,430253.08270837,178941.0424322685,MANTIENI STATO ATTUALE,ALTO,True,False,True,False,,True,False,False,False
2020-12-18,643.26,664.46,629.59,654.66,654.66,520.9866000000001,376.592,65.9616707163564,37.07262945048935,177136.01903836,179475.32150810552,MANTIENI STATO ATTUALE,ALTO,False,False,True,False,,True,False,False,False
2020-12-19,654.66,672.06,646.54,658.96,658.96,526.5104,378.69825,66.53114917571835,36.24744163259725,186815.55508677,181819.058474293,MANTIENI STATO ATTUALE,ALTO,False,False,True,False,,True,False,False,False
2020-12-20,658.8,661.4,621.46,638.4,638.4,531.5436,380.66724999999997,61.25418472835429,36.51119580169745,164504.33582055,174373.3259238405,MANTIENI STATO ATTUALE,ALTO,False,False,True,False,,True,False,False,False
2020-12-21,638.19,648.35,596.9,608.07,608.07,535.7668,382.4917,54.399492293632946,37.57825324443335,267136.10267039,169071.1411695725,MANTIENI STATO ATTUALE,ALTO,True,False,True,False,,True,False,False,False
2020-12-22,608.07,638.5,587.54,636.82,636.82,540.8366000000001,384.4756,59.07463519929047,38.5340922984024,207333.55726725,172625.71081254052,MANTIENI STATO ATTUALE,ALTO,True,False,True,False,,True,False,False,False
2020-12-23,636.73,638.75,551.45,585.11,585.11,544.7724,386.19155,49.286977533834914,42.01737141994508,328147.46529268,180615.76887648748,VENDI,ALTO,False,False,True,False,,False,False,True,True
2020-12-24,585.37,614.99,565.61,612.27,612.27,548.9542,388.02885000000003,53.632402247549734,42.543273461377574,213890.61477265,181536.26430052452,MANTIENI STATO ATTUALE,ALTO,False,False,True,False,,False,False,False,False
2020-12-25,612.25,633.97,604.26,626.75,626.75,553.1458,389.92985,55.8065741730396,41.62661107127918,158871.75321373,184682.0133931495,MANTIENI STATO ATTUALE,ALTO,False,False,True,False,,False,False,False,False
2020-12-26,626.71,652.7,615.22,636.52,636.52,556.7432,391.89230000000003,57.262693998432596,41.330424566187816,195895.6773533,189394.1609256625,MANTIENI STATO ATTUALE,ALTO,False,False,True,False,,False,False,False,False
2020-12-27,636.85,714.99,625.01,684.12,684.12,561.711,394.0721,63.561979524365555,44.805394240031546,436385.25431205,207253.594371094,ACQUISTA,ALTO,True,False,True,False,standard,True,False,False,False
2020-12-28,684.11,747.0,680.9,729.7,729.7,567.2128,396.56985000000003,68.36970292640976,46.326437508600726,397946.53045409,218456.481365621,MANTIENI STATO ATTUALE,ALTO,False,False,True,False,,True,False,False,False
2020-12-29,729.65,739.66,688.0,731.76,731.76,572.9518,399.04100000000005,68.57153281549485,46.707406257986385,295088.40177823,220903.6096363825,MANTIENI STATO ATTUALE,ALTO,False,False,True,False,,True,False,False,False
2020-12-30,731.79,759.0,717.0,752.86,752.86,578.9912,401.61445,70.6381744881736,46.371162953844504,238441.21767564,226959.6599917675,MANTIENI STATO ATTUALE,ALTO,False,False,True,False,,True,False,False,False
2020-12-31,752.87,755.9,724.0,737.67,737.67,584.4688000000001,404.1461,67.21170479181097,45.337508457141325,217610.26070386,229155.36001411098,MANTIENI STATO ATTUALE,ALTO,False,False,True,False,,True,False,False,False
2021-01-01,737.89,750.0,717.1,730.99,730.99,589.8290000000001,406.64615,65.70234875784689,44.44911499591695,198060.44209411,233977.47478945297,MANTIENI STATO ATTUALE,ALTO,False,False,True,False,,True,False,False,False
2021-01-02,730.97,789.21,715.22,775.3,775.3,595.7922,409.34595,70.44374414068068,46.55917821049431,368899.31941969,247164.479047842,MANTIENI STATO ATTUALE,ALTO,False,False,True,False,,True,False,False,False
2021-01-03,775.29,1015.14,770.0,980.44,980.44,606.1778,413.07959999999997,82.50329850460278,60.743522624030426,858743.81908511,284927.2541865235,MANTIENI STATO ATTUALE,ALTO,False,False,True,False,,True,False,False,False
2021-01-04,980.44,1168.99,886.33,1042.38,1042.38,618.0538,417.13625,84.5527537762878,76.59469957945683,1103882.9026854,335343.03000172897,MANTIENI STATO ATTUALE,ALTO,False,False,True,False,,True,False,False,False
2021-01-05,1042.24,1136.93,975.0,1103.73,1103.73,630.9114000000001,421.51160000000004,86.2684130517521,82.6900781809242,858495.88816745,365176.90997998405,MANTIENI STATO ATTUALE,ALTO,False,False,True,False,,True,False,False,False
2021-01-06,1103.71,1215.98,1058.32,1212.02,1212.02,645.4982,426.4277,88.66211690155912,88.04507259657248,821084.91284462,384718.50148679654,MANTIENI STATO ATTUALE,ALTO,False,False,True,False,,True,False,False,False
2021-01-07,1212.68,1291.94,1140.0,1227.34,1227.34,660.4658000000001,431.426,88.95544456407424,92.6089959825316,661416.03292889,408932.50218132295,MANTIENI STATO ATTUALE,ALTO,False,False,True,False,,True,False,False,False
2021-01-08,1227.55,1275.0,1063.18,1217.35,1217.35,675.3744,436.2966,87.36812105374733,101.12406769806505,781425.78426996,438663.01364048244,MANTIENI STATO ATTUALE,ALTO,False,False,True,False,,True,False,False,False
2021-01-09,1217.31,1310.0,1172.86,1281.45,1281.45,690.7948,441.48825000000005,88.75469028895799,103.69663429106042,434123.02634182,452143.94816654595,MANTIENI STATO ATTUALE,ALTO,False,False,True,False,,True,False,False,False
2021-01-10,1281.25,1350.88,1153.0,1255.13,1255.13,704.836,446.5917,84.64609764066093,110.42401755598469,670103.5931583,472292.3226909415,MANTIENI STATO ATTUALE,ALTO,False,False,True,False,,True,False,False,False
2021-01-11,1255.1,1260.24,905.0,1088.79,1088.79,715.3954000000001,450.8758,64.36657712813465,127.91087344484293,1556217.07756248,539736.4987057031,MANTIENI STATO ATTUALE,ALTO,True,False,True,False,,True,False,False,False
2021-01-12,1088.55,1150.0,1006.83,1049.79,1049.79,724.2059999999999,454.97754999999995,60.694971344617535,129.00081105592557,656376.70350396,556147.960616267,MANTIENI STATO ATTUALE,ALTO,False,False,True,False,,True,False,True,False
2021-01-13,1050.46,1137.75,980.0,1130.8,1130.8,734.7130000000001,459.52775,65.14278899812717,131.0543245519309,504920.57439418,570699.4585973435,MANTIENI STATO ATTUALE,ALTO,False,False,True,False,,True,False,True,False
2021-01-14,1130.79,1246.99,1087.05,1231.32,1231.32,747.9636,464.56055,69.72139479212825,133.11758708393586,438467.28987015,584679.2354301645,MANTIENI STATO ATTUALE,ALTO,False,False,True,False,,True,False,False,False
2021-01-15,1231.59,1255.59,1065.0,1168.1,1168.1,760.9187999999999,469.26199999999994,64.0252791976024,137.2227594350833,578841.8829192,603826.5457084596,MANTIENI STATO ATTUALE,ALTO,False,False,True,False,,True,False,True,False
2021-01-16,1169.04,1294.0,1152.3,1227.14,1227.14,775.0801999999999,474.27029999999996,66.75672780553504,137.54256233257735,422140.39314774,603114.3026502441,MANTIENI STATO ATTUALE,ALTO,False,False,True,False,,True,False,False,False
2021-01-17,1227.76,1268.83,1165.78,1232.99,1232.99,788.9778,479.2801,67.02389867947375,135.0788078802504,295103.60231119,597972.1562430991,MANTIENI STATO ATTUALE,ALTO,False,False,True,False,,True,False,False,False
2021-01-18,1232.6,1261.0,1181.9,1258.48,1258.48,802.6122,484.44010000000003,68.22231111541299,131.08032160308966,287749.94730348,597605.2335193616,MANTIENI STATO ATTUALE,ALTO,False,False,True,False,,True,False,False,False
2021-01-19,1258.55,1440.0,1252.01,1368.04,1368.04,817.633,490.155,72.79816430990883,135.1452986314404,709702.99933138,621168.3226021484,MANTIENI STATO ATTUALE,ALTO,False,False,True,False,,True,False,False,False
2021-01-20,1367.7,1408.5,1234.01,1376.88,1376.88,833.45,495.8927,73.13431393730212,137.9556344434804,596370.07168489,640106.3131512,MANTIENI STATO ATTUALE,ALTO,False,False,True,False,,True,False,False,False
2021-01-21,1377.15,1390.0,1081.0,1110.62,1110.62,843.7153999999999,500.30745,52.20741223610263,150.17308912608894,789194.34468025,669663.008280507,MANTIENI STATO ATTUALE,ALTO,False,False,True,False,,True,False,True,False
2021-01-22,1110.61,1275.99,1039.62,1233.6,1233.6,856.0544,505.2672,58.16219446969237,156.3300113313683,758560.99547401,689146.0920832229,MANTIENI STATO ATTUALE,ALTO,True,False,True,False,,True,False,False,False
2021-01-23,1233.42,1272.0,1196.74,1234.55,1234.55,869.3933999999999,510.24309999999997,58.20551543359227,150.53929623627056,269855.02080844,659701.6521693894,MANTIENI STATO ATTUALE,ALTO,False,False,True,False,,True,False,True,False
2021-01-24,1234.47,1401.92,1221.66,1394.0,1394.0,885.3276000000001,515.9774,64.79458744465462,152.66220364796553,434746.40508943,626244.827289591,MANTIENI STATO ATTUALE,ALTO,False,False,True,False,,True,False,False,False
2021-01-25,1394.04,1477.3,1293.65,1317.97,1317.97,899.648,521.35725,59.941914311249974,154.87561767311084,627535.52793717,614696.809278077,MANTIENI STATO ATTUALE,ALTO,True,False,True,False,,True,False,False,False
2021-01-26,1317.98,1378.12,1245.0,1367.98,1367.98,915.1782,526.99115,61.95999895485908,153.32164498217435,484756.90659865,597880.4089657785,MANTIENI STATO ATTUALE,ALTO,False,False,True,False,,True,False,False,False
2021-01-27,1367.97,1375.91,1206.05,1240.96,1240.96,928.9015999999999,532.0001,54.45596816378064,154.5029560548762,546037.67685749,592111.4911622085,MANTIENI STATO ATTUALE,ALTO,False,False,True,False,,True,False,True,False
2021-01-28,1240.62,1363.27,1220.08,1333.19,1333.19,944.0978,537.452,58.39602772918271,153.69488776524219,361803.16655087,571130.3602762541,MANTIENI STATO ATTUALE,ALTO,False,False,True,False,,True,False,False,False
2021-01-29,1333.61,1442.88,1286.56,1379.87,1379.87,960.5062000000001,543.15415,60.26946455677839,153.88239578201063,629545.82992845,580901.5004555855,MANTIENI STATO ATTUALE,ALTO,True,False,True,False,,True,False,False,False
2021-01-30,1380.04,1408.97,1327.0,1380.0,1380.0,977.2216000000001,548.852,60.27482952572937,148.74579608329557,283799.50273321,561586.2959343309,MANTIENI STATO ATTUALE,ALTO,False,False,True,False,,True,False,False,False
2021-01-31,1380.0,1382.0,1283.0,1313.94,1313.94,992.1275999999999,554.23005,56.127234548627996,145.19252493448877,216853.04918505,494618.0945154595,MANTIENI STATO ATTUALE,ALTO,False,False,True,False,,True,False,False,False
2021-02-01,1313.95,1378.02,1271.31,1374.6,1374.6,1007.8046,559.936,58.92243863299005,142.44377315345386,282549.58638538,475926.7386595305,MANTIENI STATO ATTUALE,ALTO,False,False,True,False,,True,False,False,False
2021-02-02,1374.55,1549.0,1360.27,1513.67,1513.67,1026.3502,566.3412,64.50575444128353,145.74993221392145,596570.35740844,480509.2278102435,MANTIENI STATO ATTUALE,ALTO,True,False,True,False,,True,False,False,False
2021-02-03,1513.85,1672.21,1509.48,1668.72,1668.72,1047.943,573.5061999999999,69.48559507584731,146.96279419864138,492422.63736011,483206.99518474157,MANTIENI STATO ATTUALE,ALTO,False,False,True,False,,True,False,False,False
2021-02-04,1668.71,1699.0,1556.0,1597.55,1597.55,1067.1344,580.2981,64.97907899481845,146.679737470167,531943.12791716,480862.05743463954,MANTIENI STATO ATTUALE,ALTO,True,False,True,False,,True,False,False,False
2021-02-05,1597.34,1763.93,1589.17,1721.06,1721.06,1088.6882,587.7229,68.76504622677277,148.68547050801223,414535.83691975,480481.82962323993,MANTIENI STATO ATTUALE,ALTO,False,False,True,False,,True,False,False,False
2021-02-06,1721.06,1745.25,1646.7,1679.77,1679.77,1109.1904,594.8935,66.18894918842878,145.10436547172566,330440.89591973,482248.694303667,MANTIENI STATO ATTUALE,ALTO,False,False,True,False,,True,False,False,False
2021-02-07,1679.76,1695.38,1493.28,1615.32,1615.32,1128.3175999999999,601.6487000000001,62.26773751175058,149.17548222374526,416691.917484,488695.79281269305,MANTIENI STATO ATTUALE,ALTO,False,False,True,False,,True,False,False,False
2021-02-08,1615.51,1780.0,1565.98,1752.98,1752.98,1150.6092,609.0352,66.79291008210602,153.80723349347775,454314.62328634,475926.374010441,MANTIENI STATO ATTUALE,ALTO,False,False,True,False,,True,False,False,False
2021-02-09,1752.98,1824.23,1710.01,1772.16,1772.16,1173.8909999999998,616.49805,67.37990327430512,150.97957395822937,345860.43376582,463400.8921144875,MANTIENI STATO ATTUALE,ALTO,False,False,True,False,,True,False,False,False
2021-02-10,1771.91,1839.0,1680.0,1742.93,1742.93,1196.0131999999999,623.6844,65.48023669281457,151.55246153264156,368565.10934926,442369.430347938,MANTIENI STATO ATTUALE,ALTO,False,False,True,False,,True,False,False,False
2021-02-11,1742.51,1819.0,1704.23,1787.32,1787.32,1220.0574000000001,631.06425,67.00176060314617,148.9251428517386,263018.46640028,417592.30389425147,MANTIENI STATO ATTUALE,ALTO,False,False,True,False,,True,False,False,False
2021-02-12,1787.33,1868.9,1741.29,1845.0,1845.0,1244.712,638.67805,68.91881040359911,147.402632648043,324522.83669583,420325.694688621,MANTIENI STATO ATTUALE,ALTO,False,False,True,False,,True,False,False,False
2021-02-13,1844.78,1877.88,1766.15,1818.01,1818.01,1268.5372,646.18015,66.9585622122977,144.8545874588971,222718.507164,409724.2997923495,MANTIENI STATO ATTUALE,ALTO,False,False,True,False,,True,False,False,False
2021-02-14,1817.85,1852.47,1785.07,1803.75,1803.75,1291.8818,653.6080999999999,65.89219063791408,139.32211692611875,172443.99258151,386969.72302456654,MANTIENI STATO ATTUALE,ALTO,False,False,True,False,,True,False,False,False
2021-02-15,1803.25,1836.0,1659.93,1779.62,1779.62,1313.7918,660.82965,64.03381170045671,141.9469657171103,320429.97588848,378753.376489058,MANTIENI STATO ATTUALE,ALTO,False,False,True,False,,True,False,False,False
2021-02-16,1780.59,1825.0,1725.0,1781.97,1781.97,1334.8372,668.0052000000001,64.13988528046966,138.95075388017383,209801.29066471,361941.55717941903,MANTIENI STATO ATTUALE,ALTO,False,False,True,False,,True,False,False,False
2021-02-17,1782.14,1857.61,1733.87,1852.0,1852.0,1357.2419999999997,675.3281999999999,67.24052100528698,137.86427146016143,224624.79625355,355082.63866455306,MANTIENI STATO ATTUALE,ALTO,False,False,True,False,,True,False,False,False
2021-02-18,1851.9,1950.3,1851.47,1939.64,1939.64,1380.9775999999997,683.16535,70.65959219684888,135.07610921300704,279501.81066288,337580.4377012745,MANTIENI STATO ATTUALE,ALTO,False,False,True,False,,True,False,False,False
2021-02-19,1939.64,1974.98,1890.0,1957.68,1957.68,1405.3778,691.02265,71.32306442080511,131.49781569779225,247118.43154671,335746.38414194953,MANTIENI STATO ATTUALE,ALTO,False,False,True,False,,True,False,False,False
2021-02-20,1957.9,2041.42,1811.25,1915.46,1915.46,1429.0672,698.6508499999999,67.47731676617799,138.54582886223565,419107.37348279,345859.1003568365,MANTIENI STATO ATTUALE,ALTO,False,False,True,False,,True,False,False,False
2021-02-21,1915.01,1976.72,1885.0,1935.57,1935.57,1452.2726,706.32265,68.35263675510956,135.2011268006474,159669.07872776,339715.07497395546,MANTIENI STATO ATTUALE,ALTO,False,False,True,False,,True,False,False,False
2021-02-22,1935.67,1938.95,1507.34,1778.66,1778.66,1468.237,713.23955,55.74556952148732,156.37318917202973,665395.31208108,343156.3227075875,VENDI,ALTO,False,False,True,False,,False,False,True,True
2021-02-23,1778.33,1783.22,1356.0,1577.83,1577.83,1478.9459999999997,719.2299499999999,44.446161201468925,175.7193899454562,1013355.39743643,369202.9607114035,MANTIENI STATO ATTUALE,ALTO,False,False,True,False,,False,False,False,False
2021-02-24,1577.84,1714.0,1500.28,1625.3,1625.3,1489.3773999999999,725.3688999999999,47.17190852318283,178.43371923506646,440088.38004088,364610.2233175895,MANTIENI STATO ATTUALE,ALTO,False,False,True,False,,False,False,False,False
2021-02-25,1625.27,1672.49,1458.5,1482.62,1482.62,1494.7894000000001,730.82995,40.70691283839194,180.97345357541886,335391.64228393,360653.0135857985,MANTIENI STATO ATTUALE,ALTO,False,False,True,False,,False,False,False,False
2021-02-26,1482.05,1564.11,1400.01,1445.18,1445.18,1499.1462,736.0769499999999,39.189136060405374,179.76820689146035,380775.95904184,363169.766741904,VENDI,ALTO,False,False,True,False,,False,True,False,False
2021-02-27,1445.09,1526.82,1420.0,1460.57,1460.57,1504.0106,741.4854,40.176548659675916,174.55762068492746,231399.55692715,353905.14871406154,VENDI,ALTO,False,False,True,False,,False,True,False,False
2021-02-28,1460.49,1469.96,1292.76,1422.02,1422.02,1506.822,746.65915,38.490606424642515,174.74636206457552,460805.82144299,354229.708621894,VENDI,ALTO,False,False,True,False,,False,True,False,False
2021-03-01,1421.8,1574.28,1412.61,1571.82,1571.82,1513.1558000000002,752.39355,47.678615330689276,173.81233620282012,313413.589566,352607.366411903,MANTIENI STATO ATTUALE,ALTO,False,False,True,False,,False,False,False,False
2021-03-02,1571.87,1605.89,1455.86,1488.34,1488.34,1521.1468,757.6411,43.756023500297346,172.11359790261872,240668.58113618,346212.540001249,VENDI,ALTO,False,False,True,False,,False,True,False,False
2021-03-03,1488.34,1657.91,1476.72,1567.86,1567.86,1531.5082,763.3176500000002,48.13341837848257,172.76191233814598,233779.70945241,344750.6021538555,MANTIENI STATO ATTUALE,ALTO,False,False,True,False,,False,False,False,False
2021-03-04,1568.4,1625.0,1504.06,1539.69,1539.69,1539.6860000000001,768.8475999999999,46.74546663812324,169.06034717113556,231528.48274717,340100.88445642253,MANTIENI STATO ATTUALE,ALTO,False,False,True,False,,False,False,False,False
2021-03-05,1539.53,1551.19,1442.32,1528.82,1528.82,1545.6359999999997,774.3342,46.19196176670404,164.7610366589116,324961.01226774,345213.0097116095,MANTIENI STATO ATTUALE,ALTO,False,False,True,False,,False,False,False,False
2021-03-06,1528.82,1673.02,1512.45,1651.83,1651.83,1555.3106,780.4818,52.977485240074124,164.46167689756078,248888.00355718,349035.210260393,MANTIENI STATO ATTUALE,ALTO,False,False,True,False,,False,False,False,False
2021-03-07,1651.75,1735.0,1631.07,1728.22,1728.22,1565.3322,787.08495,56.63476884606494,160.13798569059216,210732.49738587,343550.33633526246,MANTIENI STATO ATTUALE,ALTO,False,False,True,False,,False,False,False,False
2021-03-08,1727.95,1843.99,1664.08,1834.58,1834.58,1577.364,794.1782499999999,61.163900031672554,161.55027242697847,310581.14494936,348589.32904949493,MANTIENI STATO ATTUALE,ALTO,False,False,True,False,,False,False,False,False
2021-03-09,1834.88,1872.26,1800.0,1871.99,1871.99,1589.6342000000002,801.59795,62.64182684393182,155.17239582505144,225203.26521323,348618.25249747897,MANTIENI STATO ATTUALE,ALTO,False,False,True,False,,False,False,False,False
2021-03-10,1871.93,1879.0,1756.29,1795.37,1795.37,1598.1807999999999,808.5967000000002,57.79099095490549,152.8536532661192,284059.53415917,348846.1386722935,MANTIENI STATO ATTUALE,ALTO,False,False,True,False,,False,False,False,False
2021-03-11,1795.55,1847.0,1725.0,1827.04,1827.04,1607.184,815.7774,59.197459334453484,150.64982088996786,210929.2155979,347036.677874853,MANTIENI STATO ATTUALE,ALTO,False,False,True,False,,False,False,False,False
2021-03-12,1826.53,1841.96,1721.15,1767.79,1767.79,1620.3274,822.5775500000001,55.47325548473452,148.51840511211302,236995.37958528,337931.0781799775,MANTIENI STATO ATTUALE,ALTO,False,False,True,False,,False,False,False,False
2021-03-13,1766.76,1944.0,1728.3,1921.61,1921.61,1634.0876,830.2689499999999,62.13355874246828,153.31709046124783,242511.38585835,342073.19353650697,MANTIENI STATO ATTUALE,ALTO,False,False,True,False,,False,False,False,False
2021-03-14,1921.76,1931.97,1836.61,1848.9,1848.9,1646.3745999999999,837.58295,57.73718423099125,149.17729828544444,153591.2699543,316482.991430168,MANTIENI STATO ATTUALE,ALTO,False,False,True,False,,False,False,False,False
2021-03-15,1848.56,1893.75,1734.87,1795.07,1795.07,1654.396,844.6420499999999,54.65396070427776,149.8703484079127,283178.47343009,279974.145229851,MANTIENI STATO ATTUALE,ALTO,False,False,True,False,,False,False,False,False
2021-03-16,1794.08,1819.2,1706.25,1806.03,1806.03,1664.1572,851.69485,55.17877301043494,147.2331806644904,183635.76254277,267151.5143549455,MANTIENI STATO ATTUALE,ALTO,False,False,True,False,,False,False,False,False
2021-03-17,1805.7,1841.13,1742.0,1824.74,1824.74,1673.2923999999998,858.82565,56.112570520221134,143.79723918845536,192527.7769105,260008.321086274,MANTIENI STATO ATTUALE,ALTO,False,False,True,False,,False,False,False,False
2021-03-18,1824.45,1850.0,1758.4,1776.4,1776.4,1684.0012,865.56295,53.038072319103726,140.06886496070857,190138.5330396,250476.449786162,MANTIENI STATO ATTUALE,ALTO,False,False,True,False,,False,False,False,False
2021-03-19,1776.4,1840.69,1734.29,1809.38,1809.38,1693.5249999999996,872.4404000000001,54.85546168929009,137.66394603494368,144695.63348271,246141.25361393997,MANTIENI STATO ATTUALE,ALTO,False,False,True,False,,False,False,False,False
2021-03-20,1808.95,1869.0,1800.55,1806.47,1806.47,1702.0569999999998,879.0949,54.654480754510566,132.72009274673343,111937.33021974,228697.8290527775,MANTIENI STATO ATTUALE,ALTO,False,False,True,False,,False,False,False,False
2021-03-21,1806.04,1818.86,1748.25,1784.0,1784.0,1710.1369999999997,885.8148000000001,53.038554874559,128.28365755053818,121647.31152544,219109.5151507495,MANTIENI STATO ATTUALE,ALTO,False,False,True,False,,False,False,False,False
2021-03-22,1784.11,1806.39,1657.17,1681.02,1681.02,1717.4786,892.3055499999999,46.284484338979816,129.7791105826426,200417.24791012,217096.9484894465,VENDI,ALTO,False,False,True,False,,False,True,False,False
2021-03-23,1681.4,1723.61,1651.58,1668.09,1668.09,1723.3483999999999,898.7012,45.50100913026112,125.65417411245384,212509.86225776,216033.456129714,VENDI,ALTO,False,False,True,False,,False,True,False,False
2021-03-24,1668.37,1740.91,1545.77,1581.79,1581.79,1724.7108,904.9339,40.565381892154385,130.61744739013574,278130.15826272,218363.53990549152,VENDI,ALTO,False,False,True,False,,False,True,False,False
2021-03-25,1581.97,1622.27,1548.69,1587.08,1587.08,1723.0780000000002,911.10545,40.98794504237196,126.54334400512603,286235.84724682,216427.2816544455,VENDI,ALTO,False,False,True,False,,False,True,False,False
2021-03-26,1587.01,1700.7,1586.81,1700.1,1700.1,1725.129,917.8373999999999,49.284161413958735,125.6395337190456,175253.6705026,212745.56500171652,MANTIENI STATO ATTUALE,ALTO,False,False,True,False,,False,False,False,False
2021-03-27,1699.97,1732.85,1666.4,1713.88,1713.88,1724.9854,924.7194000000001,50.20337791897584,121.4117098819709,110263.21715736,207722.100990291,MANTIENI STATO ATTUALE,ALTO,False,False,True,False,,False,False,False,False
2021-03-28,1713.96,1725.71,1662.0,1686.92,1686.92,1725.1284,931.3985,48.35672024968003,117.29015917611585,95999.89882024,196993.038683835,VENDI,ALTO,False,False,True,False,,False,True,False,False
2021-03-29,1686.92,1841.88,1675.28,1815.73,1815.73,1729.1366,938.63685,56.57542544304589,120.81229066353616,203102.37426045,195887.994136196,ACQUISTA,ALTO,True,False,True,False,standard,True,False,False,False
2021-03-30,1815.73,1860.0,1785.77,1841.16,1841.16,1730.9001999999998,945.9730000000001,57.996625552319664,117.4849841875693,151376.69947985,189253.85240223,MANTIENI STATO ATTUALE,ALTO,False,False,True,False,,True,False,False,False
2021-03-31,1841.03,1948.0,1771.94,1920.0,1920.0,1733.8569999999997,953.63395,62.134250796397744,121.66891388845721,263472.22513295,191881.0028789825,MANTIENI STATO ATTUALE,ALTO,True,False,True,False,,True,False,False,False
2021-04-01,1919.99,1982.21,1886.11,1968.38,1968.38,1738.366,961.6429499999999,64.4485936049238,119.84256289642457,206220.44426132,190342.2561127845,MANTIENI STATO ATTUALE,ALTO,True,False,True,False,,True,False,False,False
2021-04-02,1968.74,2145.0,1948.67,2134.68,2134.68,1745.3131999999998,970.42995,71.00807193269459,125.30595126096566,273307.72019019,191882.0728293765,MANTIENI STATO ATTUALE,ALTO,False,False,True,False,,True,False,False,False
2021-04-03,2134.38,2139.33,2000.0,2009.25,2009.25,1748.5981999999997,978.6552,61.7532847694712,126.30766902803953,198152.20897275,194110.119780299,MANTIENI STATO ATTUALE,ALTO,True,False,True,False,,True,False,False,False
2021-04-04,2008.97,2093.07,1980.0,2076.36,2076.36,1753.7651999999998,987.21085,64.42490820424413,125.36212124032242,117506.19033922,185826.5056257555,MANTIENI STATO ATTUALE,ALTO,False,False,True,False,,True,False,False,False
2021-04-05,2076.31,2131.27,2003.1,2106.98,2106.98,1759.8297999999998,995.7984999999999,65.60542896839425,125.56268400887083,150633.34725495,184176.3848613645,MANTIENI STATO ATTUALE,ALTO,False,False,True,False,,True,False,False,False
2021-04-06,2107.45,2151.0,2046.08,2113.0,2113.0,1766.4974,1004.4403,65.84539669364752,124.08820657966578,195664.36827122,184333.2144294005,MANTIENI STATO ATTUALE,ALTO,False,False,True,False,,True,False,False,False
2021-04-07,2113.55,2128.99,1929.69,1964.23,1964.23,1770.1426000000001,1012.3353,55.53384073523696,129.46047753826105,297887.0746854,189720.6415116905,MANTIENI STATO ATTUALE,ALTO,True,False,True,False,,True,False,False,False
2021-04-08,1964.69,2084.54,1949.34,2081.29,2081.29,1774.7284,1020.8883000000001,60.74327635567666,129.87044342838527,134740.59760903,189222.8897180065,MANTIENI STATO ATTUALE,ALTO,False,False,True,False,,True,False,False,False
2021-04-09,2081.29,2100.0,2048.41,2066.03,2066.03,1777.2562,1029.5179,59.7603858361304,124.27898318350063,116343.17660276,189443.1820371575,MANTIENI STATO ATTUALE,ALTO,False,False,True,False,,True,False,False,False
2021-04-10,2066.5,2195.0,2057.2,2133.08,2133.08,1780.7641999999998,1038.462,62.62225002102278,125.24477009896489,172198.2806936,191970.7304955655,MANTIENI STATO ATTUALE,ALTO,False,False,True,False,,True,False,False,False
2021-04-11,2133.07,2163.18,2112.58,2150.54,2150.54,1785.4658000000002,1047.61155,63.35315668855762,119.91300080618169,83861.37599123,186142.93689962098,MANTIENI STATO ATTUALE,ALTO,False,False,True,False,,True,False,False,False
2021-04-12,2150.54,2199.11,2102.55,2138.03,2138.03,1789.515,1056.556,62.41146038101302,118.24492932002585,127578.86243868,181896.386908667,MANTIENI STATO ATTUALE,ALTO,False,False,True,False,,True,False,False,False
2021-04-13,2138.02,2317.3,2135.9,2299.92,2299.92,1799.9402,1066.29505,68.8618114097249,122.75600579716686,230007.9920857,179490.278599816,MANTIENI STATO ATTUALE,ALTO,False,False,True,False,,True,False,False,False
2021-04-14,2300.01,2446.91,2283.26,2432.54,2432.54,1817.0344,1076.6870999999999,72.95603818896632,125.6770053830835,322816.09722215,181319.2910985825,MANTIENI STATO ATTUALE,ALTO,False,False,True,False,,True,False,False,False
2021-04-15,2432.16,2546.82,2401.25,2517.03,2517.03,1834.869,1087.4845,75.19382789782644,127.09793357000612,218658.15563428,183489.51535516648,MANTIENI STATO ATTUALE,ALTO,False,False,True,False,,True,False,False,False
2021-04-16,2517.03,2548.0,2305.0,2426.64,2426.64,1853.7493999999997,1097.84815,68.64921046664715,135.37665260071998,305993.48077725,193276.028536161,MANTIENI STATO ATTUALE,ALTO,False,False,True,False,,True,False,False,False
2021-04-17,2426.64,2497.84,2305.55,2318.7,2318.7,1871.2198,1107.64215,61.7387553400974,139.44189170066855,184015.29039346,197676.798114822,MANTIENI STATO ATTUALE,ALTO,False,False,True,False,,True,False,False,False
2021-04-18,2319.11,2341.0,2000.0,2241.46,2241.46,1886.8376,1117.05,57.29421917635811,153.83889943633508,484164.17039406,211729.8879215025,MANTIENI STATO ATTUALE,ALTO,True,False,True,False,,True,False,False,False
2021-04-19,2241.67,2282.6,2050.0,2163.82,2163.82,1901.6736,1126.1046,53.15214992844661,159.46469233373972,269095.50575273,217615.8282351465,MANTIENI STATO ATTUALE,ALTO,True,False,True,False,,True,False,False,False
2021-04-20,2163.69,2349.5,2054.25,2332.6,2332.6,1916.8891999999998,1136.0391,59.93339224862669,169.16364288132976,312215.54603767,220052.99428038253,MANTIENI STATO ATTUALE,ALTO,True,False,True,False,,True,False,False,False
2021-04-21,2332.18,2471.72,2237.02,2357.21,2357.21,1934.2666,1146.0942499999999,60.82385671235203,173.84481124694906,305022.6790685,224993.10602074154,MANTIENI STATO ATTUALE,ALTO,False,False,True,False,,True,False,False,False
2021-04-22,2357.74,2646.2,2304.0,2399.99,2399.99,1950.9091999999998,1156.3318000000002,62.38868395398231,185.87018187216697,584078.8877022,240531.66439634204,MANTIENI STATO ATTUALE,ALTO,False,False,True,False,,True,False,False,False
2021-04-23,2399.21,2442.29,2040.0,2370.05,2370.05,1967.5163999999997,1166.4134,60.56535640059261,201.32874030986932,644161.18986279,262832.113440844,MANTIENI STATO ATTUALE,ALTO,False,False,True,False,,True,False,False,False
2021-04-24,2369.8,2371.18,2158.36,2216.72,2216.72,1981.2744,1175.7930999999999,52.15832733478453,202.14954457345007,220990.83137577,268006.34549267153,MANTIENI STATO ATTUALE,ALTO,False,False,True,False,,True,False,True,False
2021-04-25,2216.18,2358.22,2166.0,2322.16,2322.16,1994.681,1185.6955,56.61788643306008,201.4402913896322,253708.11161981,273160.0837109145,MANTIENI STATO ATTUALE,ALTO,False,False,True,False,,True,False,False,False
2021-04-26,2322.43,2542.04,2306.03,2534.0,2534.0,2010.7966000000001,1196.60925,63.898919768620594,203.90955629037273,310905.02678021,278922.116636364,MANTIENI STATO ATTUALE,ALTO,True,False,True,False,,True,False,False,False
2021-04-27,2533.99,2683.0,2484.56,2667.86,2667.86,2027.4622,1208.12175,67.59943680602017,203.51887369820327,276539.98979416,277854.76239180204,MANTIENI STATO ATTUALE,ALTO,False,False,True,False,,True,False,False,False
2021-04-28,2667.86,2762.59,2551.0,2751.59,2751.59,2045.0541999999998,1220.02595,69.69216163585725,204.0953827197602,388997.91493036,290567.62825786846,MANTIENI STATO ATTUALE,ALTO,False,False,True,False,,True,False,False,False
2021-04-29,2751.56,2800.0,2672.0,2758.92,2758.92,2064.3251999999998,1231.9486499999998,69.87559805686142,198.65999823977734,289566.94008224,299228.81643184245,MANTIENI STATO ATTUALE,ALTO,False,False,True,False,,True,False,False,False
2021-04-30,2758.92,2800.0,2727.0,2776.45,2776.45,2083.3134,1243.8972,70.33797275440334,189.68428407979326,203784.33868508,300808.1193314165,MANTIENI STATO ATTUALE,ALTO,False,False,True,False,,True,False,False,False
2021-05-01,2776.76,2955.9,2757.28,2948.92,2948.92,2106.936,1256.73495,74.48705916011369,190.32254950266517,219121.32332416,307571.116698063,MANTIENI STATO ATTUALE,ALTO,False,False,True,False,,True,False,False,False
2021-05-02,2948.92,2986.0,2855.29,2952.09,2952.09,2127.5456,1269.6005499999999,74.55750279661684,186.0645102524748,158755.45128689,309129.94614047353,MANTIENI STATO ATTUALE,ALTO,False,False,True,False,,True,False,False,False
2021-05-03,2952.21,3457.75,2952.08,3433.99,3433.99,2159.2473999999997,1284.8808,82.47793498799146,208.89347380586946,552087.28112543,325233.91059246,MANTIENI STATO ATTUALE,ALTO,False,False,True,False,,True,False,False,False
2021-05-04,3433.99,3534.5,3166.12,3240.01,3240.01,2188.1462,1299.253,72.67096623677203,220.28536853402167,713308.42978124,344758.5272204145,MANTIENI STATO ATTUALE,ALTO,False,False,True,False,,True,False,False,False
2021-05-05,3239.61,3550.0,3201.33,3529.97,3529.97,2222.625,1315.0604500000002,77.06158931652458,229.45569935302012,466260.19811275,357138.62934433797,MANTIENI STATO ATTUALE,ALTO,False,False,True,False,,True,False,False,False
2021-05-06,3529.96,3610.91,3381.11,3492.75,3492.75,2255.9852,1330.6313,75.38732819824457,229.4802922563758,368967.13672979,360287.312141965,MANTIENI STATO ATTUALE,ALTO,False,False,True,False,,True,False,False,False
2021-05-07,3492.33,3595.07,3356.69,3484.7,3484.7,2290.1512,1346.1580000000001,75.00775495403605,230.11598566663469,305837.39644288,366378.417444436,MANTIENI STATO ATTUALE,ALTO,False,False,True,False,,True,False,False,False
2021-05-08,3484.69,3962.44,3455.0,3917.26,3917.26,2332.3088000000002,1363.90025,80.64659509289845,249.92484383330364,329490.02398979,358644.7101242225,MANTIENI STATO ATTUALE,ALTO,False,False,True,False,,True,False,False,False
2021-05-09,3917.26,3984.0,3726.29,3928.44,3928.44,2374.7482,1381.5847999999999,80.7673773533091,250.4809264166391,303199.06513222,360349.88809319696,MANTIENI STATO ATTUALE,ALTO,False,False,True,False,,True,False,False,False
2021-05-10,3928.41,4213.85,3650.01,3949.45,3949.45,2418.0572,1399.25855,81.00726190559287,272.8637173868792,591122.82046763,374295.25181469496,MANTIENI STATO ATTUALE,ALTO,False,False,True,False,,True,False,False,False
2021-05-11,3949.45,4183.25,3760.0,4179.76,4179.76,2468.032,1418.10975,83.44488912742216,283.6055947163878,371785.21687275,377633.3787049075,MANTIENI STATO ATTUALE,ALTO,False,False,True,False,,True,False,False,False
2021-05-12,4179.77,4384.43,3700.0,3826.37,3826.37,2511.1976,1435.1787,68.84420390835709,312.235909379503,617506.79293758,379304.7739666765,MANTIENI STATO ATTUALE,ALTO,False,False,True,False,,True,False,False,False
2021-05-13,3826.37,4055.62,3525.62,3719.23,3719.23,2553.9464,1451.7425499999997,65.1237578010639,327.79048728096706,812296.19058095,387711.5240025845,MANTIENI STATO ATTUALE,ALTO,False,False,True,False,,True,False,False,False
2021-05-14,3719.22,4177.77,3695.0,4080.51,4080.51,2603.815,1470.1794999999997,70.84530075722785,338.8604524751837,344804.82454669,393902.22366113047,MANTIENI STATO ATTUALE,ALTO,False,False,True,False,,True,False,False,False
2021-05-15,4080.51,4138.0,3632.0,3649.54,3649.54,2642.8038,1486.40445,58.51347988100904,350.7989915840992,332664.12210277,397850.02418527857,MANTIENI STATO ATTUALE,ALTO,False,False,True,False,,True,False,True,False
2021-05-16,3648.16,3878.23,3334.88,3585.62,3585.62,2680.2385999999997,1502.3894,56.93064123652054,364.5526350423778,496714.18827206,407140.48225987103,VENDI,ALTO,False,False,True,False,,False,False,True,True
2021-05-17,3584.79,3590.0,3101.0,3283.32,3283.32,2712.1665999999996,1516.8680000000002,50.036869308718124,373.4417325393508,681492.46445778,427388.105993052,MANTIENI STATO ATTUALE,ALTO,False,False,True,False,,False,False,False,False
2021-05-18,3283.32,3567.4,3241.06,3375.96,3375.96,2743.3712,1531.83395,51.95680975064818,370.07732307225433,443596.42566946,430118.03153000696,MANTIENI STATO ATTUALE,ALTO,False,False,True,False,,False,False,False,False
2021-05-19,3376.98,3444.96,1860.0,2443.91,2443.91,2755.4262,1542.1198000000002,36.68347351027559,456.85465713852193,1664158.9063247,498847.62984213,VENDI,ALTO,False,False,True,False,,False,True,False,False
2021-05-20,2443.91,2999.99,2156.0,2775.07,2775.07,2772.5276,1554.0106,43.08523817993865,484.5071816286275,1050830.69730324,541199.9477730381,MANTIENI STATO ATTUALE,ALTO,False,False,True,False,,False,False,False,False
2021-05-21,2775.06,2950.0,2105.0,2434.86,2434.86,2781.8572,1564.26825,38.75058126176452,510.2566686551541,936011.86609611,577044.4749116355,VENDI,ALTO,False,False,True,False,,False,True,False,False
2021-05-22,2434.86,2486.29,2156.0,2297.19,2297.19,2785.1074,1573.8126000000002,37.122987303908275,497.40190660835736,665111.58789821,602362.2817422014,VENDI,ALTO,False,False,True,False,,False,True,False,False
2021-05-23,2296.68,2382.0,1728.0,2099.58,2099.58,2786.914,1582.2946,34.85967017385667,508.58748470776044,1045012.76021567,627008.5556967135,VENDI,MEDIO,False,False,True,False,,False,True,False,False
2021-05-24,2100.07,2678.25,2072.15,2651.24,2651.24,2798.4116,1593.4649500000003,44.95003366979765,515.5526643714918,860939.09041545,634390.0887284239,VENDI,ALTO,False,False,True,False,,False,True,False,False
2021-05-25,2651.57,2768.0,2383.39,2707.56,2707.56,2810.4232,1604.7195000000002,45.871873957723984,506.19961691638525,725633.89598362,647358.7736219675,VENDI,ALTO,False,False,True,False,,False,True,False,False
2021-05-26,2707.75,2913.68,2647.21,2889.84,2889.84,2825.96,1616.99005,48.85689096332446,489.07607285092917,532990.73904717,655559.9537378366,MANTIENI STATO ATTUALE,ALTO,False,False,True,False,,False,False,False,False
2021-05-27,2889.43,2893.96,2639.32,2745.51,2745.51,2841.5856,1628.44455,46.662596081303754,472.3306390758628,380707.48775302,659303.4583033435,VENDI,ALTO,False,False,True,False,,False,True,False,False
2021-05-28,2745.25,2762.91,2329.2,2413.81,2413.81,2848.236,1638.28955,41.99454512696228,469.5720219990155,657497.5191979,675703.833063749,VENDI,ALTO,False,False,True,False,,False,True,False,False
2021-05-29,2413.28,2574.86,2207.74,2280.72,2280.72,2852.5298,1647.4387000000002,40.25447982614972,462.2540204276572,496783.55299687,685383.0574569816,VENDI,MEDIO,False,False,True,False,,False,True,False,False
2021-05-30,2280.78,2480.69,2182.2,2387.66,2387.66,2857.6214,1657.0580499999999,42.32251728521874,450.5565903971103,388966.15183724,675275.224025462,VENDI,ALTO,False,False,True,False,,False,True,False,False
2021-05-31,2387.65,2720.0,2275.22,2707.12,2707.12,2868.7529999999997,1668.27875,48.10170900553485,450.1439767973168,400639.23849696,676717.9251066725,VENDI,ALTO,False,False,True,False,,False,True,False,False
2021-06-01,2707.87,2748.0,2527.88,2634.42,2634.42,2878.6808,1679.06515,46.948818458336156,433.7136927403656,341435.04494495,662914.3377070411,VENDI,ALTO,False,False,True,False,,False,True,False,False
2021-06-02,2634.46,2803.0,2552.28,2706.64,2706.64,2886.8152,1690.2925500000001,48.275097804104384,420.64271468748234,268753.93459884,635737.2249079355,VENDI,ALTO,False,False,True,False,,False,True,False,False
2021-06-03,2706.87,2890.0,2663.02,2856.68,2856.68,2895.298,1702.33305,51.01501345654223,406.8096636383765,254235.89167581,631208.7782643915,MANTIENI STATO ATTUALE,ALTO,False,False,True,False,,False,False,False,False
2021-06-04,2856.73,2859.85,2554.39,2690.68,2690.68,2898.771,1713.4822,47.986416049034254,399.57040194992106,294466.9594428,629298.920131393,VENDI,ALTO,False,False,True,False,,False,True,False,False
2021-06-05,2691.13,2816.92,2552.18,2629.75,2629.75,2902.8332,1724.21755,46.88615451833042,389.93965895349817,228143.70836692,615870.396136136,VENDI,ALTO,False,False,True,False,,False,True,False,False
2021-06-06,2629.45,2745.36,2615.0,2710.97,2710.97,2910.6786000000006,1735.3776,48.578687957226805,371.398254742534,122420.16649011,587916.7812377524,VENDI,ALTO,False,False,True,False,,False,True,False,False
2021-06-07,2710.97,2849.15,2575.0,2592.47,2592.47,2917.6987999999997,1745.98035,46.26237373778846,364.451950832353,267934.37140931,579133.6785247449,VENDI,ALTO,False,False,True,False,,False,True,False,False
2021-06-08,2592.47,2621.91,2306.52,2509.11,2509.11,2924.6046,1755.97375,44.64952881486477,360.94752577289927,451505.06172677,518500.98629484855,VENDI,ALTO,False,False,True,False,,False,True,False,False
2021-06-09,2509.1,2628.16,2406.33,2611.27,2611.27,2930.178,1766.26475,47.084294386059085,351.0105596462636,291643.03769418,480541.6033143954,VENDI,ALTO,False,False,True,False,,False,True,False,False
2021-06-10,2611.4,2625.0,2428.16,2471.59,2471.59,2932.4656,1775.8186,44.22015520926907,339.9983768143876,181679.49879048,442824.984949114,VENDI,MEDIO,False,False,True,False,,False,True,False,False
2021-06-11,2471.59,2499.34,2322.16,2355.27,2355.27,2931.5712,1784.54865,41.93258447178642,328.36849275621705,189880.6813896,419063.4396236835,VENDI,MEDIO,False,False,True,False,,False,True,False,False
2021-06-12,2355.11,2452.58,2257.07,2371.49,2371.49,2931.6,1793.37885,42.38020205759548,318.87860041648725,177293.96771257,375677.49999852845,VENDI,MEDIO,False,False,True,False,,False,True,False,False
2021-06-13,2371.85,2550.0,2309.67,2510.23,2510.23,2937.4702,1803.0860500000001,46.20042749572617,313.2679861010239,172712.48563163,341266.1697593375,VENDI,MEDIO,False,False,True,False,,False,True,False,False
2021-06-14,2510.22,2609.02,2461.63,2582.86,2582.86,2942.6841999999997,1813.3986499999999,48.138893018481646,301.41955852237936,169626.35302782,313465.7926115475,VENDI,ALTO,False,False,True,False,,False,True,False,False
2021-06-15,2582.45,2640.0,2506.23,2543.58,2543.58,2942.8758000000003,1823.5212,47.149438357839216,289.44459005649514,168529.3479128,295242.72305482894,VENDI,MEDIO,False,False,True,False,,False,True,False,False
2021-06-16,2543.57,2555.0,2351.01,2367.73,2367.73,2936.8732,1832.6693,42.898387113781325,283.34069076674547,178257.28803783,285120.2130690695,VENDI,MEDIO,False,False,True,False,,False,True,False,False
2021-06-17,2368.24,2459.53,2306.35,2373.33,2373.33,2929.308,1841.65215,43.07440537635736,274.04349856912086,153637.62400874,259927.2183096115,VENDI,MEDIO,False,False,True,False,,False,True,False,False
2021-06-18,2373.33,2377.8,2125.12,2234.47,2234.47,2918.8190000000004,1849.7395,39.79837087721333,272.5175343856123,273328.22658507,248754.45198902153,VENDI,MEDIO,False,False,True,False,,False,True,False,False
2021-06-19,2234.8,2279.0,2162.72,2164.72,2164.72,2906.5844,1857.6329500000002,38.22570517349968,261.35771050092575,162828.91242019,237447.59001816902,VENDI,BASSO,False,False,True,False,,False,True,False,False
2021-06-20,2165.13,2275.78,2042.5,2242.9,2242.9,2892.4640000000004,1865.8606999999997,41.03811506973727,259.35215975085964,231871.91509491,229009.22384806647,VENDI,MEDIO,False,False,True,False,,False,True,False,False
2021-06-21,2242.89,2259.1,1864.5,1885.67,1885.67,2871.1356,1872.2058000000002,33.52702768146973,269.01271976865536,598655.07269099,241870.22523536853,VENDI,BASSO,False,False,True,False,,False,True,False,False
2021-06-22,1885.49,1996.67,1700.0,1881.65,1881.65,2840.0888,1878.7760499999997,33.45282646240402,270.98823978518,620163.37396399,259440.69720362598,VENDI,BASSO,False,False,True,False,,False,True,False,False
2021-06-23,1881.24,2045.0,1823.97,1968.37,1968.37,2814.6560000000004,1885.6314499999999,36.70706313425975,267.41979408623854,287217.09052056,261089.75714586355,VENDI,BASSO,False,False,True,False,,False,True,False,False
2021-06-24,1968.36,2035.39,1884.77,1988.81,1988.81,2783.8328,1892.5657499999998,37.48306630333718,259.0769516515072,208623.5990145,256797.5891244485,VENDI,BASSO,False,False,True,False,,False,True,False,False
2021-06-25,1988.81,2019.39,1792.0,1809.07,1809.07,2750.1592000000005,1898.65375,33.58377011940857,256.8135979621139,370739.74744615,263927.39107841003,VENDI,MEDIO,False,False,True,False,,False,True,False,False
2021-06-26,1809.07,1851.97,1717.41,1829.17,1829.17,2717.0486,1905.02565,34.405547584728595,248.08119810767718,238207.16665611,269716.74108670995,VENDI,MEDIO,False,False,True,False,,False,True,False,False
2021-06-27,1829.0,1988.62,1807.89,1984.71,1984.71,2678.3975999999993,1912.0822999999998,40.536925556174324,243.27039824284307,177413.91064922,265190.7180487055,VENDI,BASSO,False,False,True,False,,False,True,False,False
2021-06-28,1984.84,2143.67,1957.24,2083.79,2083.79,2641.5046,1919.7040000000002,44.120156082948306,239.21036979692573,278261.98240028,256528.56408238102,VENDI,BASSO,True,False,True,False,,False,True,False,False
2021-06-29,2083.99,2247.03,2074.53,2166.18,2166.18,2605.8392000000003,1927.81375,46.98123717413784,234.44534338285962,215702.68781407,252731.54658837552,VENDI,BASSO,False,False,True,False,,False,True,False,False
2021-06-30,2165.64,2288.0,2089.16,2276.72,2276.72,2567.7784,1936.35415,50.63330376247656,231.9021045697982,254873.14574192,256391.22893594755,VENDI,BASSO,False,False,True,False,,False,True,False,False
2021-07-01,2276.74,2277.44,2072.06,2107.01,2107.01,2533.3912,1943.93545,45.45632828834878,230.00766852909837,240720.57482006,258933.2236074705,VENDI,BASSO,False,False,True,False,,False,True,False,False
2021-07-02,2107.75,2159.43,2017.07,2156.0,2156.0,2502.1266,1951.7835,47.136600403543454,223.74712077701992,192127.19122379,259674.8847830315,VENDI,BASSO,False,False,True,False,,False,True,False,False
2021-07-03,2156.0,2239.69,2113.18,2226.95,2226.95,2465.0553999999997,1959.97285,49.56007954900775,216.80161215008994,98666.79185779,255972.6000943395,VENDI,BASSO,False,False,True,False,,False,True,False,False
2021-07-04,2227.46,2389.22,2190.56,2323.15,2323.15,2438.5276,1968.3987,52.72472879977651,215.5057827107978,126325.73621254,253807.56925357552,VENDI,BASSO,False,False,True,False,,False,True,False,False
2021-07-05,2323.27,2324.44,2160.0,2197.34,2197.34,2410.762,1976.16855,48.444015900608115,211.85822680288368,156103.9362224,253186.2986690555,VENDI,BASSO,False,False,True,False,,False,True,False,False
2021-07-06,2197.34,2350.0,2195.02,2321.84,2321.84,2391.5324,1984.5044500000001,52.54964823987585,207.7954963169634,165693.46720418,252558.10762737304,VENDI,BASSO,False,False,True,False,,False,True,False,False
2021-07-07,2322.2,2411.19,2294.16,2316.82,2316.82,2370.3496,1992.79375,52.368559830410284,201.31224658003748,159702.0440841,252861.328631141,VENDI,BASSO,False,False,True,False,,False,True,False,False
2021-07-08,2317.64,2325.46,2084.0,2116.95,2116.95,2363.8104000000003,2000.1865,45.62685202336666,204.17994325289195,223830.00371273,250386.41748752398,VENDI,BASSO,False,False,True,False,,False,True,False,False
2021-07-09,2116.3,2189.28,2050.0,2147.38,2147.38,2351.2566,2007.88305,46.75081316928987,199.54423302054255,190883.32617917,251789.138175473,VENDI,BASSO,False,False,True,False,,False,True,False,False
2021-07-10,2147.38,2192.98,2075.0,2110.55,2110.55,2344.7704,2015.2516999999998,45.52423858501107,193.7182163762181,116594.48589325,246025.26671539,VENDI,BASSO,False,False,True,False,,False,True,False,False
2021-07-11,2110.56,2173.37,2081.51,2140.82,2140.82,2341.643,2023.03025,46.760566299933586,186.44262949220249,89340.97126887,220559.56164428397,VENDI,BASSO,False,False,True,False,,False,True,False,False
2021-07-12,2141.45,2169.0,2002.0,2030.72,2030.72,2340.2657999999997,2030.1225,42.94303495431715,185.05387024275944,174561.37955667,198279.461923918,VENDI,BASSO,False,False,True,False,,False,True,False,False
2021-07-13,2030.74,2047.72,1917.4,1940.76,1940.76,2326.0562,2036.69255,40.0648841099845,181.14430808256233,217891.77262081,194813.1960289305,VENDI,MEDIO,False,False,True,False,,False,True,False,False
2021-07-14,1940.34,2019.9,1865.5,1994.11,1994.11,2311.7872,2043.4805000000001,42.525075460348916,179.23400036237933,195351.53451543,194149.592803977,VENDI,MEDIO,False,False,True,False,,False,True,False,False
2021-07-15,1994.12,2039.99,1880.0,1918.07,1918.07,2292.3518,2049.65025,40.004559792178746,177.85942890792367,229477.74435019,187086.492649179,VENDI,MEDIO,False,False,True,False,,False,True,False,False
2021-07-16,1918.99,1965.35,1850.15,1877.22,1877.22,2274.986,2055.38785,38.67824768300388,173.38375541450057,184221.68200937,184387.218416842,VENDI,MEDIO,False,False,True,False,,False,True,False,False
2021-07-17,1877.22,1919.0,1847.0,1899.75,1899.75,2264.7048,2061.2278,39.862476413824346,166.1420585991791,113724.29716977,181202.73774286947,VENDI,MEDIO,False,False,True,False,,False,True,False,False
2021-07-18,1899.75,1994.4,1878.67,1891.46,1891.46,2256.9195999999997,2066.9208000000003,39.55974842199222,162.54119727066632,124679.10845278,173523.5940454945,VENDI,MEDIO,False,False,True,False,,False,True,False,False
2021-07-19,1891.46,1918.65,1805.47,1818.44,1818.44,2245.5352,2072.32465,36.90145008990616,159.01539746561875,191611.5191467,172319.035612126,VENDI,MEDIO,False,False,True,False,,False,True,False,False
2021-07-20,1818.45,1840.79,1718.41,1786.46,1786.46,2227.1220000000003,2077.602,35.76783867614408,156.3985833609317,278984.79921803,173524.6182859315,VENDI,MEDIO,False,False,True,False,,False,True,False,False
2021-07-21,1786.51,2033.16,1754.27,1996.18,1996.18,2214.3572,2083.7064,47.21889018230653,165.1479702637223,263702.46075895,174673.71258287597,VENDI,MEDIO,False,False,True,False,,False,True,False,False
2021-07-22,1996.21,2046.74,1948.68,2024.75,2024.75,2200.7194,2088.9279500000002,48.56417311705488,160.35597238774213,196355.49626351,174885.12783486198,VENDI,MEDIO,False,False,True,False,,False,True,False,False
2021-07-23,2024.75,2131.51,1995.0,2125.81,2125.81,2186.102,2094.3451,53.11626533532195,158.65268864576058,177278.18951605,178815.697717775,VENDI,BASSO,False,False,True,False,,False,True,False,False
2021-07-24,2125.82,2200.0,2107.13,2185.95,2185.95,2176.0074,2099.7562,55.6326532829302,153.9539251710634,151102.52474975,180054.5371446355,MANTIENI STATO ATTUALE,BASSO,False,False,True,False,,False,False,False,False
2021-07-25,2186.76,2197.05,2108.08,2193.03,2193.03,2167.273,2104.66125,55.93251990765827,149.31221623027318,129013.98912781,178700.039789906,MANTIENI STATO ATTUALE,BASSO,False,False,True,False,,False,False,False,False
2021-07-26,2192.38,2437.99,2172.99,2228.26,2228.26,2157.6188,2109.6658500000003,57.472785727224405,157.57562935668224,427763.06726806,191803.51979310001,ACQUISTA,BASSO,True,False,True,False,standard,True,False,False,False
2021-07-27,2228.71,2321.0,2152.0,2300.59,2300.59,2151.7812,2115.08205,60.523533081776066,158.39165583120496,253782.97390467,196507.5662841285,MANTIENI STATO ATTUALE,MEDIO,True,False,True,False,,True,False,False,False
2021-07-28,2300.28,2347.88,2245.1,2300.42,2300.42,2147.6074,2120.1769,60.51254555692782,154.41939470040464,205833.21106135,195607.7266515595,MANTIENI STATO ATTUALE,MEDIO,True,False,True,False,,True,False,False,False
2021-07-29,2300.76,2399.99,2267.78,2383.32,2383.32,2143.0484,2125.81785,63.94952461968516,152.83300936466142,172925.7166805,194709.846176626,MANTIENI STATO ATTUALE,MEDIO,False,False,True,False,,True,False,False,False
2021-07-30,2383.47,2474.82,2317.51,2463.9,2463.9,2142.8946,2132.6934,66.95987372539307,153.15279441004276,222140.744211,199987.1590925135,MANTIENI STATO ATTUALE,MEDIO,False,False,True,False,,True,False,False,False
2021-07-31,2463.88,2555.0,2422.31,2533.74,2533.74,2146.464,2140.11315,69.34886252723203,151.69116623789685,134549.11974341,202247.5665162405,MANTIENI STATO ATTUALE,MEDIO,False,False,True,False,,True,False,False,False
2021-08-01,2533.54,2699.0,2511.5,2555.43,2555.43,2150.1428,2147.2362999999996,70.07260056789903,154.24894007804707,260742.0604239,206556.600559602,MANTIENI STATO ATTUALE,ALTO,False,False,True,False,,True,False,False,False
2021-08-02,2555.99,2666.36,2503.7,2608.12,2608.12,2152.1005999999998,2154.1203,71.81370993216139,154.8497300724723,234264.49105555,207375.236481339,MANTIENI STATO ATTUALE,ALTO,False,False,True,False,,True,False,False,False
2021-08-03,2608.12,2633.0,2445.58,2508.31,2508.31,2150.6096000000002,2160.8213499999997,64.1948843338717,157.17617792443858,237814.06443089,209498.362977112,MANTIENI STATO ATTUALE,MEDIO,False,False,True,False,,True,False,False,False
2021-08-04,2508.16,2771.42,2455.94,2724.71,2724.71,2154.2322,2168.3091999999997,71.30340095275687,168.48359378697867,250129.62895073,210530.95720713897,MANTIENI STATO ATTUALE,ALTO,False,False,True,False,,True,False,False,False
2021-08-05,2724.71,2845.0,2530.69,2829.35,2829.35,2163.4646,2176.291,73.99222430274936,178.89976565933733,326176.98753449,217628.722483395,MANTIENI STATO ATTUALE,ALTO,False,False,True,False,,True,False,False,False
2021-08-06,2829.49,2949.21,2721.0,2892.98,2892.98,2173.8576,2184.4635,75.495786781994,182.42192525509896,283374.42059615,226111.22865471398,MANTIENI STATO ATTUALE,ALTO,False,False,True,False,,True,False,False,False
2021-08-07,2892.83,3173.72,2866.58,3163.09,3163.09,2192.43,2193.43875,80.61821110127453,191.330359165449,299359.36243726,234845.24135393804,MANTIENI STATO ATTUALE,ALTO,False,False,True,False,,True,False,False,False
2021-08-08,3163.09,3191.99,2948.76,3014.13,3014.13,2209.4182,2201.625,71.71478473749207,195.0374763679169,244654.45876056,237497.388334631,MANTIENI STATO ATTUALE,ALTO,False,False,True,False,,True,False,False,False
2021-08-09,3014.12,3190.0,2892.5,3162.34,3162.34,2227.807,2211.8836,74.70776436329861,202.35622805592283,315853.32665056,239340.8147062575,MANTIENI STATO ATTUALE,ALTO,False,False,True,False,,True,False,False,False
2021-08-10,3162.33,3235.1,3051.0,3142.09,3142.09,2252.9354000000003,2221.42605,73.56242934614058,201.05221176621407,223500.03188943,237330.69326278148,MANTIENI STATO ATTUALE,ALTO,False,False,True,False,,True,False,False,False
2021-08-11,3142.18,3275.0,3122.22,3162.61,3162.61,2278.5546000000004,2231.06635,73.99745972807256,197.60419664005593,194586.91786387,237242.2643427995,MANTIENI STATO ATTUALE,ALTO,False,False,True,False,,True,False,False,False
2021-08-12,3162.16,3239.69,2980.0,3047.21,3047.21,2300.1313999999998,2239.3324,67.29135330128977,202.03889688005194,243214.90148817,240539.09994140553,MANTIENI STATO ATTUALE,MEDIO,False,False,True,False,,True,False,False,False
2021-08-13,3047.21,3330.0,3034.52,3324.51,3324.51,2326.8454,2249.3651,73.50499701363235,208.71326138861969,190905.3520745,242529.241307643,MANTIENI STATO ATTUALE,ALTO,False,False,True,False,,True,False,False,False
2021-08-14,3324.51,3333.0,3206.96,3266.52,3266.52,2355.9944,2258.8577999999998,70.48925214820312,202.80802843228972,118892.50906903,242023.16730470402,MANTIENI STATO ATTUALE,ALTO,False,False,True,False,,True,False,False,False
2021-08-15,3266.52,3323.54,3112.96,3310.93,3310.93,2385.6296,2269.2076500000003,71.4551212715104,203.36316925855473,162311.47927523,228750.5879050625,MANTIENI STATO ATTUALE,ALTO,False,False,True,False,,True,False,False,False
2021-08-16,3311.02,3341.47,3135.0,3146.6,3146.6,2408.8674,2278.2747,63.21088039861351,203.58508574008653,177756.89052157,224949.2837359075,MANTIENI STATO ATTUALE,MEDIO,False,False,True,False,,True,False,False,False
2021-08-17,3146.6,3293.15,2992.15,3011.01,3011.01,2427.4118000000003,2286.4304,57.33304023218586,210.54329390150892,246541.89921532,226984.718143606,MANTIENI STATO ATTUALE,MEDIO,False,False,True,False,,True,False,True,False
2021-08-18,3011.77,3126.51,2951.0,3014.38,3014.38,2444.3758,2294.6023,57.43897169484784,208.04091576568686,193245.63285215,228000.71395218853,MANTIENI STATO ATTUALE,MEDIO,False,False,True,False,,True,False,True,False
2021-08-19,3014.38,3187.48,2960.0,3184.21,3184.21,2462.5256,2303.9536500000004,62.49276537374033,209.42942178242353,161902.28879318,224988.7911812975,MANTIENI STATO ATTUALE,MEDIO,False,False,True,False,,True,False,False,False
2021-08-20,3184.32,3300.0,3178.65,3286.58,3286.58,2486.117,2313.5135499999997,65.17696603540153,203.13803451225044,173202.49961989,226921.46017512152,MANTIENI STATO ATTUALE,ALTO,False,False,True,False,,True,False,False,False
2021-08-21,3286.82,3311.0,3206.96,3226.73,3226.73,2507.5316000000003,2322.07885,62.36681517253701,196.05960347566113,108432.72740463,219305.993524158,MANTIENI STATO ATTUALE,MEDIO,False,False,True,False,,True,False,False,False
2021-08-22,3226.38,3275.0,3128.82,3241.42,3241.42,2527.821,2329.94235,62.79087513976286,192.49677465597105,98417.87656735,212513.66279974798,MANTIENI STATO ATTUALE,MEDIO,False,False,True,False,,True,False,False,False
2021-08-23,3241.41,3378.6,3233.19,3323.12,3323.12,2547.8204,2338.5702,65.14335964501785,189.13343360911597,170976.09020067,209171.764088237,MANTIENI STATO ATTUALE,ALTO,False,False,True,False,,True,False,False,False
2021-08-24,3322.76,3360.0,3133.45,3171.52,3171.52,2567.304,2345.8225,57.8363449121138,191.80604549417913,162665.07930976,204798.53660618849,MANTIENI STATO ATTUALE,MEDIO,False,False,True,False,,True,False,False,False
2021-08-25,3170.94,3249.0,3079.92,3228.51,3228.51,2585.4374000000003,2353.5661999999998,59.66783875958172,190.1827565303092,138830.69124351,195431.22179163952,MANTIENI STATO ATTUALE,MEDIO,False,False,True,False,,True,False,False,False
2021-08-26,3228.51,3251.05,3056.0,3093.2,3093.2,2600.965,2360.9556,53.703210496468856,190.53041677814429,140286.63490594,188276.832507129,MANTIENI STATO ATTUALE,MEDIO,False,False,True,False,,True,False,False,False
2021-08-27,3092.71,3283.26,3050.0,3274.67,3274.67,2624.1194,2368.56405,59.544165576719024,193.5825298654197,168913.62309989,181754.5455402605,MANTIENI STATO ATTUALE,MEDIO,False,False,True,False,,True,False,False,False
2021-08-28,3275.32,3290.51,3212.01,3247.99,3247.99,2646.1315999999997,2375.9432,58.378032499582304,185.36234916074687,72183.42536015,173130.99387024,MANTIENI STATO ATTUALE,MEDIO,False,False,True,False,,True,False,False,False
2021-08-29,3247.99,3287.73,3153.75,3226.46,3226.46,2668.4498000000003,2383.36085,57.40108353051674,181.69218136355067,89119.39624772,161794.297350098,MANTIENI STATO ATTUALE,MEDIO,False,False,True,False,,True,False,False,False
2021-08-30,3226.45,3349.0,3145.45,3229.01,3229.01,2690.2136,2390.5693,57.49181872676163,183.25345412329708,219625.56218696,161600.5738649745,MANTIENI STATO ATTUALE,MEDIO,False,False,True,False,,True,False,False,False
2021-08-31,3229.02,3486.8,3190.56,3430.23,3430.23,2718.2038000000002,2398.4954500000003,64.00680210465376,191.32392168591875,320212.11999266,167881.83397141402,MANTIENI STATO ATTUALE,ALTO,True,False,True,False,,True,False,False,False
2021-09-01,3430.0,3843.12,3384.24,3829.39,3829.39,2755.9763999999996,2408.55235,72.88478637270781,210.43507013692454,306568.70086335,171049.523940173,MANTIENI STATO ATTUALE,ALTO,False,False,True,False,,True,False,False,False
2021-09-02,3829.29,3838.28,3722.65,3787.97,3787.97,2791.8536,2418.47345,70.92968302254064,203.66327941285851,206168.93909873,171812.7032913845,MANTIENI STATO ATTUALE,ALTO,False,False,True,False,,True,False,False,False
2021-09-03,3788.2,4030.35,3710.59,3940.06,3940.06,2832.2933999999996,2429.27565,73.71756092635998,211.95590231194004,284766.1603865,180106.38585725802,MANTIENI STATO ATTUALE,ALTO,False,False,True,False,,True,False,False,False
2021-09-04,3940.06,3970.0,3834.57,3887.53,3887.53,2872.4995999999996,2439.80345,71.17855014924952,206.48976643251575,130047.41569531,178493.182678262,MANTIENI STATO ATTUALE,ALTO,False,False,True,False,,True,False,False,False
2021-09-05,3887.58,3982.64,3835.7,3952.17,3952.17,2913.548,2450.3043,72.43661981987677,202.23621168733607,101339.56157838,174672.3162311025,MANTIENI STATO ATTUALE,ALTO,False,False,True,False,,True,False,False,False
2021-09-06,3951.68,3973.27,3868.0,3928.89,3928.89,2954.2966,2460.25055,71.23068918895908,195.3100537096692,111675.62991707,167929.00276619,MANTIENI STATO ATTUALE,ALTO,False,False,True,False,,True,False,False,False
2021-09-07,3928.72,3948.0,3009.0,3436.96,3436.96,2986.667,2467.6469500000003,51.659429750863836,248.43076415897855,482489.77503547,182391.209875356,MANTIENI STATO ATTUALE,MEDIO,True,False,True,False,,True,False,False,False
2021-09-08,3436.75,3562.98,3216.0,3500.34,3500.34,3020.9446000000003,2475.57135,53.43463372220631,255.46999529048009,352658.69072643,191929.0299720185,VENDI,ALTO,False,False,True,False,,False,False,True,True
2021-09-09,3499.54,3568.59,3393.17,3424.95,3424.95,3049.52,2483.01825,51.03391346920198,249.75213848401722,244244.24892658,195481.11743735298,MANTIENI STATO ATTUALE,MEDIO,False,False,True,False,,False,False,False,False
2021-09-10,3424.32,3514.37,3142.67,3209.82,3209.82,3073.2213999999994,2490.17405,44.842617174176745,258.4627000208731,271075.68986114,203613.2655601785,MANTIENI STATO ATTUALE,MEDIO,False,False,True,False,,False,False,False,False
2021-09-11,3209.29,3349.43,3199.88,3266.77,3266.77,3096.0406,2498.61875,46.686516519541534,250.6832214479536,133373.86127026,205361.064795324,MANTIENI STATO ATTUALE,MEDIO,False,False,True,False,,False,False,False,False
2021-09-12,3266.97,3472.99,3231.75,3403.75,3403.75,3120.3966000000005,2507.511,50.935175967327496,250.00870563024262,133979.51978513,203511.236274547,MANTIENI STATO ATTUALE,MEDIO,False,False,True,False,,False,False,False,False
2021-09-13,3403.81,3430.0,3111.14,3286.2,3286.2,3142.26,2516.5289000000002,47.44119423983946,254.92665522808244,215497.91819641,206152.87821887952,MANTIENI STATO ATTUALE,MEDIO,False,False,True,False,,False,False,False,False
2021-09-14,3285.66,3439.15,3270.74,3436.29,3436.29,3166.4206,2526.48445,51.971386898766596,248.74689414036231,152957.54148077,206859.2207307425,MANTIENI STATO ATTUALE,MEDIO,False,False,True,False,,False,False,False,False
2021-09-15,3436.29,3621.15,3359.96,3615.65,3615.65,3192.7218,2537.2598500000004,56.76700933612794,249.63568741605073,157550.50123984,207722.4140474375,MANTIENI STATO ATTUALE,ALTO,False,False,True,False,,False,False,False,False
2021-09-16,3615.68,3675.92,3482.97,3568.66,3568.66,3218.0865999999996,2547.99305,55.21161706053842,245.5867097434757,193709.08937556,208962.187361221,MANTIENI STATO ATTUALE,ALTO,False,False,True,False,,False,False,False,False
2021-09-17,3568.77,3595.0,3350.06,3400.0,3400.0,3238.4202,2557.13395,49.92416913500509,245.54051619037028,164813.94731616,213593.7134590215,MANTIENI STATO ATTUALE,MEDIO,False,False,True,False,,False,False,False,False
2021-09-18,3400.0,3543.0,3369.53,3436.31,3436.31,3257.8684,2566.8738,51.01185985677462,240.3926221767724,129386.37129349,215607.06221130997,MANTIENI STATO ATTUALE,MEDIO,False,False,True,False,,False,False,False,False
2021-09-19,3436.59,3457.22,3278.0,3328.59,3328.59,3273.7653999999998,2575.67745,47.70157934334206,236.02314916414576,93362.31450909,209293.8998274165,MANTIENI STATO ATTUALE,MEDIO,False,False,True,False,,False,False,False,False
2021-09-20,3328.7,3346.58,2911.81,2976.48,2976.48,3282.1864,2582.8614,38.8312173521872,250.2193527952782,434236.7826118,214995.13295837352,VENDI,BASSO,False,False,True,False,,False,True,False,False
2021-09-21,2976.36,3104.82,2651.0,2765.69,2765.69,3285.3378000000002,2589.0457499999998,34.67428952643978,264.7622561670441,441567.8736938,221745.091599896,VENDI,BASSO,False,False,True,False,,False,True,False,False
2021-09-22,2765.33,3090.83,2738.24,3078.43,3078.43,3296.7402,2596.17875,44.2158688088934,271.0356664408267,271497.54590784,225011.52194035152,VENDI,BASSO,False,False,True,False,,False,True,False,False
2021-09-23,3078.42,3182.34,3035.83,3154.62,3154.62,3305.3383999999996,2603.3107499999996,46.27467012580557,262.1409759807677,166485.49300907,219097.48857148,VENDI,MEDIO,False,False,True,False,,False,True,False,False
2021-09-24,3154.42,3160.48,2735.0,2930.61,2930.61,3307.3636000000006,2608.7909,41.43290953288721,273.80804912499855,365024.83204626,230846.3593890275,VENDI,BASSO,False,False,True,False,,False,True,False,False
2021-09-25,2930.59,2968.85,2800.01,2924.01,2924.01,3307.9842,2614.051,41.29581276669582,266.3103313303558,145561.52444175,233057.457532196,VENDI,BASSO,False,False,True,False,,False,True,False,False
2021-09-26,2923.91,3117.48,2741.34,3060.71,3060.71,3305.9366000000005,2620.3777,45.330727280568645,274.1553076639018,168746.48142334,235911.00010750946,VENDI,BASSO,False,False,True,False,,False,True,False,False
2021-09-27,3059.92,3168.03,2925.0,2925.27,2925.27,3304.1594,2625.8688500000003,42.23341780562812,271.93207140219454,172472.29785812,220410.12624864196,VENDI,BASSO,False,False,True,False,,False,True,False,False
2021-09-28,2926.27,2971.16,2782.6,2805.65,2805.65,3297.0256,2631.05815,39.65623664446373,265.9769234448949,186331.02775653,212093.743100147,VENDI,BASSO,False,False,True,False,,False,True,False,False
2021-09-29,2805.64,2950.6,2781.99,2850.14,2850.14,3291.1866000000005,2635.7008,41.09595366631844,259.02214319883103,177979.48195163,208780.5047513995,VENDI,BASSO,False,False,True,False,,False,True,False,False
2021-09-30,2849.71,3048.58,2836.21,3000.46,3000.46,3287.9436,2641.4586,45.801111264473,255.6898472560574,169873.45079422,203720.3927980535,VENDI,BASSO,False,False,True,False,,False,True,False,False
2021-10-01,3001.14,3337.15,2967.41,3311.16,3311.16,3293.2226,2649.03905,53.98304715364375,263.8362867377676,201035.51345113,207103.475407097,MANTIENI STATO ATTUALE,MEDIO,False,False,True,False,,False,False,False,False
2021-10-02,3311.2,3469.95,3258.94,3387.82,3387.82,3294.4888,2656.9480000000003,55.757708727505005,260.06298054221276,144778.38450029,207643.418642855,MANTIENI STATO ATTUALE,MEDIO,False,False,True,False,,False,False,False,False
2021-10-03,3388.67,3489.18,3343.36,3420.07,3420.07,3297.5598,2664.9246500000004,56.51743721043549,251.9027676463404,124271.04864619,203082.075165344,MANTIENI STATO ATTUALE,MEDIO,False,False,True,False,,False,False,False,False
2021-10-04,3419.63,3438.91,3269.67,3387.2,3387.2,3299.0852,2672.97865,55.471878700137594,245.99828424303038,163829.62677831,203625.679430221,MANTIENI STATO ATTUALE,MEDIO,False,False,True,False,,False,False,False,False
2021-10-05,3386.9,3547.88,3365.34,3515.3,3515.3,3306.4592,2681.5082500000003,58.68006527159202,241.4655496542425,163084.66881477,203902.3878089675,MANTIENI STATO ATTUALE,MEDIO,False,False,True,False,,False,False,False,False
2021-10-06,3517.26,3632.44,3342.16,3575.85,3575.85,3317.756,2690.3551500000003,60.141878125830964,244.9522961075109,219116.78797009,205172.772738694,ACQUISTA,MEDIO,True,False,True,False,standard,True,False,False,False
2021-10-07,3576.45,3655.02,3471.52,3588.51,3588.51,3329.2385999999997,2699.3777,60.4568758164977,240.56284638554584,195554.94828114,206709.822786943,MANTIENI STATO ATTUALE,MEDIO,False,False,True,False,,True,False,False,False
2021-10-08,3588.83,3670.0,3535.0,3563.96,3563.96,3336.8336,2708.7924,59.47528709349128,233.02264307229257,146564.44707403,207568.72657597,MANTIENI STATO ATTUALE,MEDIO,False,False,True,False,,True,False,False,False
2021-10-09,3563.96,3634.13,3538.61,3575.83,3575.83,3342.6186000000002,2718.3311,59.81501527394299,223.20102570998597,88782.58533301,207339.74011716602,MANTIENI STATO ATTUALE,MEDIO,False,False,True,False,,True,False,False,False
2021-10-10,3575.2,3605.49,3406.44,3415.0,3415.0,3346.384,2727.49715,53.2956620231964,221.47595244498697,112835.1020128,191269.656087216,MANTIENI STATO ATTUALE,MEDIO,False,False,True,False,,True,False,False,False
2021-10-11,3414.75,3625.0,3373.45,3542.37,3542.37,3352.403,2737.2736,57.267883623015535,223.6240986989165,142525.70987846,176317.54789644902,MANTIENI STATO ATTUALE,MEDIO,False,False,True,False,,True,False,False,False
2021-10-12,3542.2,3549.0,3403.51,3490.61,3490.61,3355.7527999999998,2746.22615,55.21280764580749,218.04309164899388,176617.45185163,171573.5431936385,MANTIENI STATO ATTUALE,MEDIO,False,False,True,False,,True,False,False,False
2021-10-13,3490.17,3614.48,3412.45,3608.21,3608.21,3364.4866,2755.6978,58.8278855268752,216.89929938835147,158955.26821205,171197.0319537875,MANTIENI STATO ATTUALE,MEDIO,False,False,True,False,,True,False,False,False
2021-10-14,3608.43,3828.84,3588.55,3791.66,3791.66,3375.7495999999996,2766.2215,63.74416745559765,218.57006371775495,216569.69208772,163774.2749558605,MANTIENI STATO ATTUALE,MEDIO,True,False,True,False,,True,False,False,False
2021-10-15,3791.06,3900.0,3734.44,3869.73,3869.73,3391.2802,2776.4914999999996,65.62531755484747,214.78363059505816,204682.20802319,166730.30913493253,MANTIENI STATO ATTUALE,MEDIO,False,False,True,False,,True,False,False,False
2021-10-16,3869.73,3968.49,3802.0,3829.66,3829.66,3402.38,2786.434,63.79571432375215,211.33408555255397,130674.36831436,164826.7034794835,MANTIENI STATO ATTUALE,MEDIO,False,False,True,False,,True,False,False,False
2021-10-17,3829.7,3919.0,3643.0,3847.18,3847.18,3414.3638,2796.0699,64.26483090631125,215.95307944165728,134515.91092357,162928.884132756,MANTIENI STATO ATTUALE,MEDIO,False,False,True,False,,True,False,False,False
2021-10-18,3847.38,3894.7,3676.35,3745.48,3745.48,3424.7441999999996,2804.9554000000003,59.449352240488615,216.12428805296747,187448.53280815,162984.759385337,MANTIENI STATO ATTUALE,MEDIO,True,False,True,False,,True,False,False,False
2021-10-19,3745.13,3890.36,3700.0,3878.17,3878.17,3437.7273999999998,2813.67285,63.31205592522494,214.28398176346982,154012.15326702,161786.39295110648,MANTIENI STATO ATTUALE,MEDIO,False,False,True,False,,True,False,False,False
2021-10-20,3878.35,4169.0,3829.59,4161.94,4161.94,3452.3615999999997,2824.4363,69.91274323411801,223.22155449465055,235728.75520251,165079.15817152098,MANTIENI STATO ATTUALE,ALTO,False,False,True,False,,True,False,False,False
2021-10-21,4161.83,4374.95,4010.22,4053.9,4053.9,3456.8518000000004,2834.324,65.10972305744554,233.32930060217552,286201.83773073,169337.474385501,MANTIENI STATO ATTUALE,ALTO,False,False,True,False,,True,False,False,False
2021-10-22,4053.97,4169.72,3885.25,3971.55,3971.55,3460.5234,2843.64685,61.63402296874873,236.98220770202016,187484.20093549,171472.76520726102,MANTIENI STATO ATTUALE,MEDIO,True,False,True,False,,True,False,False,False
2021-10-23,3971.89,4172.04,3935.92,4168.56,4168.56,3465.0934,2853.9246500000004,66.27263650501769,236.92062143759017,109253.57167984,170721.89135894348,MANTIENI STATO ATTUALE,ALTO,False,False,True,False,,True,False,False,False
2021-10-24,4168.53,4188.42,3962.05,4082.64,4082.64,3468.9956000000006,2864.5167000000006,62.71156846066935,236.16700562061945,126731.47064484,168866.98355227002,MANTIENI STATO ATTUALE,ALTO,False,False,True,False,,True,False,False,False
2021-10-25,4082.09,4236.27,4069.22,4220.93,4220.93,3474.3708,2875.2149,65.88863502229582,231.2300766477181,145753.84102089,168000.44216257602,MANTIENI STATO ATTUALE,ALTO,False,False,True,False,,True,False,False,False
2021-10-26,4221.16,4297.0,4091.31,4131.47,4131.47,3478.4224,2885.5420999999997,62.19679395106043,229.4057854585954,169619.87486465,165525.596507304,MANTIENI STATO ATTUALE,ALTO,True,False,True,False,,True,False,False,False
2021-10-27,4132.19,4314.63,3911.0,3923.94,3923.94,3488.1620000000003,2894.4964,54.55949942639379,241.8503722115529,279555.38152718,169725.618169606,MANTIENI STATO ATTUALE,MEDIO,False,False,True,False,,True,False,False,False
2021-10-28,3925.26,4299.0,3889.05,4288.26,4288.26,3503.9204,2905.185,63.12080156383101,253.85748848215624,257149.82955488,175254.8872936485,MANTIENI STATO ATTUALE,ALTO,True,False,True,False,,True,False,False,False
2021-10-29,4288.25,4461.96,4266.91,4421.23,4421.23,3523.8459999999995,2916.6010000000006,65.6635720888994,249.6569535905737,257148.94601167,183673.2053275815,MANTIENI STATO ATTUALE,ALTO,False,False,True,False,,True,False,False,False
2021-10-30,4421.23,4435.0,4236.99,4324.67,4324.67,3546.1430000000005,2926.7247500000003,62.304103253014524,245.9678854769613,123410.59442713,184201.97994829802,MANTIENI STATO ATTUALE,ALTO,False,False,True,False,,True,False,False,False
2021-10-31,4325.55,4395.99,4168.1,4290.16,4290.16,3566.6107999999995,2936.0128499999996,61.10093502781988,244.6766079428926,148206.08981334,184485.998945042,MANTIENI STATO ATTUALE,ALTO,False,False,True,False,,True,False,False,False
2021-11-01,4290.31,4385.16,4151.0,4322.89,4322.89,3584.9936,2945.0421499999998,61.85334050196544,243.9254216612574,165298.66872401,183920.059788661,MANTIENI STATO ATTUALE,ALTO,False,False,True,False,,True,False,False,False
2021-11-02,4322.89,4604.99,4287.32,4595.01,4595.01,3611.1698000000006,2955.884,67.484550098326,249.19289154259616,217839.79309642,186864.28603287952,MANTIENI STATO ATTUALE,ALTO,False,False,True,False,,True,False,False,False
2021-11-03,4594.27,4671.0,4456.0,4606.07,4606.07,3634.5654,2967.3208499999996,67.69329562867074,246.75054214669643,213935.75674438,186732.58926571248,MANTIENI STATO ATTUALE,ALTO,False,False,True,False,,True,False,False,False
2021-11-04,4606.07,4610.24,4423.01,4537.15,4537.15,3652.9954000000002,2978.7993,64.89734700992514,242.49907485050383,182872.96131449,185642.1269302775,MANTIENI STATO ATTUALE,ALTO,False,False,True,False,,True,False,False,False
2021-11-05,4537.14,4574.0,4446.01,4479.47,4479.47,3671.2116000000005,2990.37755,62.568174382619496,234.31985521832496,142403.14739608,186228.56588436352,MANTIENI STATO ATTUALE,ALTO,False,False,True,False,,True,False,False,False
2021-11-06,4479.47,4534.43,4329.21,4523.16,4523.16,3693.6748,3001.3303499999997,63.6328694600231,232.24129413130177,107961.55343832,184900.84801010098,MANTIENI STATO ATTUALE,ALTO,False,False,True,False,,True,False,False,False
2021-11-07,4523.73,4639.8,4506.99,4617.02,4617.02,3717.289,3012.6294,65.8782925334974,225.13905883620882,85312.85613745,179794.06417656603,MANTIENI STATO ATTUALE,ALTO,False,False,True,False,,True,False,False,False
2021-11-08,4617.27,4825.0,4616.5,4811.9,4811.9,3746.9552000000003,3024.68895,70.01759377775304,223.9505546336225,163884.29350308,180287.671188369,MANTIENI STATO ATTUALE,ALTO,False,False,True,False,,True,False,False,False
2021-11-09,4811.89,4842.54,4697.9,4731.59,4731.59,3782.0573999999997,3036.4966499999996,66.44061033162299,218.2855150169352,154525.60456333,176227.51365641,MANTIENI STATO ATTUALE,ALTO,False,False,True,False,,True,False,False,False
2021-11-10,4731.58,4867.81,4460.0,4632.22,4632.22,3819.388,3048.57415,62.20600986771029,231.82297823001127,249949.62441734,174414.9029907405,MANTIENI STATO ATTUALE,ALTO,True,False,True,False,,True,False,False,False
2021-11-11,4632.23,4783.05,4578.05,4721.87,4721.87,3852.2568,3060.5726999999997,64.40988940466853,229.9070512135819,112248.30258781,170653.1080733565,MANTIENI STATO ATTUALE,ALTO,False,False,True,False,,True,False,False,False
2021-11-12,4721.07,4809.27,4508.42,4667.34,4667.34,3882.5112,3071.2394,62.040111930500984,234.97440469832605,160383.45748095,173209.60236341198,MANTIENI STATO ATTUALE,ALTO,False,False,True,False,,True,False,False,False
2021-11-13,4667.79,4708.6,4586.8,4644.44,4644.44,3916.7877999999996,3081.1223,61.02469293303596,226.89051864844564,76568.33646209,170701.4456542745,MANTIENI STATO ATTUALE,ALTO,False,False,True,False,,True,False,False,False
2021-11-14,4644.43,4695.07,4516.05,4627.03,4627.03,3950.8482,3090.4995,60.217745625973535,223.47119588784233,96933.07064437,168260.40713544848,MANTIENI STATO ATTUALE,ALTO,False,False,True,False,,True,False,False,False
2021-11-15,4626.61,4770.0,4541.0,4565.06,4565.06,3980.9351999999994,3099.5301999999997,57.312668848624554,223.86611046728217,121693.76091856,165864.101438144,MANTIENI STATO ATTUALE,ALTO,False,False,True,False,,True,False,False,False
2021-11-16,4564.34,4564.98,4108.0,4209.5,4209.5,4006.6198,3106.6954499999997,44.15149512836054,240.52281686247633,309826.45957038,167377.655340304,VENDI,MEDIO,False,False,True,False,,False,False,True,True
2021-11-17,4209.89,4300.01,4068.24,4289.4,4289.4,4036.2948000000006,3113.39785,47.09175624092396,239.8976156580138,197969.47328462,164418.63752679102,MANTIENI STATO ATTUALE,MEDIO,False,False,True,False,,False,False,False,False
2021-11-18,4289.4,4346.42,3960.0,3997.93,3997.93,4059.2506,3118.62705,39.021149699244134,250.36350025386997,291477.64786245,166135.07261933,MANTIENI STATO ATTUALE,MEDIO,False,False,True,False,,False,False,False,False
2021-11-19,3998.57,4314.82,3975.24,4299.55,4299.55,4085.2324,3122.95485,48.799894297613875,256.73610737859354,191232.56135587,169526.170965767,MANTIENI STATO ATTUALE,MEDIO,False,False,True,False,,False,False,False,False
2021-11-20,4299.55,4438.96,4206.03,4416.69,4416.69,4107.343,3128.8382500000002,52.01808111235933,255.03567113726547,96882.12097892,166959.972524046,MANTIENI STATO ATTUALE,ALTO,False,False,True,False,,False,False,False,False
2021-11-21,4416.36,4427.72,4246.07,4262.99,4262.99,4124.846399999999,3132.5033500000004,47.77488257180796,249.7938374846037,83775.31676078,162883.80492588453,MANTIENI STATO ATTUALE,MEDIO,False,False,True,False,,False,False,False,False
2021-11-22,4263.04,4322.86,4024.45,4089.16,4089.16,4138.2282000000005,3135.4854000000005,43.45733020718195,253.26642052141773,174572.98932477,160720.46473730198,MANTIENI STATO ATTUALE,MEDIO,False,False,True,False,,False,False,False,False
2021-11-23,4089.17,4389.95,4062.28,4341.62,4341.62,4157.3166,3139.77,50.45975801294439,258.580961912745,159935.23797902,158020.43879903402,ACQUISTA,MEDIO,True,False,True,False,standard,True,False,False,False
2021-11-24,4341.58,4359.88,4168.99,4270.74,4270.74,4172.4254,3141.5373999999997,48.63851276979275,253.7458932046918,120268.67729032,154890.2245978255,MANTIENI STATO ATTUALE,MEDIO,False,False,True,False,,True,False,False,False
2021-11-25,4270.93,4555.11,4250.0,4525.87,4525.87,4191.4258,3144.52455,54.9424686386353,257.4147579757852,132338.28173546,154386.98131479448,MANTIENI STATO ATTUALE,ALTO,False,False,True,False,,True,False,False,False
2021-11-26,4527.03,4555.53,3915.0,4043.67,4043.67,4200.5289999999995,3144.99565,43.960330894474446,284.78013240608624,324817.57682312,165229.78248403448,VENDI,MEDIO,False,False,True,False,,False,True,False,False
2021-11-27,4043.62,4186.97,4031.56,4098.31,4098.31,4211.216,3144.5884,45.29470093396989,275.5394086627944,93299.56271946,165629.117813135,VENDI,MEDIO,False,False,True,False,,False,True,False,False
2021-11-28,4098.53,4303.35,3950.0,4298.38,4298.38,4225.6669999999995,3146.94845,49.99029927375055,281.0973080440234,124752.71262005,163672.5387689835,MANTIENI STATO ATTUALE,MEDIO,False,False,True,False,,False,False,False,False
2021-11-29,4298.38,4466.0,4282.07,4449.42,4449.42,4246.3553999999995,3150.5994,53.25252768026171,274.1567860408789,170935.20731881,164493.0189067575,ACQUISTA,ALTO,True,False,True,False,standard,True,False,False,False
2021-11-30,4449.42,4759.0,4350.91,4634.95,4634.95,4268.207,3153.3716,56.96598807491894,283.72344418081616,312105.05293146,167600.7903324635,MANTIENI STATO ATTUALE,ALTO,True,False,True,False,,True,False,False,False
2021-12-01,4636.43,4784.5,4526.94,4586.95,4586.95,4290.1338,3158.05865,55.73248330280756,281.8546267393294,241301.695591,174053.459982623,MANTIENI STATO ATTUALE,ALTO,True,False,True,False,,True,False,False,False
2021-12-02,4586.87,4637.39,4435.0,4514.59,4514.59,4308.261399999999,3162.7035000000005,53.83983077240982,276.17858197223444,171913.60834148,174629.96752564952,MANTIENI STATO ATTUALE,ALTO,False,False,True,False,,True,False,False,False
2021-12-03,4514.54,4662.75,4035.0,4216.93,4216.93,4316.7668,3167.37155,46.79925696604341,301.29082611707486,312836.25058642,186443.36323186598,VENDI,MEDIO,True,False,True,False,,False,True,False,False
2021-12-04,4216.3,4240.0,3575.0,4123.13,4123.13,4321.8348,3171.1074,44.81063377366951,327.2700528229981,512946.90714235,207244.055056765,VENDI,MEDIO,True,False,True,False,,False,True,False,False
2021-12-05,4123.13,4257.0,4038.13,4203.22,4203.22,4329.306,3179.9039499999994,46.88594456078863,319.52719190706966,250275.13989584,213673.12400562904,VENDI,MEDIO,False,False,True,False,,False,True,False,False
2021-12-06,4203.22,4380.8,3913.0,4354.22,4354.22,4339.4468,3187.7997000000005,50.6535626804548,330.11810677085043,349333.84787974,215648.493421097,MANTIENI STATO ATTUALE,MEDIO,False,False,True,False,,False,False,False,False
2021-12-07,4354.09,4433.99,4260.0,4310.19,4310.19,4350.741,3197.17635,49.54984963248657,318.9660991443611,198306.85854675,215665.3626842035,MANTIENI STATO ATTUALE,MEDIO,False,False,True,False,,False,False,False,False
2021-12-08,4310.21,4456.36,4226.88,4440.51,4440.51,4361.9878,3207.89295,52.82622661240075,312.5742349197639,186740.13696568,210428.48713936502,MANTIENI STATO ATTUALE,MEDIO,False,False,True,False,,False,False,False,False
2021-12-09,4440.94,4490.72,4076.15,4106.06,4106.06,4360.8702,3217.9253500000004,44.787409366141524,319.8596467112094,222048.28315781,211969.273229462,VENDI,MEDIO,False,False,True,False,,False,True,False,False
2021-12-10,4105.99,4232.38,3889.42,3900.91,3900.91,4357.810399999999,3224.1737,40.69645915083456,321.50967194612304,273780.7217072,220814.20326587599,VENDI,MEDIO,False,False,True,False,,False,True,False,False
2021-12-11,3899.97,4099.87,3835.0,4091.18,4091.18,4360.2029999999995,3231.0918,45.65455461670504,317.46398109282853,166327.13830459,224941.7943430665,VENDI,MEDIO,False,False,True,False,,False,True,False,False
2021-12-12,4091.17,4186.16,3989.41,4132.92,4132.92,4359.4902,3237.3072,46.70717033365875,308.84155387191225,108368.85746466,221631.587750061,VENDI,MEDIO,False,False,True,False,,False,True,False,False
2021-12-13,4132.91,4146.1,3660.0,3783.81,3783.81,4353.5136,3242.4987,39.76898723110635,321.50287145248996,305712.33000025,228920.44235112247,VENDI,BASSO,False,False,True,False,,False,True,False,False
2021-12-14,3784.0,3884.08,3686.49,3860.74,3860.74,4346.3098,3249.7333499999995,41.81993467263977,312.65195206302644,197099.24204846,232761.97058902952,VENDI,BASSO,False,False,True,False,,False,True,False,False
2021-12-15,3860.72,4097.0,3643.43,4021.53,4021.53,4344.111,3258.4374,45.96168707967665,322.71752691566746,319094.24570016,242099.7687872645,VENDI,MEDIO,False,False,True,False,,False,True,False,False
2021-12-16,4021.41,4116.39,3952.81,3957.28,3957.28,4344.7778,3266.2855000000004,44.59553182651925,311.3505607074055,174285.93324831,234573.186608524,VENDI,MEDIO,False,False,True,False,,False,True,False,False
2021-12-17,3957.12,3994.81,3699.0,3876.02,3876.02,4336.533,3272.13,42.860337762368076,310.2405206568765,209823.26509135,240399.3717271185,VENDI,BASSO,False,False,True,False,,False,True,False,False
2021-12-18,3876.37,3999.0,3768.14,3961.92,3961.92,4327.3468,3278.7675,45.28399989128935,304.5704834670997,113485.77521903,239836.0248570675,VENDI,MEDIO,False,False,True,False,,False,True,False,False
2021-12-19,3961.93,4039.73,3886.03,3925.79,3925.79,4319.3692,3284.8632500000003,44.43036189114588,293.7940203623068,102078.81232557,236393.2051074055,VENDI,BASSO,False,False,True,False,,False,True,False,False
2021-12-20,3925.78,3984.08,3754.8,3946.16,3946.16,4312.4892,3290.31065,45.059189744068185,289.18587605071343,172027.91571974,229389.3482468195,VENDI,BASSO,False,False,True,False,,False,True,False,False
2021-12-21,3946.59,4063.89,3908.13,4017.11,4017.11,4306.3736,3296.9428000000003,47.29627021392624,279.65545633280533,137991.50149241,224223.83854188997,VENDI,MEDIO,False,False,True,False,,False,True,False,False
2021-12-22,4017.35,4075.0,3933.74,3981.12,3981.12,4294.095799999999,3303.6996500000005,46.26713304034754,269.77006659474785,110316.26044274,221143.971146953,VENDI,MEDIO,False,False,True,False,,False,True,False,False
2021-12-23,3980.82,4157.82,3895.7,4113.08,4113.08,4284.236000000001,3310.7102,50.51855209732489,269.2236332665516,180980.07790929,214551.1625130965,VENDI,MEDIO,False,False,True,False,,False,True,False,False
2021-12-24,4113.64,4138.71,4005.0,4049.65,4049.65,4274.486,3317.9961,48.53086058986303,259.5440880332265,109472.89747679,194377.4620298185,VENDI,MEDIO,False,False,True,False,,False,True,False,False
2021-12-25,4049.81,4143.13,4021.31,4097.43,4097.43,4266.8452,3325.9376999999995,50.122834583021465,249.70665317371035,68854.05530395,185306.407800224,VENDI,MEDIO,False,False,True,False,,False,True,False,False
2021-12-26,4098.67,4106.5,4008.01,4065.91,4065.91,4257.7002,3333.2108999999996,49.045105793245014,238.90546366130246,66848.08372392,171182.119592433,VENDI,MEDIO,False,False,True,False,,False,True,False,False
2021-12-27,4066.14,4128.9,4027.56,4038.64,4038.64,4246.1326,3341.04615,48.081856494874515,229.07935911406656,108344.57109844,166684.00522001748,VENDI,MEDIO,False,False,True,False,,False,True,False,False
2021-12-28,4038.18,4038.68,3760.01,3793.67,3793.67,4225.768,3348.23815,40.40489361157499,232.62154774877607,203399.82203323,167516.989473395,VENDI,BASSO,False,False,True,False,,False,True,False,False
2021-12-29,3793.66,3828.18,3603.0,3630.59,3630.59,4203.748,3354.53365,36.25490016871246,232.09000862386347,167709.4231065,164800.0464708295,VENDI,BASSO,False,False,True,False,,False,True,False,False
2021-12-30,3630.18,3769.99,3585.85,3710.02,3710.02,4185.304,3360.5326,39.513567000314076,228.6650080078732,155011.95096414,158861.6079336765,VENDI,BASSO,False,False,True,False,,False,True,False,False
2021-12-31,3710.01,3815.04,3619.78,3675.8,3675.8,4164.3826,3365.9973,38.5981071789185,226.27893600731082,171634.96154996,159126.99909594498,VENDI,BASSO,False,False,True,False,,False,True,False,False
2022-01-01,3675.81,3777.82,3674.02,3765.72,3765.72,4146.3502,3372.1080000000006,42.37606365470735,217.53044057821722,98353.62552826,158626.237499125,VENDI,BASSO,False,False,True,False,,False,True,False,False
2022-01-02,3765.98,3855.77,3718.2,3828.87,3828.87,4130.0388,3379.4137,44.938341489613556,211.818980536916,78466.35113548,147263.9385558865,VENDI,BASSO,False,False,True,False,,False,True,False,False
2022-01-03,3828.93,3851.66,3681.62,3766.04,3766.04,4112.819,3386.3772499999995,42.894697261861594,208.83476764142202,106574.13357834,142737.68313238048,VENDI,BASSO,False,False,True,False,,False,True,False,False
2022-01-04,3766.01,3894.12,3714.22,3785.0,3785.0,4097.2178,3394.1299,43.726363724392776,206.76799852417759,148752.52638971,134220.59716685797,VENDI,BASSO,False,False,True,False,,False,True,False,False
2022-01-05,3785.0,3848.2,3414.88,3539.0,3539.0,4083.8078000000005,3401.0013,36.332810528518365,222.95028434387916,240345.13859808,137523.5574343465,VENDI,BASSO,False,False,True,False,,False,True,False,False
2022-01-06,3539.0,3550.02,3300.0,3406.03,3406.03,4066.1403999999998,3406.81695,33.07713599240371,224.88383546217352,282771.63777278,141170.976068418,VENDI,MEDIO,False,False,True,False,,False,True,False,False
2022-01-07,3405.66,3415.52,3065.0,3198.82,3198.82,4050.1582,3413.3827,28.753280983286814,233.8578472148754,376752.15627171,154334.295121052,VENDI,MEDIO,False,False,True,False,,False,True,False,False
2022-01-08,3198.96,3247.89,3000.0,3080.48,3080.48,4025.7768,3419.37685,26.613584679852025,234.86014384238428,231676.12058726,160814.16053413652,VENDI,MEDIO,False,False,True,False,,False,True,False,False
2022-01-09,3080.92,3212.46,3057.82,3151.66,3151.66,4000.4762,3425.2932999999994,29.988369019401446,229.13013356792825,131897.75381912,158807.6524391055,VENDI,MEDIO,False,False,True,False,,False,True,False,False
2022-01-10,3151.65,3180.29,2928.69,3083.51,3083.51,3976.8866000000003,3430.7668,28.630816487905463,230.73512402736193,260769.14044553,164946.53438676152,VENDI,MEDIO,False,False,True,False,,False,True,False,False
2022-01-11,3083.51,3265.98,3052.19,3240.83,3240.83,3959.92,3437.9256,35.850226177045016,229.52475802540752,158466.70742447,167354.05673584802,VENDI,MEDIO,False,False,True,False,,False,True,False,False
2022-01-12,3240.83,3420.08,3206.72,3373.64,3373.64,3940.5604000000003,3445.6479500000005,41.25290189512107,228.37013245216414,165432.46044549,166576.675862658,VENDI,MEDIO,False,False,True,False,,False,True,False,False
2022-01-13,3373.25,3413.36,3233.67,3241.88,3241.88,3919.9832,3451.9338000000002,37.84735548170467,224.89298013415242,130378.3015897,167621.94606830348,VENDI,MEDIO,False,False,True,False,,False,True,False,False
2022-01-14,3241.6,3346.81,3188.34,3310.45,3310.45,3895.6748,3458.0671,40.59578622944239,220.14848155314155,110175.14720879,169688.0006635455,VENDI,MEDIO,False,False,True,False,,False,True,False,False
2022-01-15,3309.98,3373.56,3260.0,3328.12,3328.12,3881.3638,3463.8768,41.31595176734837,212.53501858506002,58794.17252061,169285.30510338,VENDI,MEDIO,False,False,True,False,,False,True,False,False
2022-01-16,3327.81,3394.45,3275.0,3349.46,3349.46,3866.3867999999998,3469.2405,42.22687853678665,205.88608868612715,58643.37423357,166800.2452601365,VENDI,MEDIO,False,False,True,False,,False,True,False,False
2022-01-17,3349.88,3360.07,3142.39,3210.98,3210.98,3844.6388,3474.7603499999996,38.09447507889563,206.72851092283238,128212.72032287,163040.89017461851,VENDI,MEDIO,False,False,True,False,,False,True,False,False
2022-01-18,3211.08,3246.2,3083.68,3160.81,3160.81,3818.8666,3479.7844,36.69345589024688,203.57076014263006,151969.48482665,162253.893260626,VENDI,MEDIO,False,False,True,False,,False,True,False,False
2022-01-19,3160.78,3176.81,3047.0,3085.27,3085.27,3787.873,3484.0760000000005,34.62839879732624,198.3021344181565,159240.24960598,162465.308192718,VENDI,MEDIO,False,False,True,False,,False,True,False,False
2022-01-20,3084.49,3273.32,2986.0,3000.94,3000.94,3756.1528000000003,3487.46495,32.433913839461766,204.6605533882882,185761.37491937,163171.6288611885,VENDI,MEDIO,False,False,True,False,,False,True,False,False
2022-01-21,3000.99,3034.7,2467.11,2569.01,2569.01,3717.2412,3489.3232999999996,24.03303431212008,230.58408528912474,603711.8291189,188439.5390407205,VENDI,MEDIO,False,False,True,False,,False,True,False,False
2022-01-22,2568.12,2628.36,2301.6,2411.9,2411.9,3681.1406,3489.7736,21.819226612372617,237.4537934827587,457765.04354891,207404.473661392,VENDI,MEDIO,False,False,True,False,,False,True,False,False
2022-01-23,2411.91,2551.3,2371.58,2541.19,2541.19,3649.5018000000005,3490.8954500000004,27.719827718596207,233.3299510911331,248046.68461556,214478.10121325302,VENDI,MEDIO,False,False,True,False,,False,True,False,False
2022-01-24,2541.19,2541.74,2159.0,2441.74,2441.74,3614.2722000000003,3492.5194,26.088751960109533,244.00209744176644,583901.18061678,236235.53392460648,VENDI,MEDIO,False,False,True,False,,False,True,False,False
2022-01-25,2441.6,2509.87,2351.18,2460.68,2460.68,3576.4014,3494.0858999999996,26.970093463044336,237.908376195926,268705.41724115,237653.54785676004,VENDI,MEDIO,False,False,True,False,,False,True,False,False
2022-01-26,2460.4,2724.0,2400.0,2465.0,2465.0,3539.4976,3495.85815,27.18337471881027,244.057777896217,409131.34465566,243971.53320090403,VENDI,MEDIO,False,False,True,False,,False,True,False,False
2022-01-27,2464.99,2521.96,2315.72,2425.82,2425.82,3499.2038000000002,3497.28315,26.429488050614296,241.35650804648722,272971.5127865,238782.50102664353,VENDI,MEDIO,False,False,True,False,,False,True,False,False
2022-01-28,2425.01,2559.55,2358.63,2546.84,2546.84,3468.0194,3499.86375,32.64333651433091,238.46818604316672,231189.51401633,238758.17069809698,VENDI,ALTO,False,False,True,False,,False,True,False,False
2022-01-29,2546.84,2640.0,2521.72,2603.74,2603.74,3442.0759999999996,3503.17865,35.40576131838348,229.883315611512,138968.35714717,239111.7008644995,VENDI,ALTO,False,False,True,False,,False,True,False,False
2022-01-30,2603.39,2642.0,2542.66,2602.89,2602.89,3412.3102000000003,3506.22255,35.38241659496043,220.5587930678326,103353.36641229,231240.9121628375,VENDI,ALTO,False,False,True,False,,False,True,False,False
2022-01-31,2602.63,2708.98,2478.31,2689.72,2689.72,3383.4462,3510.0808,39.75249680028307,221.281022134416,193802.14585439,233007.68408433348,VENDI,ALTO,False,False,True,False,,False,True,False,False
2022-02-01,2689.87,2815.49,2675.99,2789.66,2789.66,3363.5632,3514.643,44.41234012299916,215.4395205533863,212782.90255881,235375.2061899995,VENDI,ALTO,False,False,True,False,,False,True,False,False
2022-02-02,2789.62,2814.1,2613.42,2682.66,2682.66,3340.0015999999996,3518.55755,40.77598846972589,214.38526908528726,256394.56721487,241676.01947125798,VENDI,ALTO,False,False,True,False,,False,True,False,False
2022-02-03,2683.09,2729.01,2572.66,2697.59,2697.59,3313.5228,3522.5882,41.49578555487263,210.2398927220525,197429.85205996,246038.75471381648,VENDI,ALTO,False,False,True,False,,False,True,False,False
2022-02-04,2697.59,2999.0,2672.84,2998.19,2998.19,3294.3410000000003,3528.48695,53.69771564379184,218.51990038476305,275254.72885163,256861.78253036752,VENDI,ALTO,False,False,True,False,,False,True,False,False
2022-02-05,2997.63,3063.48,2957.98,3014.5,3014.5,3277.1106,3534.62715,54.25520012225932,210.44705035727998,159547.93620619,261907.0106289985,VENDI,ALTO,False,False,True,False,,False,True,False,False
2022-02-06,3014.83,3076.25,2950.26,3058.22,3058.22,3259.0366,3539.9373500000006,55.791742816965076,204.41440390318854,80118.01843273,259502.27553449152,VENDI,ALTO,False,False,True,False,,False,True,False,False
2022-02-07,3058.21,3199.08,2995.22,3141.89,3141.89,3243.3586,3545.52305,58.654012608855155,204.3748036243894,232464.2844524,263527.015515779,VENDI,ALTO,False,False,True,False,,False,True,False,False
2022-02-08,3141.84,3234.67,3027.56,3119.57,3119.57,3226.8268,3550.49185,57.58296130771999,204.57017479407585,215565.05621758,266343.255846359,VENDI,ALTO,False,False,True,False,,False,True,False,False
2022-02-09,3119.91,3274.0,3057.16,3246.22,3246.22,3211.409,3555.7932,61.840961311467204,205.4465908802133,159305.14378693,265020.44428973703,MANTIENI STATO ATTUALE,ALTO,False,False,True,False,,False,False,False,False
2022-02-10,3246.28,3284.75,3057.81,3074.85,3074.85,3193.2836000000007,3560.2023,53.94934797105028,206.98183438876953,221267.33665333,245898.21966645852,VENDI,ALTO,False,False,True,False,,False,True,False,False
2022-02-11,3074.84,3140.86,2879.34,2929.08,2929.08,3169.6036,3563.7064,48.30283619012976,210.87741764671458,268537.66433701,236436.85070586353,VENDI,ALTO,False,False,True,False,,False,True,False,False
2022-02-12,2929.09,2987.62,2857.11,2919.99,2919.99,3147.0103999999997,3566.8034000000002,47.96570010532015,205.13688781480639,113168.17322545,229692.92513635795,VENDI,ALTO,False,False,True,False,,False,True,False,False
2022-02-13,2919.86,2955.65,2836.47,2872.84,2872.84,3122.5186,3569.6655,46.165771807250486,198.99711011374882,82968.08334438,204646.270272738,VENDI,ALTO,False,False,True,False,,False,True,False,False
2022-02-14,2872.83,2966.53,2830.01,2931.01,2931.01,3099.8206,3572.4039500000003,48.722324772194305,194.53445939133817,176105.13710553,200016.256265957,VENDI,ALTO,False,False,True,False,,False,True,False,False
2022-02-15,2931.17,3199.0,2911.87,3186.24,3186.24,3082.7725999999993,3576.01565,58.1199979553157,201.14842657767116,180355.80323661,188577.4791950045,MANTIENI STATO ATTUALE,ALTO,False,False,True,False,,False,False,False,False
2022-02-16,3186.24,3190.0,3043.41,3124.45,3124.45,3069.3882,3578.9692,55.469558559822964,197.25139610783754,148463.93058713,182352.10008503599,MANTIENI STATO ATTUALE,ALTO,False,False,True,False,,False,False,False,False
2022-02-17,3124.44,3162.35,2853.0,2893.56,2893.56,3054.6476000000002,3580.65985,46.86861630634925,205.25843924299198,210090.91381776,181297.17007510748,VENDI,ALTO,False,False,True,False,,False,True,False,False
2022-02-18,2894.52,2945.98,2752.67,2780.08,2780.08,3036.0488,3581.5196499999997,43.31380505215397,204.404979297064,197402.29756962,184218.86709622998,VENDI,ALTO,False,False,False,False,,False,True,False,False
2022-02-19,2780.05,2833.3,2696.39,2764.44,2764.44,3017.8215999999998,3582.8003000000003,42.831633968436506,199.58390934727373,111215.14420451,184611.95598584102,VENDI,ALTO,False,False,False,False,,False,True,False,False
2022-02-20,2764.53,2765.24,2575.75,2622.47,2622.47,2994.9565999999995,3582.2891,38.628029058373535,198.86291582246847,165033.10298905,183173.503842574,VENDI,ALTO,False,False,False,False,,False,True,False,False
2022-02-21,2622.47,2760.71,2559.77,2569.0,2569.0,2969.7592,3580.98735,37.14924249477398,199.01127897800643,235808.75914421,184324.796671844,VENDI,ALTO,False,False,False,False,,False,True,False,False
2022-02-22,2569.6,2667.28,2500.74,2637.98,2637.98,2947.198,3579.71235,40.323235079024776,196.69190190814888,241082.81650581,183559.209136391,VENDI,ALTO,False,False,False,False,,False,True,False,False
2022-02-23,2638.2,2756.9,2576.69,2580.97,2580.97,2923.1174,3576.80175,38.5887573829187,195.51462320042396,189232.9352146,183149.363294123,VENDI,ALTO,False,False,False,False,,False,True,False,False
2022-02-24,2580.54,2750.0,2300.0,2597.42,2597.42,2904.2858,3574.7182000000003,39.39877469666322,213.69215011467938,495732.46045534,194173.2498743085,VENDI,ALTO,False,False,False,False,,False,True,False,False
2022-02-25,2597.39,2837.23,2572.23,2769.52,2769.52,2891.5556,3572.7541,47.23948006812938,217.3569965350594,232940.26531533,197842.8663297655,VENDI,ALTO,False,False,False,False,,False,True,False,False
2022-02-26,2769.24,2880.0,2728.53,2780.71,2780.71,2883.1933999999997,3570.9471999999996,47.71317625597248,212.6507824968409,118737.45939774,199773.838378016,VENDI,ALTO,False,False,False,False,,False,True,False,False
2022-02-27,2780.76,2836.26,2558.48,2618.01,2618.01,2873.9440000000004,3568.2241999999997,41.832268242069716,217.3028694613523,193491.83696032,197825.216003412,VENDI,ALTO,False,False,False,False,,False,True,False,False
2022-02-28,2617.79,2960.25,2570.0,2923.08,2923.08,2869.3723999999997,3567.60355,53.42435383725035,229.65623592839856,273216.3610563,200707.781245348,MANTIENI STATO ATTUALE,ALTO,False,False,False,False,,False,False,False,False
2022-03-01,2922.87,3040.7,2855.29,2977.72,2977.72,2867.2565999999997,3565.8696,55.148416715280014,226.4957905049415,249644.25411598,205224.7367618005,MANTIENI STATO ATTUALE,ALTO,False,False,False,False,,False,False,False,False
2022-03-02,2977.72,3045.0,2914.9,2948.56,2948.56,2861.4112,3564.2798,53.999611600311276,219.6103768974457,231625.47605833,205742.6437320505,MANTIENI STATO ATTUALE,ALTO,False,False,False,False,,False,False,False,False
2022-03-03,2948.58,2972.07,2785.01,2833.66,2833.66,2850.6115999999997,3561.8934500000005,49.61395750808744,217.28534997619957,191801.94423344,201905.85772687203,MANTIENI STATO ATTUALE,ALTO,False,False,True,False,,False,False,False,False
2022-03-04,2833.71,2835.95,2575.0,2623.07,2623.07,2838.2353999999996,3559.2757999999994,42.759422905609355,220.40425354932816,264628.67091773,209478.882611486,VENDI,ALTO,False,False,True,False,,False,True,False,False
2022-03-05,2623.08,2685.93,2589.93,2665.77,2665.77,2825.3418,3557.5496,44.43569607884656,211.51823543866186,74795.81490054,209070.26918929402,VENDI,ALTO,False,False,True,False,,False,True,False,False
2022-03-06,2665.94,2677.0,2536.4,2550.77,2550.77,2809.7948000000006,3555.2315499999995,40.95694765295463,206.45264719304316,81556.05091403,204342.814879719,VENDI,ALTO,False,False,True,False,,False,True,False,False
2022-03-07,2550.46,2649.81,2445.0,2491.58,2491.58,2792.6371999999997,3551.7683999999995,39.25359092467021,206.33531525068295,209566.73792961,205803.361614369,VENDI,ALTO,False,False,True,False,,False,True,False,False
2022-03-08,2491.29,2626.16,2480.33,2576.72,2576.72,2779.952,3548.2191000000003,42.93025497546508,202.0135070184913,192900.83723166,208025.2069465955,VENDI,ALTO,False,False,True,False,,False,True,False,False
2022-03-09,2577.11,2774.26,2567.98,2727.6,2727.6,2771.2878,3545.7234500000004,48.83972972598327,202.31825651717054,178230.29132363,206432.17582188902,MANTIENI STATO ATTUALE,ALTO,False,False,True,False,,False,False,False,False
2022-03-10,2727.86,2734.33,2553.42,2608.22,2608.22,2761.7468,3542.55745,44.87987569582878,200.78909533737266,181463.07885867,205635.2148863415,VENDI,ALTO,False,False,True,False,,False,True,False,False
2022-03-11,2608.46,2679.56,2523.28,2556.42,2556.42,2752.8563999999997,3538.72395,43.24158705970306,197.60987424184603,155353.98026641,207842.15668943652,VENDI,ALTO,False,False,True,False,,False,True,False,False
2022-03-12,2556.39,2617.83,2552.52,2569.3,2569.3,2752.8622000000005,3535.71285,43.79102071571035,188.1598832245713,56451.09317314,202413.05619864102,VENDI,ALTO,False,False,True,False,,False,True,False,False
2022-03-13,2569.09,2603.56,2492.98,2516.41,2516.41,2754.9524,3532.15235,41.99335880854581,182.61846299424477,71303.49491982,194187.7929874215,VENDI,ALTO,False,False,True,False,,False,True,False,False
2022-03-14,2516.42,2609.56,2499.0,2590.23,2590.23,2755.9331999999995,3529.6375,45.364544485107444,177.47142992322728,133881.30167965,188827.71724611352,VENDI,ALTO,False,False,True,False,,False,True,False,False
2022-03-15,2590.12,2670.53,2508.05,2619.15,2619.15,2759.4814,3526.3599,46.67212418712423,176.40061350013963,161601.50858275,187446.145914521,VENDI,ALTO,False,False,True,False,,False,True,False,False
2022-03-16,2619.01,2789.58,2604.32,2774.89,2774.89,2765.7656,3523.9944,53.17174659016703,177.0334268215582,211196.06612638,173219.32619807302,MANTIENI STATO ATTUALE,ALTO,False,False,True,False,,False,False,False,False
2022-03-17,2775.16,2839.59,2747.77,2814.67,2814.67,2772.759,3521.9354500000004,54.690788101001345,170.94675347716122,228315.81827779,172988.10384619603,MANTIENI STATO ATTUALE,ALTO,False,False,True,False,,False,False,False,False
2022-03-18,2814.62,2987.0,2768.25,2939.17,2939.17,2783.026,3520.48625,59.156344164398284,174.3612710859354,226096.28101747,178356.0449271825,MANTIENI STATO ATTUALE,ALTO,False,False,True,False,,False,False,False,False
2022-03-19,2939.18,2988.89,2895.37,2952.16,2952.16,2791.1324,3518.0959000000003,59.603702040457264,168.5868945797972,101087.67252083,173735.836705208,MANTIENI STATO ATTUALE,ALTO,False,False,True,False,,False,False,False,False
2022-03-20,2952.35,2965.94,2819.18,2862.44,2862.44,2796.3064,3513.26115,55.11362059034103,167.0278306812403,103674.36633811,165258.7369692985,MANTIENI STATO ATTUALE,ALTO,False,False,True,False,,False,False,False,False
2022-03-21,2862.44,2965.26,2832.97,2891.08,2891.08,2802.0701999999997,3508.7767000000003,56.246699702439436,164.54655706115173,148907.41126764,160221.8948268815,MANTIENI STATO ATTUALE,ALTO,False,False,True,False,,False,False,False,False
2022-03-22,2890.78,3053.98,2887.79,2970.51,2970.51,2807.6859999999997,3503.92895,59.314200894060136,164.66394584249804,192172.55035781,158249.24854185552,MANTIENI STATO ATTUALE,ALTO,False,False,True,False,,False,False,False,False
2022-03-23,2970.51,3046.99,2920.64,3038.93,3038.93,2812.6713999999997,3499.6859499999996,61.79868072204925,161.92723542517675,212170.39198444,159267.6709294055,MANTIENI STATO ATTUALE,ALTO,False,False,True,False,,False,False,False,False
2022-03-24,3037.82,3130.41,3003.51,3112.52,3112.52,2821.2686000000003,3495.4877,64.3222243169685,159.4252900376641,248655.86785905,158469.0307764715,MANTIENI STATO ATTUALE,ALTO,False,False,True,False,,False,False,False,False
2022-03-25,3112.95,3195.0,3076.18,3104.15,3104.15,2829.3997999999997,3491.364,63.80594475587268,156.52491217783094,220943.39724511,165776.4098937,MANTIENI STATO ATTUALE,ALTO,False,False,True,False,,False,False,False,False
2022-03-26,3103.91,3154.47,3086.2,3146.22,3146.22,2832.3603999999996,3489.9102999999996,65.31297732959325,150.22098987941445,69714.86952634,165184.3508243155,MANTIENI STATO ATTUALE,ALTO,False,False,True,False,,False,False,False,False
2022-03-27,3146.33,3299.99,3127.74,3296.29,3296.29,2837.9962,3488.89005,70.09617369005781,151.7944906023134,122475.83176341,160829.8055160055,MANTIENI STATO ATTUALE,ALTO,False,False,True,False,,False,False,False,False
2022-03-28,3296.24,3437.24,3275.57,3334.47,3334.47,2843.5212,3488.4376500000003,71.18485005502046,152.49988413071955,237110.16743972,163040.27202640852,MANTIENI STATO ATTUALE,ALTO,False,False,True,False,,False,False,False,False
2022-03-29,3334.19,3483.87,3331.23,3401.71,3401.71,2848.7176,3489.3970999999997,73.04596134608761,152.50989240709671,174573.96933975,162857.45592721453,MANTIENI STATO ATTUALE,ALTO,False,False,True,False,,False,False,False,False
2022-03-30,3401.7,3448.62,3333.87,3386.68,3386.68,2854.0598,3489.9966499999996,71.9276485813622,149.81275723516126,135283.45551922,160548.474760242,MANTIENI STATO ATTUALE,ALTO,False,False,True,False,,False,False,False,False
2022-03-31,3386.69,3447.03,3260.99,3283.08,3283.08,2854.7969999999996,3489.3932999999997,64.58755836001941,152.40041743264976,168597.71177893,161210.661335868,MANTIENI STATO ATTUALE,ALTO,False,False,True,False,,False,False,False,False
2022-04-01,3283.08,3482.42,3211.66,3456.48,3456.48,2862.4295999999995,3490.2446999999997,70.08936357089286,160.85467333031764,213450.79609118,169060.64648177,MANTIENI STATO ATTUALE,ALTO,False,False,True,False,,False,False,False,False
2022-04-02,3456.25,3532.85,3433.31,3445.38,3445.38,2872.7556,3490.2901499999994,69.34662963757032,156.4750538067235,117055.44343232,171348.243907395,MANTIENI STATO ATTUALE,ALTO,False,False,True,False,,False,False,False,False
2022-04-03,3445.25,3581.6,3413.66,3522.78,3522.78,2884.8114,3489.8258,71.60611067052301,157.2939785348147,100873.78414588,169697.8680307065,MANTIENI STATO ATTUALE,ALTO,False,False,True,False,,False,False,False,False
2022-04-04,3522.51,3548.51,3405.79,3520.66,3520.66,2897.7678,3489.5858000000003,71.45075865376737,156.25298006804226,155953.23125025,169415.45416408152,MANTIENI STATO ATTUALE,ALTO,False,False,True,False,,False,False,False,False
2022-04-05,3520.5,3555.48,3395.8,3407.0,3407.0,2907.2876,3489.6208,63.49693355467372,156.49776720603924,166478.13322904,167179.55751921452,MANTIENI STATO ATTUALE,ALTO,False,False,True,False,,False,False,False,False
2022-04-06,3406.99,3408.0,3161.64,3168.52,3168.52,2906.9332,3488.28185,50.735249521666496,162.9164981198936,311364.33037265,171331.9831239575,MANTIENI STATO ATTUALE,ALTO,False,False,True,False,,False,False,False,False
2022-04-07,3168.1,3269.56,3143.07,3227.56,3227.56,2908.9954,3487.7767,53.24079025241125,160.31460539704406,157725.46332848,167913.442239508,MANTIENI STATO ATTUALE,ALTO,False,False,True,False,,False,False,False,False
2022-04-08,3227.26,3313.79,3173.48,3192.54,3192.54,2914.975,3488.857,51.565541740893366,158.88570501154092,137312.60396565,169724.688811749,MANTIENI STATO ATTUALE,ALTO,False,False,True,False,,False,False,False,False
2022-04-09,3192.54,3269.74,3181.8,3258.99,3258.99,2924.5531999999994,3491.3235,54.49164350571903,153.81815465357369,48962.32688662,166989.0868391745,MANTIENI STATO ATTUALE,ALTO,False,False,True,False,,False,False,False,False
2022-04-10,3259.45,3309.28,3189.92,3203.05,3203.05,2933.3254,3491.9466,51.66208258344644,151.35685789260415,58700.63987676,162478.7482696305,MANTIENI STATO ATTUALE,ALTO,False,False,True,False,,False,False,False,False
2022-04-11,3203.05,3214.88,2950.0,2979.55,2979.55,2940.467,3491.07125,42.227472097849834,159.46565375741815,238180.41734881,164779.1416191805,MANTIENI STATO ATTUALE,ALTO,False,False,True,False,,False,False,False,False
2022-04-12,2979.32,3089.87,2950.35,3027.82,3027.82,2949.6434000000004,3491.5573000000004,44.58139435167397,158.04096420331686,201291.80136702,164235.21208830952,MANTIENI STATO ATTUALE,ALTO,False,False,True,False,,False,False,False,False
2022-04-13,3028.27,3129.92,2997.5,3119.0,3119.0,2959.2638,3492.53225,48.823200692258915,156.2108953316514,135126.03200322,158558.720295518,MANTIENI STATO ATTUALE,ALTO,False,False,True,False,,False,False,False,False
2022-04-14,3119.01,3145.19,2976.0,3021.78,3021.78,2968.08,3492.3375999999994,44.878832023310785,157.13797423653344,131077.99214911,154065.450040718,MANTIENI STATO ATTUALE,ALTO,False,False,False,False,,False,False,False,False
2022-04-15,3021.68,3058.99,2993.29,3040.19,3040.19,2976.9354,3492.9122,45.77225203808266,150.60669036249533,75091.03161864,154334.258145333,MANTIENI STATO ATTUALE,ALTO,False,False,True,False,,False,False,False,False
2022-04-16,3040.41,3086.83,3010.67,3060.35,3060.35,2982.752,3494.1857,46.78933728926389,145.2890696223171,46446.22013313,150532.77756381902,MANTIENI STATO ATTUALE,ALTO,False,False,True,False,,False,False,False,False
2022-04-17,3060.35,3082.96,2981.52,2988.4,2988.4,2986.9058,3494.877,43.6432023123887,142.15699322072302,67328.66942615,142043.70266314052,MANTIENI STATO ATTUALE,ALTO,False,False,True,False,,False,False,False,False
2022-04-18,2988.09,3071.26,2880.0,3056.19,3056.19,2995.6694,3495.15565,47.24262736526762,145.66435084781426,165766.83949602,141603.346170954,MANTIENI STATO ATTUALE,ALTO,False,False,True,False,,False,False,False,False
2022-04-19,3055.86,3132.47,3029.58,3102.26,3102.26,2999.2529999999997,3494.1111499999997,49.59858158925463,142.6090400729704,117657.24244335,140722.0355171605,MANTIENI STATO ATTUALE,ALTO,False,False,True,False,,False,False,False,False
2022-04-20,3102.44,3169.29,3032.72,3077.06,3077.06,3001.2398000000003,3492.55735,48.327295792225385,142.17768006775825,117310.39372033,138157.6696142305,MANTIENI STATO ATTUALE,ALTO,False,False,True,False,,False,False,False,False
2022-04-21,3077.16,3179.74,2940.0,2983.94,2983.94,3001.9474,3490.3767,43.85416221954055,149.1464172057755,173634.26729666,136166.84317450452,MANTIENI STATO ATTUALE,ALTO,False,False,True,False,,False,False,False,False
2022-04-22,2983.72,3033.76,2933.13,2963.05,2963.05,3004.5352000000003,3488.25595,42.89496946073661,145.6809588339344,147896.5340014,137708.8977029585,MANTIENI STATO ATTUALE,ALTO,False,False,True,False,,False,False,False,False
2022-04-23,2963.03,2979.57,2917.34,2933.44,2933.44,3010.7426,3485.34665,41.50909778914497,139.72017606008194,50757.61746238,135203.0893687835,VENDI,ALTO,False,False,True,False,,False,True,False,False
2022-04-24,2933.45,2968.31,2911.9,2921.96,2921.96,3015.8664000000003,3482.0772,40.95660229618389,133.7694491986475,47964.59818886,129803.657715714,VENDI,ALTO,False,False,True,False,,False,True,False,False
2022-04-25,2921.7,3026.93,2797.51,3007.22,3007.22,3024.9954,3479.17075,46.63741450300578,140.60163139874408,231201.08128973,133039.8051187485,MANTIENI STATO ATTUALE,ALTO,False,False,True,False,,False,False,False,False
2022-04-26,3007.24,3038.6,2766.77,2809.26,2809.26,3031.349,3475.3972500000004,37.593295131701424,149.97508629883376,191167.43185373,127029.96019280248,VENDI,ALTO,False,False,True,False,,False,True,False,False
2022-04-27,2809.5,2920.0,2794.23,2889.78,2889.78,3037.6102,3471.967,42.47943575690646,148.24615156320277,172782.71761809,127782.822907283,VENDI,ALTO,False,False,True,False,,False,True,False,False
2022-04-28,2889.78,2980.36,2853.83,2935.91,2935.91,3041.7764,3469.5715499999997,45.129975006693556,146.69499788011686,167061.01272126,129270.2433450635,VENDI,ALTO,False,False,True,False,,False,True,False,False
2022-04-29,2935.97,2946.68,2775.51,2816.94,2816.94,3045.9508,3465.9444,40.00947213464498,148.44321231725135,204389.17477782,137041.58573962352,VENDI,ALTO,False,False,True,False,,False,True,False,False
2022-04-30,2816.77,2842.08,2716.4,2726.59,2726.59,3049.3542,3462.1243,36.612068364590314,146.8172685803048,98131.72028071,139013.139759821,VENDI,ALTO,False,False,True,False,,False,True,False,False
2022-05-01,2726.37,2849.0,2716.79,2824.86,2824.86,3054.4653999999996,3458.20755,42.34646545088586,145.7738922531402,98806.09499191,132044.42364197603,VENDI,ALTO,False,False,True,False,,False,True,False,False
2022-05-02,2824.79,2883.0,2776.26,2856.21,2856.21,3061.2613999999994,3453.5303000000004,44.08433024697264,142.9857570922016,205159.66957242,132237.817052246,VENDI,ALTO,False,False,True,False,,False,True,False,False
2022-05-03,2856.3,2861.73,2753.66,2780.34,2780.34,3065.0636000000004,3448.0833500000003,40.873282335401555,140.49177444275864,156812.90555596,133322.160729883,VENDI,ALTO,False,False,True,False,,False,True,False,False
2022-05-04,2780.35,2969.86,2770.02,2939.98,2939.98,3071.4801999999995,3443.63495,49.24968587509063,144.73093341113304,173451.30953603,135440.826599229,VENDI,ALTO,False,False,True,False,,False,True,False,False
2022-05-05,2939.98,2953.73,2687.88,2747.43,2747.43,3070.9309999999996,3438.1362000000004,41.59538608094694,153.3822953103378,194599.9120659,141416.270621592,VENDI,ALTO,False,False,True,False,,False,True,False,False
2022-05-06,2747.46,2757.78,2631.97,2691.72,2691.72,3068.4719999999998,3432.8674,39.67413641732392,151.41284564531372,184926.26187383,148340.272708627,VENDI,ALTO,False,False,True,False,,False,True,False,False
2022-05-07,2691.89,2703.61,2585.79,2634.8,2634.8,3062.3846000000003,3426.65055,37.75532087867341,149.01335667064848,75304.26885485,148739.05268006198,VENDI,ALTO,False,False,True,False,,False,True,False,False
2022-05-08,2634.57,2641.4,2482.0,2519.1,2519.1,3053.7234000000003,3418.43635,34.14078606870501,149.75525976560218,136224.22284735,147261.9218476285,VENDI,ALTO,False,False,True,False,,False,True,False,False
2022-05-09,2518.82,2529.47,2222.22,2228.5,2228.5,3041.0446,3409.30935,27.118393054740736,161.00488406805914,470978.69055761,164927.99425334152,VENDI,ALTO,False,False,True,False,,False,True,False,False
2022-05-10,2227.74,2458.09,2198.24,2340.51,2340.51,3030.0332,3401.15415,32.85154571059827,168.06524949176924,464832.53812722,182304.101473686,VENDI,ALTO,False,False,True,False,,False,True,False,False
2022-05-11,2340.66,2451.12,2000.0,2075.93,2075.93,3012.1416000000004,3390.691,27.37386635052829,188.28344595664285,562341.54813863,201739.4655157845,VENDI,ALTO,False,False,True,False,,False,True,False,False
2022-05-12,2075.55,2188.14,1701.0,1954.39,1954.39,2990.4508,3380.0497499999997,25.28793031099069,209.63034267402548,803672.07576455,234528.242603942,VENDI,ALTO,False,False,True,False,,False,True,False,False
2022-05-13,1954.27,2145.56,1934.61,2005.48,2005.48,2968.31,3368.9725,27.779242974585898,209.7246039115951,336488.21225639,248814.77234364254,VENDI,ALTO,False,False,True,False,,False,True,False,False
2022-05-14,2005.69,2066.4,1941.57,2053.33,2053.33,2947.2936,3358.5818,30.129220869029425,203.66070363219546,118520.23264436,252342.5540664175,VENDI,ALTO,False,False,True,False,,False,True,False,False
2022-05-15,2053.43,2164.17,1997.44,2142.69,2142.69,2927.223,3349.67555,34.420768759047675,201.0227962298958,100927.05806766,245828.852905314,VENDI,ALTO,False,False,True,False,,False,True,False,False
2022-05-16,2142.74,2142.82,1976.22,2020.58,2020.58,2901.7088,3338.33715,31.567447943906984,198.56402507061753,188600.42878138,245700.50275169648,VENDI,ALTO,False,False,True,False,,False,True,False,False
2022-05-17,2020.57,2120.0,2005.0,2088.96,2088.96,2876.7986000000005,3326.6758,34.825587714141406,192.595166137002,153232.48671811,244722.99120669748,VENDI,ALTO,False,False,True,False,,False,True,False,False
2022-05-18,2088.95,2108.8,1905.24,1911.98,1911.98,2847.0039999999995,3314.61235,30.745509846893896,193.3783685557876,180708.34004634,245405.35757295153,VENDI,ALTO,False,False,True,False,,False,True,False,False
2022-05-19,1912.04,2039.52,1900.1,2017.57,2017.57,2819.6218,3303.2494,35.59372061041542,189.52419937323137,206357.25885445,245503.76177678298,VENDI,ALTO,False,False,True,False,,False,True,False,False
2022-05-20,2017.36,2062.45,1919.56,1956.58,1956.58,2793.0918000000006,3291.4178500000003,34.1084156593314,186.1931851322863,197708.34053418,250482.59278945654,VENDI,ALTO,False,False,True,False,,False,True,False,False
2022-05-21,1956.57,1988.3,1935.0,1972.64,1972.64,2763.415,3278.3059999999996,34.87902580299844,176.70081476569442,54572.49166422,248270.91262307198,VENDI,ALTO,False,False,True,False,,False,True,False,False
2022-05-22,1972.64,2054.01,1963.4,2040.92,2040.92,2735.3258,3265.48025,38.18884510463385,170.55147085385912,81822.31011257,242104.04465007954,VENDI,ALTO,False,False,True,False,,False,True,False,False
2022-05-23,2040.91,2087.6,1954.4,1971.06,1971.06,2704.2914,3252.6498000000006,36.1636123052669,167.88350865001203,202518.25742473,244389.312243518,VENDI,ALTO,False,False,True,False,,False,True,False,False
2022-05-24,1970.85,1991.51,1909.51,1978.15,1978.15,2673.4411999999998,3240.1431999999995,36.53148630390081,161.74897231786832,163986.41926361,243916.067729897,VENDI,ALTO,False,False,True,False,,False,True,False,False
2022-05-25,1977.94,2020.0,1932.12,1940.83,1940.83,2644.1177999999995,3227.2315500000004,35.37585881325698,156.47261715230633,164438.55615099,242407.99993415148,VENDI,ALTO,False,False,True,False,,False,True,False,False
2022-05-26,1940.48,1963.68,1734.5,1790.65,1790.65,2616.5604000000003,3213.0997,31.11087060077915,161.6660016414273,289942.90063136,247658.831872028,VENDI,ALTO,False,False,True,False,,False,True,False,False
2022-05-27,1790.08,1820.84,1702.53,1724.83,1724.83,2586.5058,3197.66435,29.435858272578997,158.56914438132534,341796.6398698,260983.45042277552,VENDI,ALTO,False,False,True,False,,False,True,False,False
2022-05-28,1724.8,1807.68,1719.76,1790.23,1790.23,2558.4596,3182.95755,33.279724189077925,153.5227769255164,107501.25754592,259547.30215770402,VENDI,ALTO,False,False,True,False,,False,True,False,False
2022-05-29,1790.22,1825.22,1760.32,1811.1,1811.1,2529.5018,3168.85195,34.50579741673771,147.19257857369382,84009.43387178,240198.83932341248,VENDI,ALTO,False,False,True,False,,False,True,False,False
2022-05-30,1811.27,2013.0,1801.21,1998.3,1998.3,2505.4068,3155.2341,44.37914286414128,151.80668010414428,218864.05954827,227900.41539446497,VENDI,ALTO,False,False,True,False,,False,True,False,False
2022-05-31,1998.29,2015.54,1924.17,1940.59,1940.59,2484.6276000000003,3141.6003499999997,42.26389666834201,147.48977438241968,242245.22269345,211895.59912220598,VENDI,ALTO,False,False,True,False,,False,True,False,False
2022-06-01,1940.49,1972.5,1761.59,1816.05,1816.05,2460.3922000000002,3127.4584000000004,38.049167768277606,152.01979049796114,266690.7084996,185046.53075895848,VENDI,ALTO,False,False,True,False,,False,True,False,False
2022-06-02,1816.06,1852.01,1780.0,1832.45,1832.45,2434.6612,3113.4855,38.91307683195859,146.3048054623925,174506.82421008,176947.461356643,VENDI,ALTO,False,False,True,False,,False,True,False,False
2022-06-03,1832.62,1842.43,1735.79,1773.25,1773.25,2409.6906,3099.5264500000003,36.91205576568299,143.4716050722216,190669.34154148,180554.916801499,VENDI,ALTO,False,False,True,False,,False,True,False,False
2022-06-04,1773.11,1814.4,1746.6,1803.35,1803.35,2384.9538000000002,3087.4957,38.63977243378192,138.0664904242058,64987.78039249,178757.9529177405,VENDI,ALTO,False,False,True,False,,False,True,False,False
2022-06-05,1803.47,1829.16,1771.77,1804.7,1804.7,2359.8408,3075.0722000000005,38.72082951875109,132.30388396533397,59938.51406164,172324.85718175353,VENDI,ALTO,False,False,True,False,,False,True,False,False
2022-06-06,1804.78,1918.47,1802.52,1858.21,1858.21,2337.2369999999996,3064.3736,41.991818894646,131.13574939638156,184600.86286202,173893.275988949,VENDI,ALTO,False,False,True,False,,False,True,False,False
2022-06-07,1858.44,1872.82,1725.0,1811.89,1811.89,2312.3509999999997,3051.9353,40.00133344306421,132.3274815823543,212923.71432914,175504.044703089,VENDI,ALTO,False,False,True,False,,False,True,False,False
2022-06-08,1812.17,1838.0,1763.69,1790.72,1790.72,2286.1202,3038.80545,39.08934424071716,128.18337575504327,170731.58092776,173722.76080675452,VENDI,ALTO,False,False,True,False,,False,True,False,False
2022-06-09,1790.63,1832.31,1775.67,1787.55,1787.55,2260.33,3026.42825,38.946157458116694,123.07313462968304,124180.46274382,170046.3669172365,VENDI,ALTO,False,False,True,False,,False,True,False,False
2022-06-10,1787.44,1802.85,1654.15,1660.78,1660.78,2233.8668,3014.2863500000003,33.639342379952595,124.9036250132771,236039.72064137,179119.728366094,VENDI,ALTO,False,False,True,False,,False,True,False,False
2022-06-11,1660.77,1680.43,1499.79,1531.09,1531.09,2205.2276,3000.2336999999998,29.248501992161522,128.88479465518589,295048.58494874,189781.04210790253,VENDI,ALTO,False,False,True,False,,False,True,False,False
2022-06-12,1531.23,1545.5,1423.0,1433.19,1433.19,2175.2225999999996,2986.0459499999997,26.44264266197588,128.42873789410118,308514.54263385,195080.8563683585,VENDI,ALTO,False,False,True,False,,False,True,False,False
2022-06-13,1432.97,1452.97,1163.31,1207.82,1207.82,2140.9398,2969.4557,21.362154778630185,139.9452566159511,954717.177807,234617.394295528,VENDI,ALTO,False,False,True,False,,False,True,False,False
2022-06-14,1207.9,1266.34,1074.64,1207.58,1207.58,2104.947,2955.2752499999997,21.357448802086523,143.64202400052602,681419.51063789,260466.442019873,VENDI,ALTO,False,False,True,False,,False,True,False,False
2022-06-15,1207.58,1247.0,1012.72,1236.45,1236.45,2073.4908,2940.9659500000002,23.539485949303696,150.1161651433456,827548.41393819,287346.7176852145,VENDI,ALTO,False,False,True,False,,False,True,False,False
2022-06-16,1236.45,1257.04,1050.39,1066.87,1066.87,2037.0325999999998,2924.8084000000003,20.02480868508748,154.1542962045352,411463.97783225,290830.084583337,VENDI,ALTO,False,False,True,False,,False,True,False,False
2022-06-17,1067.07,1117.43,1049.19,1085.76,1085.76,2000.0296000000003,2907.9900999999995,21.432073341481413,148.01756076135413,323648.95266925,301637.4693395035,VENDI,ALTO,False,False,True,False,,False,True,False,False
2022-06-18,1085.65,1096.64,879.8,993.64,993.64,1963.5636000000002,2889.7835499999997,19.619043403549554,152.9334492784003,581590.08416866,326516.50185434753,VENDI,ALTO,False,False,True,False,,False,True,False,False
2022-06-19,993.64,1156.99,933.6,1126.9,1126.9,1931.5698000000002,2872.4833000000003,28.978701035811866,157.96606004422887,435976.06851744,337372.102302806,VENDI,ALTO,False,False,True,False,,False,True,False,False
2022-06-20,1126.97,1168.18,1051.3,1126.84,1126.84,1897.6094,2855.5445499999996,28.97706498302435,155.0313414696411,314649.45956811,340992.314146539,VENDI,ALTO,False,False,True,False,,False,True,False,False
2022-06-21,1127.04,1193.0,1107.87,1124.85,1124.85,1862.9822,2840.0841500000006,28.918749427737197,150.03838850752388,303835.07141015,342849.5322920665,VENDI,ALTO,False,False,True,False,,False,True,False,False
2022-06-22,1124.9,1126.44,1042.36,1048.96,1048.96,1828.3546,2824.7133000000003,26.711063167278425,145.32707504270076,270475.56973113,347647.96956811904,VENDI,ALTO,False,False,True,False,,False,True,False,False
2022-06-23,1048.93,1153.01,1043.68,1144.0,1144.0,1792.435,2809.4172000000003,33.55243900159691,142.75585539679358,250147.3059031,350621.86778619996,VENDI,ALTO,False,False,True,False,,False,True,False,False
2022-06-24,1144.01,1244.78,1131.02,1224.47,1224.47,1761.9758,2793.7684499999996,38.76462235891048,140.6847228684512,252255.18809433,359985.238171292,VENDI,ALTO,False,False,True,False,,False,True,False,False
2022-06-25,1224.26,1255.0,1178.77,1241.33,1241.33,1732.9679999999998,2778.4241500000003,39.829579041007285,136.08081409213324,152145.87815948,364595.60637618403,VENDI,ALTO,False,False,True,False,,False,True,False,False
2022-06-26,1241.14,1280.0,1194.01,1197.13,1197.13,1704.2146,2762.2072500000004,37.96548475886368,132.50289879983802,151784.21006562,362954.77373636403,VENDI,ALTO,False,False,True,False,,False,True,False,False
2022-06-27,1196.99,1237.83,1171.88,1191.27,1191.27,1677.6580000000001,2747.6332999999995,37.713474204386316,127.7491203141353,196439.99342204,362130.587691009,VENDI,ALTO,False,False,True,False,,False,True,False,False
2022-06-28,1191.27,1236.21,1134.9,1142.65,1142.65,1655.941,2733.842,35.60190628647301,125.86061172026848,217739.97338483,364481.0073138625,VENDI,ALTO,False,False,True,False,,False,True,False,False
2022-06-29,1142.47,1155.21,1085.41,1099.15,1099.15,1631.1137999999999,2718.8818499999998,33.77959749958845,121.85628231167787,287668.03810615,372655.386081979,VENDI,ALTO,False,False,True,False,,False,True,False,False
2022-06-30,1099.09,1105.61,997.02,1070.08,1070.08,1610.9968,2703.5676499999995,32.57945453494406,120.9086907179866,338995.29713713,377803.164906767,VENDI,ALTO,False,False,True,False,,False,True,False,False
2022-07-01,1070.08,1115.0,1031.86,1057.57,1057.57,1593.0604,2689.93645,32.05170649190016,118.21092709527328,324097.48129585,379255.6097241225,VENDI,ALTO,False,False,True,False,,False,True,False,False
2022-07-02,1058.3,1077.5,1025.95,1065.61,1065.61,1574.2630000000001,2675.9608000000003,32.805066862936386,113.44943230275375,114219.74455559,369540.8698202095,VENDI,ALTO,False,False,True,False,,False,True,False,False
2022-07-03,1065.58,1087.33,1039.55,1072.88,1072.88,1554.6540000000002,2661.21755,33.52279506863216,108.75875856684276,110714.6004927,327340.74095449445,VENDI,ALTO,False,False,True,False,,False,True,False,False
2022-07-04,1072.9,1160.0,1043.47,1149.98,1149.98,1534.7998,2647.1810499999997,40.75068413213759,109.3138472406397,205563.79288557,303547.95506687847,VENDI,ALTO,False,False,True,False,,False,True,False,False
2022-07-05,1149.98,1172.38,1075.7,1131.26,1131.26,1517.0134,2633.45725,39.6241740081845,108.41142958059402,267186.05683546,275529.837211742,VENDI,ALTO,False,False,True,False,,False,True,False,False
2022-07-06,1131.16,1203.2,1110.56,1185.61,1185.61,1498.9463999999998,2619.5757,44.427463906459536,107.28489889626589,284112.14163333,269162.245401796,VENDI,ALTO,False,False,True,False,,False,True,False,False
2022-07-07,1185.61,1254.04,1162.32,1237.13,1237.13,1485.4494,2606.1324,48.6017751070579,106.17312040367547,347073.16202279,270333.455869473,VENDI,ALTO,False,False,True,False,,False,True,False,False
2022-07-08,1237.55,1275.51,1192.16,1213.19,1213.19,1469.3618000000001,2592.46755,46.841078733040185,104.54289751769865,321436.46883666,257325.77510287295,VENDI,ALTO,False,False,True,False,,False,True,False,False
2022-07-09,1213.38,1233.54,1203.7,1216.78,1216.78,1454.5658,2578.4659,47.15027203723946,99.20697626643447,94148.28233858,240234.38579393,VENDI,ALTO,False,False,True,False,,False,True,False,False
2022-07-10,1216.78,1219.41,1153.15,1167.68,1167.68,1438.4666,2564.3987,43.42967822417028,96.85362081883201,110105.33274633,230007.179452841,VENDI,ALTO,False,False,True,False,,False,True,False,False
2022-07-11,1167.66,1170.47,1079.8,1095.56,1095.56,1419.5594,2549.3111000000004,38.61030857181743,96.41193361748687,229708.48705223,226300.85023494498,VENDI,ALTO,False,False,True,False,,False,True,False,False
2022-07-12,1095.48,1097.35,1031.92,1037.34,1037.34,1400.885,2534.24955,35.21319386791927,94.19893835909494,334310.07377997,229492.575437387,VENDI,ALTO,False,False,True,False,,False,True,False,False
2022-07-13,1037.5,1118.0,1005.25,1114.26,1114.26,1383.6072,2519.3337,42.421290841649,95.52401419058816,448221.83579622,239396.30193204302,VENDI,ALTO,False,False,True,False,,False,True,False,False
2022-07-14,1114.06,1213.26,1071.1,1192.7,1192.7,1368.6445999999999,2504.96765,48.69052657903176,98.85515603411758,340272.00761286,243797.1429079695,VENDI,ALTO,False,False,True,False,,False,True,False,False
2022-07-15,1192.67,1288.88,1180.16,1231.1,1231.1,1357.4536,2490.9299499999997,51.4759306971265,99.55978774596633,439762.06228135,258177.952114063,VENDI,ALTO,False,False,True,False,,False,True,False,False
2022-07-16,1231.07,1423.31,1190.9,1355.7,1355.7,1350.0710000000001,2478.7401,59.21311130733802,109.04908862125444,281556.54770912,264666.568996238,MANTIENI STATO ATTUALE,ALTO,False,False,True,False,,False,False,False,False
2022-07-17,1355.5,1386.55,1318.79,1338.2,1338.2,1341.0304,2467.27815,57.81867605642364,106.09986800545056,287292.9117132,269209.214910796,MANTIENI STATO ATTUALE,ALTO,False,False,True,False,,False,False,False,False
2022-07-18,1338.03,1597.58,1335.35,1581.34,1581.34,1336.4352,2456.6347499999997,68.80904348589789,117.25202029077552,586368.76273009,287640.654378059,MANTIENI STATO ATTUALE,ALTO,False,False,True,False,,False,False,False,False
2022-07-19,1581.09,1631.32,1492.66,1542.63,1542.63,1327.3218,2445.9689,65.86659634762083,118.78116169857726,531595.12469671,299837.008707587,MANTIENI STATO ATTUALE,ALTO,False,False,True,False,,False,False,False,False
2022-07-20,1542.6,1621.44,1485.17,1522.12,1522.12,1318.9524,2434.7509,64.29772994974637,120.03036443439318,399979.02882551,302886.19529200596,MANTIENI STATO ATTUALE,ALTO,False,False,True,False,,False,False,False,False
2022-07-21,1521.88,1606.42,1463.26,1575.68,1575.68,1314.145,2423.48495,66.53912120696685,121.68248126050796,333578.08401554,303360.2254279905,MANTIENI STATO ATTUALE,ALTO,False,False,True,False,,False,False,False,False
2022-07-22,1575.44,1646.13,1516.75,1535.84,1535.84,1308.2128,2412.3339499999997,63.35306859503005,122.23230402761453,301049.38716503,312701.7075584625,MANTIENI STATO ATTUALE,ALTO,False,False,True,False,,False,False,False,False
2022-07-23,1535.68,1596.87,1487.14,1549.15,1549.15,1303.7308,2401.1547,63.973707312026356,121.33928231135634,179754.71211316,316153.71313948545,MANTIENI STATO ATTUALE,ALTO,False,False,True,False,,False,False,False,False
2022-07-24,1549.16,1664.41,1546.7,1597.72,1597.72,1299.6182000000001,2391.4483,66.22179160519529,121.08004786054518,181245.88687987,314937.8178392005,MANTIENI STATO ATTUALE,ALTO,False,False,True,False,,False,False,False,False
2022-07-25,1598.12,1610.0,1433.91,1440.75,1440.75,1292.3392,2381.6219,54.40577131279327,125.00933015622053,309771.90005337,317067.11000009597,MANTIENI STATO ATTUALE,ALTO,False,False,True,False,,False,False,False,False
2022-07-26,1440.63,1454.56,1356.3,1449.63,1449.63,1284.1676,2372.87595,54.89607552478232,123.0986637164905,283778.37687636,317050.42176224745,MANTIENI STATO ATTUALE,ALTO,False,False,True,False,,False,False,False,False
2022-07-27,1449.6,1645.46,1420.66,1636.4,1636.4,1280.6578,2365.6555500000004,63.73046554279686,130.36304487959833,388150.08353335,319104.2678377755,MANTIENI STATO ATTUALE,ALTO,False,False,True,False,,False,False,False,False
2022-07-28,1636.53,1792.55,1592.36,1725.19,1725.19,1279.3472,2358.5232,67.03601435076285,135.3506845310556,446776.87871545,325371.28833171504,MANTIENI STATO ATTUALE,ALTO,False,False,True,False,,False,False,False,False
2022-07-29,1725.19,1766.56,1655.47,1722.25,1722.25,1278.0412000000001,2351.7169,66.81885996134886,133.61777849312307,311510.53584064,336239.401006818,MANTIENI STATO ATTUALE,ALTO,False,False,True,False,,False,False,False,False
2022-07-30,1722.46,1745.05,1674.05,1698.01,1698.01,1278.7857999999999,2344.0028,64.95069928276651,129.14508002932857,180720.73885884,339770.1713124435,MANTIENI STATO ATTUALE,ALTO,False,False,True,False,,False,False,False,False
2022-07-31,1698.02,1754.25,1667.7,1679.31,1679.31,1281.7502,2335.53115,63.47628230697963,126.10257431294795,130340.37729581,334801.76582462253,MANTIENI STATO ATTUALE,ALTO,False,False,True,False,,False,False,False,False
2022-08-01,1679.31,1705.0,1606.9,1630.82,1630.82,1285.7028,2327.47585,59.692292067249106,124.10239043345167,180669.82560511,327119.75341587944,MANTIENI STATO ATTUALE,ALTO,False,False,True,False,,False,False,False,False
2022-08-02,1630.81,1679.28,1560.0,1631.28,1631.28,1294.172,2319.08,59.716825173890605,123.7579339739194,246683.06058859,317042.814655498,MANTIENI STATO ATTUALE,ALTO,False,False,True,False,,False,False,False,False
2022-08-03,1631.1,1685.87,1590.0,1618.82,1618.82,1302.3968,2310.5335,58.675076391946206,121.76593869006801,328786.47691824,316468.538120767,MANTIENI STATO ATTUALE,ALTO,False,False,True,False,,False,False,False,False
2022-08-04,1618.78,1663.35,1580.5,1608.16,1608.16,1309.8310000000001,2301.8269999999998,57.74692462267246,118.98622878363457,323547.74502974,310657.82225818647,MANTIENI STATO ATTUALE,ALTO,False,False,True,False,,False,False,False,False
2022-08-05,1608.16,1742.52,1605.55,1736.79,1736.79,1323.2294,2294.4560500000002,64.95144671714792,120.27078387051783,415383.76775755,317349.183260608,MANTIENI STATO ATTUALE,ALTO,False,False,True,False,,False,False,False,False
2022-08-06,1737.12,1750.0,1685.99,1690.81,1690.81,1335.3304,2287.1060500000003,60.95073566775714,116.25215645119512,206524.40782357,313310.7580661265,MANTIENI STATO ATTUALE,ALTO,False,False,True,False,,False,False,False,False
2022-08-07,1691.18,1730.26,1668.87,1700.42,1700.42,1349.4660000000001,2280.1818,61.484710305327845,112.33343099039547,177400.97769802,292862.368814523,MANTIENI STATO ATTUALE,ALTO,False,False,True,False,,False,False,False,False
2022-08-08,1700.52,1818.25,1693.41,1777.36,1777.36,1362.4751999999999,2274.0638999999996,65.54681093825592,113.22675734822437,345585.00729302,283561.86294433847,MANTIENI STATO ATTUALE,ALTO,False,False,True,False,,False,False,False,False
2022-08-09,1777.36,1791.33,1668.8,1703.35,1703.35,1374.0054,2269.7356000000004,59.090853239832235,113.89127468049406,353991.64333061,281262.49366959353,MANTIENI STATO ATTUALE,ALTO,False,False,True,False,,False,False,False,False
2022-08-10,1703.35,1886.36,1656.0,1854.12,1854.12,1388.5908000000002,2266.9467,66.35987438463121,122.21046934617306,491866.38496074,289176.9087168535,MANTIENI STATO ATTUALE,ALTO,False,False,True,False,,False,False,False,False
2022-08-11,1854.42,1946.21,1850.95,1881.04,1881.04,1405.2323999999999,2263.64595,67.4712668903699,120.28543582144641,451248.19043761,296686.8488804825,MANTIENI STATO ATTUALE,ALTO,False,False,True,False,,False,False,False,False
2022-08-12,1880.96,1966.89,1850.51,1959.91,1959.91,1421.5506,2261.2368,70.54195204003706,120.00647611991454,301803.38654781,302789.282602215,MANTIENI STATO ATTUALE,ALTO,False,False,True,False,,False,False,False,False
2022-08-13,1959.94,2020.73,1947.19,1984.75,1984.75,1436.7562,2258.85715,71.45587442917545,116.68744211134921,282479.09097599,307850.94280702097,MANTIENI STATO ATTUALE,ALTO,False,False,True,False,,False,False,False,False
2022-08-14,1984.72,2031.39,1906.51,1935.85,1935.85,1450.6466,2256.2114,67.04605761779023,117.27262481768142,263413.87030944,305533.04131982446,MANTIENI STATO ATTUALE,ALTO,False,False,True,False,,False,False,False,False
2022-08-15,1936.0,2013.47,1866.51,1899.39,1899.39,1464.6918000000003,2253.5792500000002,63.88054734131613,119.39315161641846,473905.07822533,315039.376387273,MANTIENI STATO ATTUALE,ALTO,False,False,True,False,,False,False,False,False
2022-08-16,1899.05,1915.51,1852.85,1876.57,1876.57,1478.3978,2250.2279,61.91031627097955,115.34078364381715,362478.81254801,313755.81283800595,MANTIENI STATO ATTUALE,ALTO,False,False,True,False,,False,False,False,False
2022-08-17,1877.06,1957.59,1815.0,1834.61,1834.61,1492.2369999999999,2246.38225,58.34686685876877,117.28715624068734,450374.826949,313935.71024968347,MANTIENI STATO ATTUALE,ALTO,False,False,True,False,,False,False,False,False
2022-08-18,1834.52,1883.35,1821.02,1845.9,1845.9,1507.172,2242.5973,59.03017226812001,113.36164508063824,270253.66533006,311872.8667241545,MANTIENI STATO ATTUALE,ALTO,False,False,True,False,,False,False,False,False
2022-08-19,1846.15,1848.29,1602.28,1608.72,1608.72,1517.9447999999998,2237.1923,43.05194035441581,122.83652757487836,731158.98936189,339394.77924930706,MANTIENI STATO ATTUALE,ALTO,False,False,True,False,,False,False,False,False
2022-08-20,1608.64,1658.14,1523.54,1575.76,1575.76,1528.3086,2231.1228,41.37585744277548,123.6767756052442,450361.01659576,355395.8112143045,MANTIENI STATO ATTUALE,ALTO,False,False,True,False,,False,False,False,False
2022-08-21,1575.76,1646.69,1562.27,1617.84,1617.84,1539.3532,2225.7987,44.35441952829179,120.87272020486962,397164.81880075,366220.5608740865,MANTIENI STATO ATTUALE,ALTO,False,False,True,False,,False,False,False,False
2022-08-22,1617.88,1629.61,1528.93,1624.78,1624.78,1550.3912,2220.43465,44.85207382888136,119.43038304737892,518834.55819815,379828.1357545645,MANTIENI STATO ATTUALE,ALTO,False,False,True,False,,False,False,False,False
2022-08-23,1624.89,1674.12,1563.29,1665.93,1665.93,1560.7102000000002,2213.77335,47.83129141460572,118.81606997256614,445250.58071281,385651.3409442931,MANTIENI STATO ATTUALE,ALTO,False,False,True,False,,False,False,False,False
2022-08-24,1665.95,1694.89,1604.6,1656.74,1656.74,1571.2197999999999,2206.9845499999997,47.217799091599076,116.77849354595429,508562.94204632,394902.100795122,MANTIENI STATO ATTUALE,ALTO,False,False,True,False,,False,False,False,False
2022-08-25,1656.54,1722.18,1653.57,1695.27,1695.27,1581.4129999999998,2200.1698,50.107170311460784,113.33788686410043,300950.83219719,389180.454017104,MANTIENI STATO ATTUALE,ALTO,False,False,True,False,,False,False,False,False
2022-08-26,1695.16,1706.41,1485.94,1508.02,1508.02,1586.8308000000002,2192.00045,38.94846728251584,120.99018065952183,570455.80622658,407377.02393725456,VENDI,ALTO,False,False,True,False,,False,True,False,False
2022-08-27,1508.04,1519.11,1446.62,1491.22,1491.22,1592.3914000000002,2183.8586999999998,38.12805781346991,117.52588204098457,368067.50483068,416910.3502938875,VENDI,ALTO,False,False,True,False,,False,True,False,False
2022-08-28,1490.87,1511.12,1423.85,1426.63,1426.63,1596.5883999999999,2174.76075,35.06953978116597,115.36474760948568,292543.93479078,414258.2966687755,VENDI,ALTO,False,False,True,False,,False,True,False,False
2022-08-29,1426.29,1560.37,1420.74,1551.65,1551.65,1604.2678,2167.14475,44.3712821288674,117.09797992309383,488169.79068986,420967.20403673797,VENDI,ALTO,False,False,True,False,,False,True,False,False
2022-08-30,1551.51,1606.34,1474.14,1524.81,1524.81,1612.8528,2160.1234,42.94877546107357,118.17669564287283,544379.70835677,423592.8702065395,VENDI,ALTO,False,False,True,False,,False,True,False,False
2022-08-31,1524.61,1619.99,1524.12,1554.0,1554.0,1623.1860000000001,2153.29345,45.0134200756239,116.5833602398105,511240.91582582,426592.50647595,VENDI,ALTO,False,False,True,False,,False,True,False,False
2022-09-01,1554.25,1599.51,1512.83,1586.23,1586.23,1632.6254000000001,2146.8604,47.28198033013826,114.4474059369669,327753.13141002,427889.99371906056,VENDI,ALTO,False,False,True,False,,False,True,False,False
2022-09-02,1586.1,1650.0,1546.2,1575.69,1575.69,1640.2851999999998,2140.0838,46.604823186821896,113.68687694146927,321184.07570982,429825.242955752,VENDI,ALTO,False,False,True,False,,False,True,False,False
2022-09-03,1575.81,1582.69,1534.54,1557.7,1557.7,1646.8172,2131.9411,45.40941842412337,109.00567144565004,129300.81242992,423119.590061776,VENDI,ALTO,False,False,True,False,,False,True,False,False
2022-09-04,1557.55,1583.52,1540.59,1579.04,1579.04,1651.2840000000003,2124.21405,47.1414171480402,104.28598062810362,100143.24859449,404431.498580234,VENDI,ALTO,False,False,True,False,,False,True,False,False
2022-09-05,1578.97,1631.44,1557.04,1618.01,1618.01,1656.8801999999998,2117.8363,50.245833591313335,102.15126772609622,183163.38342493,395465.72712408,VENDI,ALTO,False,False,True,False,,False,True,False,False
2022-09-06,1617.87,1686.82,1554.03,1559.28,1559.28,1656.4389999999999,2111.7322999999997,45.873248830332734,104.33974860280364,440790.49644997,394986.5105991285,VENDI,ALTO,False,False,True,False,,False,True,False,False
2022-09-07,1558.92,1657.68,1489.98,1629.92,1629.92,1658.1847999999998,2106.0597,51.35650261116772,108.86548084546052,335894.82441078,398268.5685531645,MANTIENI STATO ATTUALE,ALTO,False,False,True,False,,False,False,False,False
2022-09-08,1629.61,1664.52,1594.31,1635.73,1635.73,1660.4569999999999,2101.126,51.78909788419548,106.10437507078478,321019.10969844,377761.574569992,MANTIENI STATO ATTUALE,ALTO,False,False,True,False,,False,False,False,False
2022-09-09,1635.72,1746.87,1630.51,1719.21,1719.21,1663.3276,2096.87705,57.62086362995978,106.83691970858587,343757.70988125,372431.4092342665,MANTIENI STATO ATTUALE,ALTO,False,False,True,False,,False,False,False,False
2022-09-10,1719.38,1789.86,1706.94,1774.69,1774.69,1668.1046,2092.5606,60.99751187482822,105.12856830082973,175467.88521982,361346.56255522,MANTIENI STATO ATTUALE,ALTO,False,False,True,False,,False,False,False,False
2022-09-11,1774.73,1789.98,1719.01,1766.95,1766.95,1672.4605999999999,2088.4905,60.27596084165025,102.68867056505617,153045.89168193,343057.129229409,MANTIENI STATO ATTUALE,ALTO,False,False,True,False,,False,False,False,False
2022-09-12,1766.97,1783.56,1692.45,1716.71,1716.71,1674.8404,2084.08695,55.672455387906545,101.86162266755215,257983.67681215,333693.784034376,MANTIENI STATO ATTUALE,ALTO,False,False,True,False,,False,False,False,False
2022-09-13,1716.65,1761.04,1561.06,1574.71,1574.71,1677.5195999999999,2078.1128999999996,45.17142906200547,108.87007819129843,456961.84966513,331113.7294153165,VENDI,ALTO,False,False,True,False,,False,True,False,False
2022-09-14,1574.4,1649.44,1552.88,1639.14,1639.14,1681.3097999999998,2072.40505,49.79836711562656,107.99078689191997,311641.00945194,331648.23827805405,VENDI,ALTO,False,False,True,False,,False,True,False,False
2022-09-15,1639.12,1655.55,1457.69,1472.68,1472.68,1678.0354,2066.6784,40.32918186874703,114.41001639963996,415068.57662522,323878.876797986,VENDI,ALTO,False,False,True,False,,False,True,False,False
2022-09-16,1472.85,1483.21,1404.31,1433.73,1433.73,1672.2061999999999,2059.23165,38.48513165834289,111.87358665680854,391498.26827311,325050.4149701075,VENDI,ALTO,False,False,True,False,,False,True,False,False
2022-09-17,1433.64,1476.22,1408.79,1468.97,1468.97,1667.1406,2051.6879,41.10884580695305,108.6990447527508,193158.36959142,320081.1367101395,VENDI,ALTO,False,False,True,False,,False,True,False,False
2022-09-18,1468.9,1470.15,1325.48,1334.72,1334.72,1659.8748,2043.6187000000002,34.98671429077653,111.26839869898289,310480.68847119,311196.68159920594,VENDI,ALTO,False,False,True,False,,False,True,False,False
2022-09-19,1334.71,1392.94,1279.0,1376.17,1376.17,1653.8120000000001,2036.33125,38.05414355843544,111.45922736334126,381868.12870185,303071.10261645995,VENDI,ALTO,False,False,True,False,,False,True,False,False
2022-09-20,1376.23,1385.0,1312.4,1322.8,1322.8,1647.6516000000001,2029.8299,35.71740719023592,108.68356826595974,419548.01749631,298486.4576999845,VENDI,ALTO,False,False,True,False,,False,True,False,False
2022-09-21,1322.74,1412.0,1220.0,1245.65,1245.65,1639.9389999999999,2022.7293000000002,32.60094825263937,114.63474196124832,569985.27204919,310598.064731943,VENDI,ALTO,False,False,True,False,,False,True,False,False
2022-09-22,1245.36,1348.87,1237.0,1326.43,1326.43,1634.0912000000003,2016.6076,38.638110026497095,114.43726039258772,563572.08233165,322717.4650630345,VENDI,ALTO,False,False,True,False,,False,True,False,False
2022-09-23,1326.14,1359.99,1261.9,1326.82,1326.82,1628.4644,2010.7838000000002,38.666674155378864,113.26959893597432,519153.45184389,342210.097033733,VENDI,ALTO,False,False,True,False,,False,True,False,False
2022-09-24,1327.24,1349.31,1306.29,1317.25,1317.25,1620.0736,2004.48645,38.1968003280051,108.25177044054759,206779.39938562,347541.9045732895,VENDI,ALTO,False,False,True,False,,False,True,False,False
2022-09-25,1317.49,1337.26,1269.41,1294.63,1294.63,1612.15,1997.3216,37.05074207442857,105.36592969479418,185703.74947364,347668.922875725,VENDI,ALTO,False,False,True,False,,False,True,False,False
2022-09-26,1294.65,1341.0,1278.24,1336.61,1336.61,1604.8738,1990.9635500000002,40.612073470211584,102.32264900230888,416561.97805353,346457.496955903,VENDI,ALTO,False,False,True,False,,False,True,False,False
2022-09-27,1336.45,1400.51,1303.66,1327.92,1327.92,1595.885,1984.82105,40.10625358974191,101.93174550214395,457125.64604668,352519.038037698,VENDI,ALTO,False,False,True,False,,False,True,False,False
2022-09-28,1327.87,1355.34,1253.65,1336.93,1336.93,1588.5565999999997,1978.6591999999998,40.92776543315156,101.91447796627651,488408.68270425,360888.5166879885,VENDI,ALTO,False,False,True,False,,False,True,False,False
2022-09-29,1336.92,1351.85,1288.12,1336.02,1336.02,1578.1945999999998,1972.75725,40.86679711206204,99.18701525439961,409208.96175042,364161.079281447,VENDI,ALTO,False,False,True,False,,False,True,False,False
2022-09-30,1336.04,1373.46,1315.0,1328.95,1328.95,1567.1528,1966.4508500000002,40.36371367000852,96.27794273622823,423994.58067369,376587.4140541405,VENDI,ALTO,False,False,True,False,,False,True,False,False
2022-10-01,1328.74,1333.99,1302.65,1311.76,1311.76,1554.1898,1959.9139000000002,39.10326942836279,91.63951825506906,98845.97328111,373877.4181340995,VENDI,ALTO,False,False,True,False,,False,True,False,False
2022-10-02,1311.79,1318.0,1269.69,1277.02,1277.02,1540.0351999999998,1952.42455,36.61482414811454,88.54455266542128,150803.12600735,368518.3905938595,VENDI,ALTO,False,False,True,False,,False,True,False,False
2022-10-03,1276.84,1330.24,1262.45,1323.31,1323.31,1527.7844,1944.96775,41.918700597315656,87.06208461789119,341841.34001978,362762.365111592,VENDI,ALTO,False,False,True,False,,False,True,False,False
2022-10-04,1323.44,1370.43,1318.82,1362.06,1362.06,1517.0378,1937.0822,45.99275594625918,84.5297928594704,265741.94725719,360467.41200185445,VENDI,ALTO,False,False,True,False,,False,True,False,False
2022-10-05,1362.1,1364.93,1316.54,1352.48,1352.48,1506.556,1929.0838,45.149571246941065,81.94837908379395,297201.24863549,354574.045602368,VENDI,ALTO,False,False,True,False,,False,True,False,False
2022-10-06,1352.37,1384.41,1345.0,1352.24,1352.24,1496.9086000000002,1921.5328,45.12725081596005,78.90992343495154,437205.23026817,356859.39370212104,VENDI,ALTO,False,False,True,False,,False,True,False,False
2022-10-07,1352.18,1362.14,1317.54,1331.14,1331.14,1486.6134,1913.7331000000004,43.10945429960597,76.4592146181693,268128.07428348,360607.878936724,VENDI,ALTO,False,False,True,False,,False,True,False,False
2022-10-08,1331.12,1337.61,1303.76,1315.71,1315.71,1480.7532,1905.4591,41.64306483954852,73.41569928830005,85052.24063383,349336.456544856,VENDI,ALTO,False,False,True,False,,False,True,False,False
2022-10-09,1315.71,1329.33,1307.21,1323.41,1323.41,1475.7061999999999,1896.8815000000002,42.690703140438636,69.75172076770718,98670.85008504,335176.5926140155,VENDI,ALTO,False,False,True,False,,False,True,False,False
2022-10-10,1323.27,1338.41,1287.66,1290.06,1290.06,1469.1506,1887.7692000000002,39.39218582125241,68.39445499858525,248135.48630736,326605.966054568,VENDI,ALTO,False,False,True,False,,False,True,False,False
2022-10-11,1289.94,1297.95,1267.0,1279.94,1279.94,1462.2538,1878.64815,38.422043876476,65.71985107011488,361513.38640616,316182.3717724165,VENDI,ALTO,False,False,True,False,,False,True,False,False
2022-10-12,1279.87,1306.72,1274.73,1294.33,1294.33,1454.8218,1869.3887,40.65993118104561,63.310575993678114,257271.51091194,300867.343201431,VENDI,ALTO,False,False,True,False,,False,True,False,False
2022-10-13,1294.21,1301.85,1190.0,1286.96,1286.96,1447.4261999999999,1859.34205,39.860922197872995,66.7776777084154,533160.99117969,301567.720168221,VENDI,ALTO,False,False,True,False,,False,True,False,False
2022-10-14,1286.89,1344.4,1283.26,1296.36,1296.36,1439.4479999999999,1849.1515,41.44151466116539,66.37498644352858,483178.87927368,315387.694162624,VENDI,ALTO,False,False,True,False,,False,True,False,False
2022-10-15,1296.42,1302.14,1263.6,1275.09,1275.09,1434.7894000000001,1838.5184,38.947132724601076,64.3867731261337,146252.46427666,313415.129902775,VENDI,ALTO,False,False,True,False,,False,True,False,False
2022-10-16,1275.16,1315.62,1274.61,1306.04,1306.04,1431.0857999999998,1828.1152,44.20932591458579,62.717003617124156,160206.63331032,300597.36266561446,VENDI,ALTO,False,False,True,False,,False,True,False,False
2022-10-17,1305.89,1338.69,1295.36,1331.49,1331.49,1429.1830000000002,1818.3572499999998,48.165635924288814,61.33221764447244,274413.38632897,291461.749679729,VENDI,ALTO,False,False,True,False,,False,True,False,False
2022-10-18,1331.57,1342.28,1286.67,1310.78,1310.78,1424.3656,1807.62875,45.34751762552987,60.9234878127244,375586.2181984,285820.6264544365,VENDI,ALTO,False,False,True,False,,False,True,False,False
2022-10-19,1310.79,1313.8,1280.02,1284.76,1284.76,1419.5646,1796.82565,42.020926520003364,58.98466725467266,249903.49640293,277855.353187062,VENDI,ALTO,False,False,True,False,,False,True,False,False
2022-10-20,1284.92,1311.1,1270.34,1282.6,1282.6,1414.1366,1785.62475,41.747145190369444,57.68290530791033,310500.82723664,272180.6655152095,VENDI,ALTO,False,False,True,False,,False,True,False,False
2022-10-21,1282.59,1307.18,1254.0,1299.83,1299.83,1408.4086000000002,1774.5206,44.83473852736866,57.361269214488175,307346.53371619,282605.6935369635,VENDI,ALTO,False,False,True,False,,False,True,False,False
2022-10-22,1299.94,1320.56,1294.17,1313.88,1313.88,1403.1724,1764.055,47.28823895074813,55.149035699167584,98142.700874,279972.672280296,VENDI,ALTO,False,False,True,False,,False,True,False,False
2022-10-23,1313.82,1370.66,1299.47,1364.06,1364.06,1399.2996000000003,1755.0327000000002,54.98815949504633,56.29481886351276,182202.51780535,271990.73116957454,VENDI,ALTO,False,False,True,False,,False,True,False,False
2022-10-24,1363.93,1370.9,1324.04,1343.71,1343.71,1394.5929999999998,1745.61345,51.690485145811095,55.620903230404714,330219.49579837,275214.60859663354,VENDI,ALTO,False,False,True,False,,False,True,False,False
2022-10-25,1343.74,1525.38,1335.12,1460.34,1460.34,1391.4396,1736.95245,64.7412516385744,65.2379815710901,738604.66673918,297284.779501818,MANTIENI STATO ATTUALE,ALTO,False,False,True,False,,False,False,False,False
2022-10-26,1460.34,1595.44,1457.41,1566.37,1566.37,1391.5814,1728.48935,72.11619311786404,70.43741145886938,867339.4350063,318791.4897387245,MANTIENI STATO ATTUALE,ALTO,False,False,True,False,,False,False,False,False
2022-10-27,1566.46,1580.0,1502.8,1514.09,1514.09,1389.2648000000002,1720.04455,64.9071783098927,70.92045349752158,768442.493559,343807.2107025005,MANTIENI STATO ATTUALE,ALTO,False,False,True,False,,False,False,False,False
2022-10-28,1514.2,1577.89,1479.41,1554.83,1554.83,1387.6468000000002,1712.92095,67.62328044618212,72.8889925334129,517416.22097988,365425.409719803,MANTIENI STATO ATTUALE,ALTO,False,False,True,False,,False,False,False,False
2022-10-29,1554.81,1664.29,1547.79,1620.09,1620.09,1385.6644000000001,1705.8823000000002,71.43695043400444,76.00406449531198,371454.96971093,379064.6157010975,MANTIENI STATO ATTUALE,ALTO,False,False,True,False,,False,False,False,False
2022-10-30,1620.18,1640.41,1576.24,1590.89,1590.89,1381.9884,1698.2417500000001,67.60007325311122,75.15877417421827,262404.11149452,379778.0469604555,MANTIENI STATO ATTUALE,ALTO,False,False,True,False,,False,False,False,False
2022-10-31,1590.88,1635.7,1546.31,1572.67,1572.67,1378.1028,1690.9962,65.24527208810449,76.17529030463126,442623.55124963,383833.555202629,MANTIENI STATO ATTUALE,ALTO,False,False,True,False,,False,False,False,False
2022-11-01,1572.58,1612.74,1563.05,1578.24,1578.24,1375.3334,1683.68645,65.6393301374546,74.28348385430046,338781.998348,387909.079574432,MANTIENI STATO ATTUALE,ALTO,False,False,True,False,,False,False,False,False
2022-11-02,1578.35,1622.24,1502.0,1518.04,1518.04,1374.2,1675.9749,57.98685628692852,77.56609215042185,597803.71672197,391141.21585154603,MANTIENI STATO ATTUALE,ALTO,False,False,True,False,,False,False,False,False
2022-11-03,1518.15,1558.95,1515.0,1530.81,1530.81,1372.0334,1668.68695,59.07675677759163,75.16494271110601,417983.19723455,387881.4317495895,MANTIENI STATO ATTUALE,ALTO,False,False,True,False,,False,False,False,False
2022-11-04,1530.81,1677.0,1528.01,1644.61,1644.61,1375.4719999999998,1661.62905,67.23426666748284,80.43816108888416,595048.87785607,410321.25242856,MANTIENI STATO ATTUALE,ALTO,False,False,True,False,,False,False,False,False
2022-11-05,1644.84,1667.03,1621.05,1627.0,1627.0,1379.3374,1654.2527499999999,65.07260590106252,77.97686386824958,191562.15441931,411889.0284840095,MANTIENI STATO ATTUALE,ALTO,False,False,True,False,,False,False,False,False
2022-11-06,1627.17,1638.72,1564.17,1568.34,1568.34,1381.3248,1646.7091499999997,58.34350875856941,77.73208787766033,206626.51589598,408499.68496236,MANTIENI STATO ATTUALE,ALTO,False,False,True,False,,False,False,False,False
2022-11-07,1568.27,1608.66,1545.97,1568.34,1568.34,1385.9972,1639.63115,58.34350875856941,76.65765302925602,420305.13392561,410735.6307487205,MANTIENI STATO ATTUALE,ALTO,False,False,True,False,,False,False,False,False
2022-11-08,1568.45,1580.0,1227.4,1334.25,1334.25,1385.1588000000002,1631.48715,39.45873086375278,96.36782067002343,1191644.98913668,457822.705385408,VENDI,ALTO,False,False,True,False,,False,True,False,False
2022-11-09,1333.97,1337.49,1071.11,1099.9,1099.9,1380.7007999999998,1622.3194499999997,29.25104139864399,108.51154776502177,1483345.10339453,516464.91919330246,VENDI,ALTO,False,False,True,False,,False,True,False,False
2022-11-10,1099.9,1347.62,1083.95,1295.36,1295.36,1381.695,1614.1864500000001,42.59068737510789,119.5942943532345,898160.51223308,546005.6181191469,VENDI,ALTO,False,False,True,False,,False,True,False,False
2022-11-11,1295.55,1307.36,1197.9,1285.29,1285.29,1380.8722,1605.5767999999998,42.14975140423422,118.87041618514631,807406.05368993,581468.7857599435,VENDI,ALTO,False,False,True,False,,False,True,False,False
2022-11-12,1285.57,1289.16,1235.53,1255.14,1255.14,1379.4386000000002,1597.8062,40.78818814645761,114.21038645763588,252702.81256691,584993.8004980215,VENDI,ALTO,False,False,True,False,,False,True,False,False
2022-11-13,1254.98,1272.0,1198.99,1219.43,1219.43,1377.4822,1589.4544500000002,39.17409356653761,111.26750171066189,245429.7415013,580754.3127831679,VENDI,ALTO,False,False,True,False,,False,True,False,False
2022-11-14,1219.4,1289.17,1169.4,1241.56,1241.56,1376.4207999999999,1580.9826999999998,40.73918049865019,111.87482301704318,524054.26384295,570026.7926383564,VENDI,ALTO,False,False,True,False,,False,True,False,False
2022-11-15,1241.58,1289.78,1232.56,1251.74,1251.74,1374.7233999999999,1573.1566999999998,41.48505833028431,107.9709070872544,417549.56093034,547537.2989345585,VENDI,ALTO,False,False,True,False,,False,True,False,False
2022-11-16,1251.95,1266.99,1185.2,1215.21,1215.21,1372.4691999999998,1565.5998000000002,39.56084937457331,106.10084229530767,430253.13724259,530627.831118738,VENDI,ALTO,False,False,True,False,,False,True,False,False
2022-11-17,1215.2,1227.34,1181.02,1199.44,1199.44,1369.7194,1557.4727000000003,38.7257708742513,101.83078213135713,347569.96062493,522135.51810099045,VENDI,ALTO,False,False,True,False,,False,True,False,False
2022-11-18,1199.39,1232.37,1198.01,1210.93,1210.93,1367.2176000000002,1549.2463,39.72411057395744,97.0114405505459,276244.25355508,517374.982293198,VENDI,ALTO,False,False,True,False,,False,True,False,False
2022-11-19,1210.73,1231.62,1196.27,1216.12,1216.12,1364.961,1541.4252,40.19807707389474,92.60705193979261,154207.57456321,511965.1554466325,VENDI,ALTO,False,False,True,False,,False,True,False,False
2022-11-20,1216.31,1225.26,1130.2,1140.07,1140.07,1361.5272,1532.4256500000001,35.76069782544377,92.78226251552171,309725.68130629,505320.2619494655,VENDI,ALTO,False,False,True,False,,False,True,False,False
2022-11-21,1140.04,1145.0,1080.0,1105.91,1105.91,1358.105,1524.21805,33.947946998354396,90.79781519298444,645537.15248314,520658.0196562225,VENDI,ALTO,False,False,True,False,,False,True,False,False
2022-11-22,1105.68,1141.26,1073.42,1138.17,1138.17,1354.4022,1516.4503000000002,37.18625390516253,89.1579712506284,571006.86329332,519318.1769847901,VENDI,ALTO,False,False,True,False,,False,True,False,False
2022-11-23,1138.25,1189.51,1126.22,1183.53,1183.53,1350.8316,1509.1939499999999,41.52714928527774,87.31025901844066,488293.70716425,522833.7024812751,VENDI,ALTO,False,False,True,False,,False,True,False,False
2022-11-24,1183.55,1216.1,1179.1,1202.81,1202.81,1347.8382000000001,1502.6125,43.32011606770666,83.71666908855204,347857.6927724,510474.1432270915,VENDI,ALTO,False,False,True,False,,False,True,False,False
2022-11-25,1202.78,1206.84,1170.17,1198.66,1198.66,1344.7666,1497.4633000000001,43.01437250738701,80.35619272508403,255469.51018685,513669.51101546845,VENDI,ALTO,False,False,True,False,,False,True,False,False
2022-11-26,1198.65,1234.97,1195.54,1204.8,1204.8,1342.2397999999998,1491.78475,43.64806923649117,77.43289324472089,194599.63009605,513068.16672547197,VENDI,ALTO,False,False,True,False,,False,True,False,False
2022-11-27,1204.89,1222.81,1188.31,1193.3,1193.3,1339.7916,1487.3716,42.69051867648892,74.3662580129551,160395.219962,500072.67102729157,VENDI,ALTO,False,False,True,False,,False,True,False,False
2022-11-28,1193.46,1198.87,1150.09,1167.24,1167.24,1336.6682,1483.4358499999998,40.521119993820584,72.53866815488689,336303.06814697,457305.574977806,VENDI,ALTO,False,False,True,False,,False,True,False,False
2022-11-29,1167.22,1227.08,1157.37,1215.91,1215.91,1335.1852000000001,1479.4880000000003,46.03654871770094,72.33662042953785,334230.25859657,399849.832737908,VENDI,ALTO,False,False,True,False,,False,True,False,False
2022-11-30,1216.04,1311.76,1212.0,1294.77,1294.77,1335.4818,1475.6951999999999,53.55212748486998,74.29543325599943,513868.94915466,380635.254583987,VENDI,ALTO,False,False,True,False,,False,True,False,False
2022-12-01,1294.68,1302.0,1262.85,1276.48,1276.48,1335.1248,1471.36415,51.75188701995374,71.78504516628519,341051.44664941,357317.524231961,VENDI,ALTO,False,False,True,False,,False,True,False,False
2022-12-02,1276.48,1297.57,1265.56,1295.63,1295.63,1335.2982000000002,1467.7393999999997,53.513929534446596,68.94397051155053,312335.42943569,360299.1550754,VENDI,ALTO,False,False,True,False,,False,True,False,False
2022-12-03,1295.63,1308.89,1236.42,1240.91,1240.91,1334.1891999999998,1463.49915,48.107496801527496,69.1958297607255,233057.32789248,359680.53439495905,VENDI,ALTO,False,False,True,False,,False,True,False,False
2022-12-04,1240.91,1287.44,1240.27,1279.68,1279.68,1334.281,1460.33765,51.82141550698418,67.62255620638798,195680.27732029,343261.835068826,VENDI,ALTO,False,False,True,False,,False,True,False,False
2022-12-05,1279.67,1305.75,1246.73,1259.23,1259.23,1333.3448,1456.54595,49.79693956710197,67.0080879059317,334071.84681319,339087.9493629685,VENDI,ALTO,False,False,True,False,,False,True,False,False
2022-12-06,1259.32,1274.57,1241.83,1271.19,1271.19,1332.1388,1453.119,51.00252935391612,64.5603673412223,310591.43275838,333104.864138758,VENDI,ALTO,False,False,True,False,,False,True,False,False
2022-12-07,1271.36,1277.49,1215.0,1231.56,1231.56,1330.5544,1449.4135999999999,46.97692124727272,64.41248395970644,294892.06525655,330470.96937033895,VENDI,ALTO,False,False,True,False,,False,True,False,False
2022-12-08,1231.49,1292.58,1221.72,1280.33,1280.33,1330.4658000000002,1445.61065,51.99816166651594,64.8730208197274,305010.10153789,331909.2617694795,VENDI,ALTO,False,False,True,False,,False,True,False,False
2022-12-09,1280.15,1296.55,1255.61,1262.95,1262.95,1330.0728,1442.0701000000001,50.17463549421656,63.16351933260402,268613.51750162,337629.5589164,VENDI,ALTO,False,False,True,False,,False,True,False,False
2022-12-10,1262.75,1283.4,1259.59,1266.45,1266.45,1329.4052000000001,1438.5116,50.55072128717401,60.35255366598946,127080.35178923,328497.292440547,VENDI,ALTO,False,False,True,False,,False,True,False,False
2022-12-11,1266.45,1284.68,1255.7,1262.92,1262.92,1328.386,1435.12205,50.139657564267075,58.111656975561644,136453.26405627,303043.0980192035,VENDI,ALTO,False,False,True,False,,False,True,False,False
2022-12-12,1263.08,1279.22,1240.0,1275.72,1275.72,1326.6192,1432.5474,51.67420647793805,56.762252905878675,244239.65101571,286704.737405323,VENDI,ALTO,False,False,True,False,,False,True,False,False
2022-12-13,1275.74,1351.05,1255.67,1320.47,1320.47,1326.1544000000001,1430.5256,56.692502970709086,59.52066341260162,340963.9356146,279338.2488278405,MANTIENI STATO ATTUALE,ALTO,False,False,True,False,,False,False,False,False
2022-12-14,1320.47,1351.87,1300.85,1307.47,1307.47,1323.0969999999998,1428.1118,54.908673753428396,58.91347316884436,490007.78017941,286445.753198191,MANTIENI STATO ATTUALE,ALTO,False,False,True,False,,False,False,False,False
2022-12-15,1307.42,1311.5,1259.37,1266.48,1266.48,1317.0992,1425.3887,49.60835799039987,58.42893937106978,394788.38073718,293411.6967257075,VENDI,ALTO,False,False,True,False,,False,True,False,False
2022-12-16,1266.48,1279.99,1155.55,1166.98,1166.98,1310.157,1421.2321,39.612448362832,63.14401513027909,529307.05569583,310147.0680056965,VENDI,ALTO,False,False,True,False,,False,True,False,False
2022-12-17,1166.98,1190.0,1161.83,1187.06,1187.06,1302.8016,1417.4644500000002,42.14597994022865,60.64587119240202,227688.40724908,313511.7273700505,VENDI,ALTO,False,False,True,False,,False,True,False,False
2022-12-18,1187.17,1196.6,1172.43,1183.32,1183.32,1294.0662,1414.3008000000002,41.79426712646694,58.04045182151616,174291.58481891,305411.1532036475,VENDI,ALTO,False,False,True,False,,False,True,False,False
2022-12-19,1183.37,1195.34,1150.34,1167.6,1167.6,1285.6004,1410.97655,40.272979210028744,57.10899097712215,324622.25840589,304930.7531941135,VENDI,ALTO,False,False,True,False,,False,True,False,False
2022-12-20,1167.59,1231.28,1163.02,1216.69,1216.69,1278.4808,1408.19375,46.7868460423844,57.90549162161342,341462.57912696,296310.4346927285,VENDI,ALTO,False,False,True,False,,False,True,False,False
2022-12-21,1216.76,1222.99,1203.06,1213.7,1213.7,1271.19,1405.2455,46.45452420593339,55.1929565057839,237732.89806607,291144.50726356154,VENDI,ALTO,False,False,True,False,,False,True,False,False
2022-12-22,1213.7,1238.76,1182.43,1217.5,1217.5,1265.1792,1402.3095,46.970053548878525,55.2741738982279,316565.60833412,291356.016208483,VENDI,ALTO,False,False,True,False,,False,True,False,False
2022-12-23,1217.48,1231.7,1210.6,1219.92,1219.92,1258.9614,1399.11805,47.317917952717146,52.833161476925916,287942.04914518,294100.252271118,VENDI,ALTO,False,False,True,False,,False,True,False,False
2022-12-24,1219.99,1227.47,1213.7,1220.51,1220.51,1250.4794,1396.16115,47.40849657635891,50.0429356571455,135682.63966273,291100.37038824,VENDI,ALTO,False,False,True,False,,False,True,False,False
2022-12-25,1220.49,1224.1,1193.17,1218.37,1218.37,1242.3067999999998,1393.2994,47.092226244883435,48.67772596734938,167839.6524151,282788.7606683355,MANTIENI STATO ATTUALE,ALTO,False,False,True,False,,False,False,False,False
2022-12-26,1218.41,1230.92,1209.0,1227.58,1227.58,1235.4916,1390.4995499999998,48.67904576281783,46.76645982682444,133431.00775547,273930.73941819003,MANTIENI STATO ATTUALE,ALTO,False,False,True,False,,False,False,False,False
2022-12-27,1227.66,1233.75,1199.58,1210.99,1210.99,1228.3446,1388.2506,46.00258010427507,45.86671269633699,214552.81999638,269913.7771551815,MANTIENI STATO ATTUALE,ALTO,False,False,True,False,,False,False,False,False
2022-12-28,1211.06,1215.38,1180.04,1189.24,1189.24,1225.4444,1386.5413499999997,42.68874733176053,45.11480464659864,301571.06009872,269741.82508322306,VENDI,ALTO,False,False,True,False,,False,True,False,False
2022-12-29,1189.33,1206.07,1186.13,1199.74,1199.74,1227.4412000000002,1385.3741,44.75762798191116,43.31660431469873,240611.27081058,268341.712748671,VENDI,ALTO,False,False,True,False,,False,True,False,False
2022-12-30,1199.73,1201.64,1180.44,1199.1,1199.1,1225.516,1385.3305000000003,44.65182203454932,41.73684686364883,228129.48726539,273394.16952247906,VENDI,ALTO,False,False,True,False,,False,True,False,False
2022-12-31,1199.19,1208.0,1191.01,1195.25,1195.25,1223.7152,1385.2688500000002,43.9783075059507,39.96921494481677,144035.63835908,273773.28823761956,VENDI,ALTO,False,False,True,False,,False,True,False,False
2023-01-01,1195.25,1204.17,1190.03,1199.92,1199.92,1222.6108,1385.0862,45.06081480130791,38.12427102018701,110146.33985965,267068.6226798165,MANTIENI STATO ATTUALE,ALTO,False,False,True,False,,False,False,False,False
2023-01-02,1199.97,1224.59,1192.41,1213.69,1213.69,1222.496,1385.8203,48.23693089188505,37.69968023303078,181181.02038691,259079.47691843202,MANTIENI STATO ATTUALE,ALTO,False,False,True,False,,False,False,False,False
2023-01-03,1213.77,1219.79,1204.04,1214.21,1214.21,1221.9489999999998,1386.46255,48.35834478765033,36.131845930671446,185992.27832726,243878.7018258245,MANTIENI STATO ATTUALE,ALTO,False,False,True,False,,False,False,False,False
2023-01-04,1214.21,1272.01,1212.17,1256.34,1256.34,1222.0410000000002,1387.7760499999997,57.131561199333255,37.82528550705205,339875.39832487,241133.052705209,MANTIENI STATO ATTUALE,ALTO,False,False,True,False,,False,False,False,False
2023-01-05,1256.35,1259.77,1239.97,1250.88,1250.88,1222.7544,1388.39595,55.80830663505595,36.53776511369119,236940.93295139,226514.746567987,MANTIENI STATO ATTUALE,ALTO,False,False,True,False,,False,False,False,False
2023-01-06,1250.87,1276.6,1234.2,1268.84,1268.84,1224.1424,1389.1059500000001,59.159195113766316,36.95649617699895,290563.27086874,229658.48974897,ACQUISTA,ALTO,False,True,True,True,breakout_protected,True,False,False,False
2023-01-07,1268.94,1270.83,1260.75,1263.94,1263.94,1225.2025999999998,1389.8014,57.869916967938906,35.036746450070446,105755.0768252,226231.6643492845,MANTIENI STATO ATTUALE,ALTO,False,False,True,False,,True,False,False,False
2023-01-08,1263.84,1295.38,1257.34,1289.92,1289.92,1226.6786,1391.0062,62.532311450053086,35.25126456077971,158918.85227266,217946.494042623,MANTIENI STATO ATTUALE,ALTO,False,False,True,False,,True,False,False,False
2023-01-09,1289.73,1345.87,1285.0,1320.02,1320.02,1230.2776000000001,1391.8863000000001,67.07814041517753,37.081174235009726,422757.66914599,222011.24854357453,MANTIENI STATO ATTUALE,ALTO,False,False,True,False,,True,False,False,False
2023-01-10,1320.0,1348.19,1316.63,1335.56,1335.56,1234.8706,1392.4417500000002,69.158600864816,36.68680464679474,312409.22657272,225745.06496890698,MANTIENI STATO ATTUALE,ALTO,False,False,True,False,,True,False,False,False
2023-01-11,1335.69,1397.98,1319.81,1389.24,1389.24,1239.892,1393.1813,75.02888602892202,39.64989002916655,323378.0899808,226085.689051241,MANTIENI STATO ATTUALE,ALTO,False,False,True,False,,True,False,False,False
2023-01-12,1389.21,1438.55,1361.39,1416.05,1416.05,1244.5424,1394.2758999999999,77.3478962325606,42.32918359851178,498193.37603557,236598.25539576047,MANTIENI STATO ATTUALE,ALTO,False,False,True,False,,True,False,False,False
2023-01-13,1416.05,1466.0,1400.75,1451.78,1451.78,1249.5218,1395.57845,80.01202074421501,43.96638477004666,360619.22951853,247845.0848885505,MANTIENI STATO ATTUALE,ALTO,False,False,True,False,,True,False,False,False
2023-01-14,1451.7,1597.99,1449.38,1550.06,1550.06,1256.5498,1397.6155,85.17638545198572,51.44092871504332,416565.15549879,260281.360042735,MANTIENI STATO ATTUALE,ALTO,False,False,True,False,,True,False,False,False
2023-01-15,1550.06,1567.37,1516.06,1552.89,1552.89,1263.5115999999998,1399.8841999999997,85.29421176643594,51.4315766639688,239830.62852681,265601.34108130203,MANTIENI STATO ATTUALE,ALTO,False,False,True,False,,True,False,False,False
2023-01-16,1552.83,1603.91,1521.01,1576.85,1576.85,1271.1826,1402.41805,86.2879577449215,53.679321187971034,358689.23697211,272808.16193008854,MANTIENI STATO ATTUALE,ALTO,False,False,True,False,,True,False,False,False
2023-01-17,1577.01,1608.65,1540.49,1565.68,1565.68,1279.1514,1404.9586000000002,83.45657439639643,54.713655388830254,305156.24219933,272987.421035119,MANTIENI STATO ATTUALE,ALTO,False,False,True,False,,True,False,False,False
2023-01-18,1565.52,1612.66,1500.32,1510.83,1510.83,1285.0498,1407.1847,71.11627670383197,58.82982286105668,448866.83667712,283400.19932844595,MANTIENI STATO ATTUALE,ALTO,False,False,True,False,,True,False,False,False
2023-01-19,1510.9,1564.61,1508.87,1550.98,1550.98,1290.174,1409.5752,74.13156497866453,58.60912122812406,301311.86624594,287059.3182774735,MANTIENI STATO ATTUALE,ALTO,False,False,True,False,,True,False,False,False
2023-01-20,1550.96,1668.0,1541.94,1658.25,1658.25,1297.8094,1412.11655,80.10682893246879,63.42704114040091,384319.56762063,299073.514740551,MANTIENI STATO ATTUALE,ALTO,False,False,True,False,,True,False,False,False
2023-01-21,1658.36,1680.0,1617.29,1626.8,1626.8,1304.4328,1414.5942499999999,74.6616567839097,63.37582391608656,279483.48492139,307540.371993638,MANTIENI STATO ATTUALE,ALTO,False,False,True,False,,True,False,False,False
2023-01-22,1626.83,1664.42,1603.39,1627.88,1627.88,1312.1722,1416.8056,74.72519246946166,63.20826506493752,260032.85446371,311482.963697478,MANTIENI STATO ATTUALE,ALTO,False,False,True,False,,True,False,False,False
2023-01-23,1628.01,1648.56,1584.43,1626.55,1626.55,1319.1096,1418.7527,74.47752025742889,63.27410327458484,318174.33544585,318092.0665534075,MANTIENI STATO ATTUALE,ALTO,False,False,True,False,,True,False,False,False
2023-01-24,1626.71,1641.72,1528.95,1556.09,1556.09,1325.0467999999998,1420.4672,62.63364996067678,66.80952446925735,328086.36249044,317502.614761686,MANTIENI STATO ATTUALE,MEDIO,False,False,True,False,,True,False,False,False
2023-01-25,1556.1,1640.92,1513.77,1612.54,1612.54,1331.8738,1422.4460000000001,67.14198103255144,71.11955843573898,400283.96163126,325669.7661956795,MANTIENI STATO ATTUALE,MEDIO,False,False,True,False,,True,False,False,False
2023-01-26,1612.64,1633.55,1577.61,1601.1,1601.1,1339.2646000000002,1424.6131,65.41936606555092,70.03530426175763,287943.16630833,325538.760967659,MANTIENI STATO ATTUALE,MEDIO,False,False,True,False,,True,False,False,False
2023-01-27,1601.14,1622.32,1550.0,1598.18,1598.18,1345.6216,1427.1262,64.96123488846689,70.19849681448923,268869.68835868,333694.491544333,MANTIENI STATO ATTUALE,MEDIO,False,False,True,False,,True,False,False,False
2023-01-28,1598.14,1606.99,1556.21,1572.3,1572.3,1351.8086,1429.8010000000002,60.89114710724513,68.81146132774,157162.92260998,333606.695061199,MANTIENI STATO ATTUALE,MEDIO,False,False,True,False,,True,False,False,False
2023-01-29,1572.4,1661.0,1566.61,1644.89,1644.89,1359.3773999999999,1432.45415,67.1148221242152,70.63849980433001,248495.16574301,324893.56989105,MANTIENI STATO ATTUALE,MEDIO,False,False,True,False,,True,False,False,False
2023-01-30,1644.79,1647.73,1534.71,1566.23,1566.23,1365.4435999999998,1434.3218,56.60309993259296,73.66574981830644,338686.64935097,326207.4410299625,MANTIENI STATO ATTUALE,MEDIO,False,False,True,False,,True,False,False,False
2023-01-31,1566.23,1605.01,1561.43,1585.39,1585.39,1371.6369999999997,1436.0932500000001,58.315693307873346,71.51676768842741,260524.32481966,323064.7527719055,MANTIENI STATO ATTUALE,MEDIO,False,False,True,False,,True,False,False,False
2023-02-01,1585.32,1647.75,1556.83,1642.05,1642.05,1378.0686,1437.525,62.9696193447342,72.90271285353975,249363.55705356,310623.26182280504,MANTIENI STATO ATTUALE,MEDIO,False,False,True,False,,True,False,False,False
2023-02-02,1642.06,1714.83,1625.86,1643.19,1643.19,1384.7830000000001,1439.0499499999999,63.05898459741399,74.05037622114406,247393.67193925,304961.98394384107,MANTIENI STATO ATTUALE,MEDIO,False,False,True,False,,True,False,False,False
2023-02-03,1643.14,1676.53,1625.0,1663.69,1663.69,1392.7272,1439.4617,64.70834741446305,72.44177791963378,174700.87440617,292868.76988921,MANTIENI STATO ATTUALE,MEDIO,False,False,True,False,,True,False,False,False
2023-02-04,1663.63,1695.0,1645.33,1666.83,1666.83,1402.7242,1440.0827000000002,64.96636720296927,70.81522235394567,87920.78907165,285273.27791645203,MANTIENI STATO ATTUALE,MEDIO,False,False,True,False,,True,False,False,False
2023-02-05,1666.83,1673.81,1608.91,1629.37,1629.37,1411.5704,1440.6189500000003,59.38805367218149,70.39270647152097,98366.95792608,272257.16396415053,MANTIENI STATO ATTUALE,MEDIO,False,False,True,False,,True,False,False,False
2023-02-06,1629.44,1658.41,1605.0,1614.5,1614.5,1420.194,1440.8130500000002,57.28531397204553,69.17965600926948,127337.9625051,263366.249979439,MANTIENI STATO ATTUALE,MEDIO,False,False,True,False,,True,False,False,False
2023-02-07,1614.57,1678.57,1613.26,1671.28,1671.28,1430.2676000000001,1441.4902499999998,62.71407196768618,68.90325200860737,160326.3142596,248939.223858563,MANTIENI STATO ATTUALE,MEDIO,False,False,True,False,,True,False,False,False
2023-02-08,1671.27,1699.66,1630.33,1650.65,1650.65,1438.9468,1441.99775,59.74309357097513,68.93373400799257,160919.28668196,241919.594880364,MANTIENI STATO ATTUALE,MEDIO,False,False,True,False,,True,False,False,False
2023-02-09,1650.65,1656.02,1524.31,1545.54,1545.54,1445.5836000000002,1441.73685,47.41761724125076,73.41775300742167,208804.37359024,233143.83517884454,MANTIENI STATO ATTUALE,BASSO,False,False,True,False,,True,False,False,False
2023-02-10,1545.64,1554.89,1491.44,1513.04,1513.04,1451.4944,1442.0983,44.36954675737792,72.7057706497487,208821.85745678,229610.75380561402,MANTIENI STATO ATTUALE,BASSO,False,False,True,False,,True,False,True,False
2023-02-11,1513.04,1543.61,1505.05,1538.86,1538.86,1457.8732,1442.54445,47.26958692089341,70.26678703190952,45695.84884336,218893.90352459648,MANTIENI STATO ATTUALE,BASSO,False,False,True,False,,True,False,False,False
2023-02-12,1538.85,1548.2,1493.77,1515.25,1515.25,1463.7679999999998,1441.9387,44.96147736084999,69.1355879582017,63658.2777464,206168.100639624,MANTIENI STATO ATTUALE,BASSO,False,False,True,False,,True,False,True,False
2023-02-13,1515.24,1526.64,1462.0,1506.29,1506.29,1469.5264000000002,1440.8441999999998,44.081785655179,68.81447453261588,184081.98744754,198967.881887479,MANTIENI STATO ATTUALE,BASSO,False,False,True,False,,True,False,True,False
2023-02-14,1506.29,1569.16,1490.23,1556.67,1556.67,1476.1082000000001,1440.0162999999998,50.00492543289531,69.53701206600046,166683.0389409,187287.835752961,MANTIENI STATO ATTUALE,BASSO,False,False,True,False,,True,False,False,False
2023-02-15,1556.52,1682.45,1540.85,1674.88,1674.88,1485.3859999999997,1439.90065,60.561055025877955,74.68436834700044,194454.22724882,182613.3887999855,MANTIENI STATO ATTUALE,MEDIO,True,False,True,False,,True,False,False,False
2023-02-16,1674.8,1742.5,1633.63,1637.83,1637.83,1494.3578,1439.6932499999998,56.5321097845376,77.12619917935756,265109.62279703,182425.385521903,MANTIENI STATO ATTUALE,BASSO,True,False,True,False,,True,False,False,False
2023-02-17,1637.88,1722.07,1630.2,1694.37,1694.37,1504.2504000000001,1440.011,60.81618355827621,78.17932780940343,193779.10526277,184256.19465454252,MANTIENI STATO ATTUALE,MEDIO,True,False,True,False,,True,False,False,False
2023-02-18,1694.32,1713.75,1680.14,1691.82,1691.82,1514.1048,1440.3137,60.52644744945583,74.99580439444604,83934.5636202,176028.164548402,MANTIENI STATO ATTUALE,MEDIO,False,False,True,False,,True,False,False,False
2023-02-19,1691.81,1727.0,1666.67,1680.23,1680.23,1523.8044,1440.6207499999998,59.14718944916338,73.94824693769989,125069.25929165,165347.29504543598,MANTIENI STATO ATTUALE,BASSO,False,False,True,False,,True,False,False,False
2023-02-20,1680.42,1720.02,1650.72,1703.63,1703.63,1533.8785999999998,1441.0981,61.075768645362395,73.61622929929277,128111.15414263,158726.6365115845,MANTIENI STATO ATTUALE,MEDIO,False,False,True,False,,True,False,False,False
2023-02-21,1703.62,1716.82,1636.42,1659.76,1659.76,1542.8,1440.7129499999999,55.761020251414806,74.10078434934327,165366.23058318,154526.7701880655,MANTIENI STATO ATTUALE,BASSO,True,False,True,False,,True,False,False,False
2023-02-22,1659.76,1667.14,1594.84,1642.95,1642.95,1551.3748,1440.47365,53.82812730465947,73.97215689581877,225280.02772351,153421.0879772785,MANTIENI STATO ATTUALE,BASSO,False,False,True,False,,True,False,False,False
2023-02-23,1642.99,1679.03,1629.3,1650.62,1650.62,1559.2604000000001,1440.2246499999999,54.601398614877425,72.24057426040315,193711.79800745,154371.63415734252,MANTIENI STATO ATTUALE,BASSO,True,False,True,False,,True,False,False,False
2023-02-24,1650.62,1664.65,1575.44,1607.57,1607.57,1566.3941999999997,1439.3757,49.582112952240614,73.45267609894579,220198.199975,160985.50470251002,MANTIENI STATO ATTUALE,BASSO,False,False,True,False,,True,False,False,False
2023-02-25,1607.64,1609.05,1557.89,1594.51,1594.51,1572.9076,1438.8315,48.136450460486714,71.86034209187822,101537.791246,161144.046368506,MANTIENI STATO ATTUALE,BASSO,False,False,True,False,,True,False,False,False
2023-02-26,1594.5,1651.6,1587.64,1641.41,1641.41,1580.457,1437.76795,53.39198439570447,71.29603194245834,102165.02620752,159885.39955362698,MANTIENI STATO ATTUALE,BASSO,False,False,True,False,,True,False,False,False
2023-02-27,1641.34,1665.29,1608.23,1633.26,1633.26,1587.3238000000001,1436.52905,52.39831620166134,70.27917251799703,168619.95684808,160300.08168305102,MANTIENI STATO ATTUALE,BASSO,False,False,True,False,,True,False,False,False
2023-02-28,1633.22,1647.6,1597.32,1605.4,1605.4,1593.0313999999998,1434.7565000000002,49.038534965574605,68.85066019528296,121647.07726004,158336.471211955,MANTIENI STATO ATTUALE,BASSO,False,False,True,False,,True,False,False,False
2023-03-01,1605.59,1669.9,1595.0,1665.2,1665.2,1599.6242000000002,1433.15875,55.61687477983551,69.2827558956199,159957.7634787,155894.14070637798,MANTIENI STATO ATTUALE,BASSO,True,False,True,False,,True,False,False,False
2023-03-02,1665.2,1678.14,1619.0,1647.87,1647.87,1604.7967999999998,1431.7188500000002,53.46305084251782,68.55827333164707,142104.54557876,152558.27511247701,MANTIENI STATO ATTUALE,BASSO,False,False,True,False,,True,False,False,False
2023-03-03,1647.82,1649.28,1547.54,1569.54,1569.54,1607.8666,1430.0695999999998,44.9835285859567,70.92839666510085,215881.09939694,161067.537640156,VENDI,BASSO,False,False,True,False,,False,True,False,False
2023-03-04,1569.55,1577.6,1550.0,1566.72,1566.72,1610.1653999999999,1428.52035,44.708603470573436,67.8335111890222,30134.44715405,159391.34611053852,VENDI,BASSO,False,False,True,False,,False,True,False,False
2023-03-05,1566.72,1588.35,1553.5,1564.81,1564.81,1610.4603999999997,1427.1713499999998,44.510181752049654,65.47754610409204,63988.35247481,153386.66436190202,VENDI,BASSO,False,False,True,False,,False,True,False,False
2023-03-06,1564.8,1583.19,1554.8,1565.85,1565.85,1610.7196,1425.7711000000002,44.65421650685417,62.828435668085476,110665.70266199,150585.7975479565,VENDI,BASSO,False,False,True,False,,False,True,False,False
2023-03-07,1565.82,1584.23,1535.7,1561.67,1561.67,1610.4160000000002,1425.53585,44.15809059818263,61.8071188346508,159584.17283139,148842.294827085,VENDI,BASSO,False,False,True,False,,False,True,False,False
2023-03-08,1561.61,1570.77,1522.73,1532.17,1532.17,1609.7458,1425.3178999999998,40.71963275798392,60.82375320360431,167130.97340169,143943.362357318,VENDI,BASSO,False,False,True,False,,False,True,False,False
2023-03-09,1532.11,1546.09,1407.0,1437.41,1437.41,1608.2774,1424.4157500000001,32.078742767823414,66.41419940334686,275519.01763011,148030.35797568498,VENDI,BASSO,False,False,True,False,,False,True,False,False
2023-03-10,1437.39,1438.7,1369.79,1432.15,1432.15,1605.9008,1423.4525999999998,31.676912319911423,66.59247087453637,378169.2201289,162742.09080111998,VENDI,BASSO,False,False,True,False,,False,True,False,False
2023-03-11,1432.15,1499.0,1416.98,1483.68,1483.68,1602.4094,1422.5413500000002,39.65219462832853,67.69443724064092,237241.39320646,168350.69749686052,VENDI,BASSO,False,False,True,False,,False,True,False,False
2023-03-12,1483.62,1612.0,1459.79,1592.31,1592.31,1601.7196,1422.2192000000002,52.294386697801244,73.73126315202371,173448.47788935,170617.5636841965,ACQUISTA,BASSO,True,False,True,False,standard,True,False,False,False
2023-03-13,1592.04,1702.6,1571.0,1681.93,1681.93,1602.8006000000003,1422.1525,59.78022414779386,77.86474435545058,327008.79604186,178699.6919571305,MANTIENI STATO ATTUALE,BASSO,True,False,True,False,,True,False,False,False
2023-03-14,1681.93,1787.74,1650.45,1704.95,1704.95,1604.3686000000002,1423.13715,61.453401702673375,82.1094054729184,396668.70615898,187269.125878904,MANTIENI STATO ATTUALE,MEDIO,True,False,True,False,,True,False,False,False
2023-03-15,1704.9,1722.79,1613.7,1656.8,1656.8,1606.3828000000003,1423.96505,56.18810969988913,84.03659079628136,307749.31182138,192971.00156960048,MANTIENI STATO ATTUALE,BASSO,True,False,True,False,,True,False,False,False
2023-03-16,1656.7,1696.0,1637.72,1677.24,1677.24,1607.6768,1425.2181,57.83950673351346,82.19683431083268,176868.38336715,190804.51073920802,MANTIENI STATO ATTUALE,BASSO,False,False,True,False,,True,False,False,False
2023-03-17,1677.36,1803.73,1666.16,1793.66,1793.66,1611.5279999999998,1426.42815,65.75662980845644,86.15206043148748,329141.08281765,202184.6753177905,MANTIENI STATO ATTUALE,MEDIO,False,False,True,False,,True,False,False,False
2023-03-18,1793.61,1846.0,1752.52,1763.68,1763.68,1614.838,1427.6225,62.50169549590216,86.67548468638124,235521.57569177,208852.502792003,MANTIENI STATO ATTUALE,MEDIO,True,False,True,False,,True,False,False,False
2023-03-19,1763.88,1846.77,1762.62,1786.4,1786.4,1619.12,1428.7845000000002,63.95774460762947,86.4950929230683,191354.71647603,209989.24077340047,MANTIENI STATO ATTUALE,MEDIO,False,False,True,False,,True,False,False,False
2023-03-20,1786.37,1809.1,1728.52,1739.42,1739.42,1621.0106,1429.5504499999997,58.86760031529163,86.07258628570627,249197.06842683,216366.74033174003,MANTIENI STATO ATTUALE,MEDIO,True,False,True,False,,True,False,False,False
2023-03-21,1739.28,1839.99,1724.37,1807.23,1807.23,1625.8306,1430.70815,63.39587161303102,88.18311583672727,215769.94317511,219157.34931656052,MANTIENI STATO ATTUALE,MEDIO,False,False,True,False,,True,False,False,False
2023-03-22,1806.79,1823.8,1715.17,1739.18,1739.18,1628.9064,1431.6155500000002,56.65514359173552,89.64360756267531,196097.23997699,221856.98403647201,MANTIENI STATO ATTUALE,MEDIO,False,False,True,False,,True,False,False,False
2023-03-23,1738.99,1861.67,1733.77,1817.49,1817.49,1632.4152,1432.8078,61.701740757922515,92.37620702248422,182879.51736378,220206.90493481397,MANTIENI STATO ATTUALE,MEDIO,False,False,True,False,,True,False,False,False
2023-03-24,1817.27,1822.55,1728.27,1751.93,1751.93,1634.59,1433.4774,55.84016761730379,92.51219223516392,193658.46405908,228383.10578006547,MANTIENI STATO ATTUALE,MEDIO,False,False,True,False,,True,False,False,False
2023-03-25,1751.79,1764.93,1715.23,1743.8,1743.8,1636.1922,1434.4,55.14060819913766,89.45417850408079,80639.99683541,229215.68799809553,MANTIENI STATO ATTUALE,MEDIO,False,False,True,False,,True,False,False,False
2023-03-26,1743.69,1801.02,1741.01,1775.86,1775.86,1638.3728,1435.1297,57.406696731041556,87.35102289664646,81741.29679602,227769.46770479702,MANTIENI STATO ATTUALE,MEDIO,False,False,True,False,,True,False,False,False
2023-03-27,1775.85,1782.19,1688.0,1716.42,1716.42,1640.1138,1435.53315,52.14708710018061,87.83952126117171,120123.69610665,225796.44386856002,MANTIENI STATO ATTUALE,BASSO,False,False,True,False,,True,False,False,False
2023-03-28,1716.13,1795.54,1701.81,1773.7,1773.7,1643.2978,1435.8056000000004,56.301995479393575,88.2602697425166,126114.46205033,223745.618300992,MANTIENI STATO ATTUALE,MEDIO,False,False,True,False,,True,False,False,False
2023-03-29,1773.82,1827.7,1772.99,1793.41,1793.41,1645.7404000000001,1435.8992,57.66415996187461,85.86382190376541,124064.2834112,216172.8815900465,MANTIENI STATO ATTUALE,MEDIO,False,False,True,False,,True,False,False,False
2023-03-30,1793.4,1829.82,1762.94,1793.68,1793.68,1648.601,1436.03285,57.68361975777955,84.50783462492502,136706.00627233,204099.720897218,MANTIENI STATO ATTUALE,MEDIO,False,False,True,False,,True,False,False,False
2023-03-31,1793.68,1847.12,1779.47,1822.01,1822.01,1654.1304,1436.55935,59.77298973331783,83.3037035802875,150470.34252747,199761.16836326852,MANTIENI STATO ATTUALE,MEDIO,False,False,True,False,,True,False,False,False
2023-04-01,1822.11,1843.0,1809.12,1821.73,1821.73,1660.3042,1437.79445,59.74159333862287,79.7734390388384,75499.214378,194863.705187701,MANTIENI STATO ATTUALE,MEDIO,False,False,True,False,,True,False,False,False
2023-04-02,1821.69,1825.97,1773.25,1795.37,1795.37,1665.4344,1438.5756,56.721010052463264,77.84105053606423,53524.50081719,181189.4904264675,MANTIENI STATO ATTUALE,MEDIO,False,False,True,False,,True,False,False,False
2023-04-03,1795.41,1839.99,1763.58,1810.92,1810.92,1671.3478,1440.2668000000003,58.067894548559,77.73883264063109,156367.81692427,169174.445964732,MANTIENI STATO ATTUALE,MEDIO,False,False,True,False,,True,False,False,False
2023-04-04,1810.91,1892.1,1802.76,1871.36,1871.36,1678.6491999999998,1442.45495,62.90068410557389,78.56748745201459,160288.10821587,161801.3857844565,MANTIENI STATO ATTUALE,MEDIO,False,False,True,False,,True,False,False,False
2023-04-05,1871.19,1943.64,1865.24,1908.9,1908.9,1685.6938,1444.6545999999998,65.55601757678856,78.555524062585,159154.20039336,160915.67663576698,MANTIENI STATO ATTUALE,MEDIO,False,False,True,False,,True,False,False,False
2023-04-06,1908.89,1910.59,1854.06,1873.29,1873.29,1689.662,1447.34745,61.08937463726745,76.98227234382891,106044.61222348,149760.8531060585,MANTIENI STATO ATTUALE,MEDIO,False,False,True,False,,True,False,False,False
2023-04-07,1873.28,1883.35,1842.25,1865.02,1865.02,1694.2058000000002,1449.7916999999998,60.0658124154057,74.41925289069827,59267.01815764,140948.125229352,MANTIENI STATO ATTUALE,MEDIO,False,False,True,False,,True,False,False,False
2023-04-08,1865.02,1880.56,1848.21,1850.06,1850.06,1697.3195999999998,1452.428,58.16719501078416,71.4143062556484,38479.70792157,133304.374801629,MANTIENI STATO ATTUALE,MEDIO,False,False,True,False,,True,False,False,False
2023-04-09,1849.83,1874.78,1823.11,1859.84,1859.84,1700.68,1455.49895,59.07786357612524,70.00399866595923,57884.00934696,123738.7218476355,MANTIENI STATO ATTUALE,MEDIO,False,False,True,False,,True,False,False,False
2023-04-10,1859.85,1920.0,1847.5,1911.23,1911.23,1705.3,1458.42295,63.56607922479157,70.18228447553358,100746.45225435,117987.5473015975,MANTIENI STATO ATTUALE,MEDIO,False,False,True,False,,True,False,False,False
2023-04-11,1911.22,1938.85,1883.24,1891.82,1891.82,1709.0638000000001,1461.24795,60.85140554735458,69.14140701299547,115741.82211523,113969.77640850951,MANTIENI STATO ATTUALE,MEDIO,True,False,True,False,,True,False,False,False
2023-04-12,1891.78,1934.08,1855.79,1918.91,1918.91,1714.2468000000001,1464.25625,63.21274152334254,69.79487794063866,156466.30398029,112649.115739335,MANTIENI STATO ATTUALE,MEDIO,True,False,True,False,,True,False,False,False
2023-04-13,1918.9,2025.0,1901.12,2013.98,2013.98,1721.6673999999998,1467.8529999999998,70.0420006131273,73.65810094487875,199544.51674204,112943.418373483,MANTIENI STATO ATTUALE,ALTO,False,False,True,False,,True,False,False,False
2023-04-14,2014.12,2131.2,2011.2,2101.85,2101.85,1730.692,1471.6791999999998,74.71432087742838,76.96823659167312,261883.28915686,122005.5829895555,MANTIENI STATO ATTUALE,ALTO,False,False,True,False,,True,False,False,False
2023-04-15,2101.81,2112.88,2073.79,2092.45,2092.45,1740.3896000000002,1475.5018499999999,73.39557360073294,74.26264826369648,82555.5452833,122046.29541391952,MANTIENI STATO ATTUALE,ALTO,False,False,True,False,,True,False,False,False
2023-04-16,2092.44,2142.85,2074.32,2120.07,2120.07,1750.9008,1479.4175500000001,74.80288143743653,73.85317338771814,87897.67238295,120434.99422773451,MANTIENI STATO ATTUALE,ALTO,False,False,True,False,,True,False,False,False
2023-04-17,2120.01,2122.02,2058.0,2075.63,2075.63,1759.5852,1483.1156,68.52226891747716,73.150803860024,111821.36109573,119720.33918000448,MANTIENI STATO ATTUALE,MEDIO,False,False,True,False,,True,False,False,False
2023-04-18,2075.63,2125.0,2052.52,2104.61,2104.61,1769.0122000000001,1486.9939,70.27499718867284,73.10288929859371,98463.83447004,118440.3167329465,MANTIENI STATO ATTUALE,ALTO,False,False,True,False,,True,False,False,False
2023-04-19,2104.54,2105.9,1923.33,1934.8,1934.8,1775.6002,1490.1090999999997,52.00290305567995,80.92196863440846,180156.78946917,120612.8558927885,MANTIENI STATO ATTUALE,MEDIO,True,False,True,False,,True,False,False,False
2023-04-20,1934.63,1983.34,1914.16,1943.16,1943.16,1781.1594,1493.4398,52.65555882383363,80.08325658909357,127783.1585988,119478.49669635501,MANTIENI STATO ATTUALE,MEDIO,False,False,True,False,,True,False,True,False
2023-04-21,1942.91,1956.81,1824.67,1848.16,1848.16,1785.1652,1496.06405,45.14338924331796,83.8015954041583,184098.48749579,124908.46035224448,VENDI,MEDIO,False,False,True,False,,False,False,True,True
2023-04-22,1848.21,1887.88,1842.11,1874.48,1874.48,1791.2640000000001,1498.6261500000003,47.38310713105122,81.08505287528988,58568.76361222,125160.67349199599,MANTIENI STATO ATTUALE,MEDIO,False,False,True,False,,False,False,False,False
2023-04-23,1874.48,1882.6,1837.3,1861.9,1861.9,1797.1676,1501.1732499999998,46.40781458807591,78.52897766991202,59392.15616391,120311.890453978,MANTIENI STATO ATTUALE,MEDIO,False,False,True,False,,False,False,False,False
2023-04-24,1861.91,1890.0,1805.38,1842.17,1842.17,1802.7148000000002,1503.6229,44.84865032120332,78.96405069348972,151059.34701623,119850.45239399599,MANTIENI STATO ATTUALE,MEDIO,False,False,True,False,,False,False,False,False
2023-04-25,1842.11,1878.16,1801.46,1866.23,1866.23,1808.7223999999999,1506.29835,47.179203013837224,78.80233278681189,121957.82152629,117990.6334506425,MANTIENI STATO ATTUALE,MEDIO,False,False,True,False,,False,False,False,False
2023-04-26,1866.22,1965.04,1785.51,1866.73,1866.73,1814.8236000000002,1509.05345,47.229109416894914,85.99716615918247,220757.79257172,123726.2924680545,MANTIENI STATO ATTUALE,MEDIO,False,False,True,False,,False,False,False,False
2023-04-27,1866.73,1939.56,1862.08,1908.92,1908.92,1822.3586000000003,1511.9809999999998,51.40161885022117,85.3887971478123,173658.77646459,129445.880383402,MANTIENI STATO ATTUALE,MEDIO,False,False,True,False,,False,False,False,False
2023-04-28,1908.92,1924.79,1875.0,1892.54,1892.54,1831.4612,1514.9934,49.756703480823774,82.84602592296856,102737.14594464,132658.75228455552,MANTIENI STATO ATTUALE,MEDIO,False,False,True,False,,False,False,False,False
2023-04-29,1892.43,1919.15,1884.58,1908.96,1908.96,1840.9974000000002,1518.1384999999998,51.43449729465743,79.39773835704226,43424.36883267,131935.770258841,MANTIENI STATO ATTUALE,MEDIO,False,False,True,False,,False,False,False,False
2023-04-30,1908.96,1939.76,1866.5,1870.76,1870.76,1848.739,1521.02065,47.463537756572684,78.95932847439639,68260.39204639,130311.467248443,MANTIENI STATO ATTUALE,MEDIO,False,False,True,False,,False,False,False,False
2023-05-01,1870.67,1887.12,1805.95,1831.41,1831.41,1853.521,1523.7429000000002,43.719166576788254,79.11723358336806,123062.84388793,130677.518337078,MANTIENI STATO ATTUALE,MEDIO,False,False,True,False,,False,False,False,False
2023-05-02,1831.36,1882.55,1823.21,1871.26,1871.26,1857.3075999999999,1526.6174,48.17781076931945,77.7045740416989,96998.09681491,127704.107978809,MANTIENI STATO ATTUALE,MEDIO,False,False,True,False,,False,False,False,False
2023-05-03,1871.27,1917.16,1843.52,1905.89,1905.89,1861.3264,1529.7713999999999,51.754705104262314,77.41424732443471,104714.67015513,122962.61564946349,MANTIENI STATO ATTUALE,MEDIO,False,False,True,False,,False,False,False,False
2023-05-04,1905.89,1918.34,1867.71,1878.01,1878.01,1865.7506,1532.63125,48.83241378335722,75.5010868012608,69495.9189541,113343.24713932551,MANTIENI STATO ATTUALE,MEDIO,False,False,True,False,,False,False,False,False
2023-05-05,1878.25,2000.0,1876.36,1995.76,1995.76,1872.121,1535.9526,59.28801053430901,78.93958060117075,181402.98639087,118285.61919470399,ACQUISTA,MEDIO,True,False,True,False,standard,True,False,False,False
2023-05-06,1995.77,2020.0,1864.06,1900.12,1900.12,1874.2502,1538.8993,50.29786396774813,84.43961055822999,112739.21557998,119527.6963545555,MANTIENI STATO ATTUALE,MEDIO,False,False,True,False,,True,False,False,False
2023-05-07,1900.12,1936.45,1870.61,1873.27,1873.27,1876.442,1541.84185,48.09305160455802,83.11106694692786,74231.15468325,117648.18603393152,MANTIENI STATO ATTUALE,MEDIO,False,False,True,False,,True,False,False,False
2023-05-08,1873.28,1886.87,1810.0,1849.11,1849.11,1877.6961999999999,1544.6744,46.13341726014151,82.66527645071872,168218.43505268,121135.9160630635,MANTIENI STATO ATTUALE,BASSO,True,False,True,False,,True,False,False,False
2023-05-09,1849.11,1862.57,1832.0,1847.7,1847.7,1879.8618,1547.41375,46.01557408971541,78.94418527566738,93273.22792235,116791.73798572252,MANTIENI STATO ATTUALE,BASSO,False,False,True,False,,True,False,False,False
2023-05-10,1847.5,1888.97,1789.75,1842.47,1842.47,1880.5666,1550.0566999999999,45.55078924500825,80.39245775597686,176402.42399244,119222.70125540448,VENDI,BASSO,False,False,True,False,,False,True,False,False
2023-05-11,1842.33,1843.62,1772.26,1795.24,1795.24,1881.6878,1552.2125999999998,41.47651454148887,79.74728220197852,133802.64396645,116707.90907893752,VENDI,BASSO,False,False,True,False,,False,True,False,False
2023-05-12,1795.22,1817.25,1737.76,1808.35,1808.35,1881.505,1554.5358,43.00054803231864,79.72890490183721,138780.08409832,120718.47510324251,VENDI,BASSO,False,False,True,False,,False,True,False,False
2023-05-13,1808.24,1817.32,1786.44,1795.99,1795.99,1882.3862,1556.21405,41.89289146573965,76.23969740884884,51855.71796261,120341.65319317751,VENDI,BASSO,False,False,True,False,,False,True,False,False
2023-05-14,1796.01,1824.67,1790.49,1800.03,1800.03,1883.5107999999998,1557.38235,42.4150325173957,73.23543330821678,46196.57094705,115098.51438971849,VENDI,BASSO,False,False,True,False,,False,True,False,False
2023-05-15,1800.0,1848.05,1785.52,1816.79,1816.79,1884.3294,1558.8958499999999,44.63757962974366,72.470759500487,117667.19574722,114883.98310076499,VENDI,BASSO,False,False,True,False,,False,True,False,False
2023-05-16,1816.8,1833.25,1796.86,1824.64,1824.64,1886.4938,1560.2449000000001,45.69479539298968,69.89356239330938,82503.84666329,107971.2858053435,VENDI,BASSO,False,False,True,False,,False,True,False,False
2023-05-17,1824.57,1837.15,1783.59,1822.49,1822.49,1887.4696,1561.2569,45.438860511764275,68.72687936521586,94085.03920847,103992.59894253749,VENDI,BASSO,False,False,True,False,,False,True,False,False
2023-05-18,1822.46,1831.84,1770.88,1800.61,1800.61,1887.6136,1562.3055,42.81094671138964,68.17210226770044,80676.45327688,102889.56430914949,VENDI,BASSO,False,False,True,False,,False,True,False,False
2023-05-19,1800.61,1830.0,1797.08,1812.84,1812.84,1887.9968,1563.50635,44.734916880240306,65.6540949628647,64344.11418462,103935.551576747,VENDI,BASSO,False,False,True,False,,False,True,False,False
2023-05-20,1812.84,1829.85,1807.26,1819.96,1819.96,1887.9558,1564.71495,45.87650510141597,62.57808817980294,33384.79974843,102191.771961849,VENDI,BASSO,False,False,True,False,,False,True,False,False
2023-05-21,1819.9,1829.53,1797.19,1805.28,1805.28,1887.6268,1566.1511500000001,43.86461737020014,60.41822473838844,33106.35974055,97693.94775448,VENDI,BASSO,False,False,True,False,,False,True,False,False
2023-05-22,1805.35,1829.51,1791.99,1817.76,1817.76,1888.0746,1567.5859000000003,46.031459654015755,58.78263725707498,65551.70673749,96121.62825060899,VENDI,BASSO,False,False,True,False,,False,True,False,False
2023-05-23,1817.76,1873.7,1815.59,1854.41,1854.41,1888.9444,1568.6349,51.90300759921156,58.734591738712496,86046.40887122,95188.2151864135,MANTIENI STATO ATTUALE,BASSO,False,False,True,False,,False,False,False,False
2023-05-24,1854.42,1854.75,1774.56,1799.75,1799.75,1887.5122000000001,1569.49865,44.182549900026714,60.26712090023304,91642.89182667,96295.563830042,VENDI,BASSO,False,False,True,False,,False,True,False,False
2023-05-25,1799.79,1818.94,1759.45,1805.83,1805.83,1885.4507999999998,1570.6861000000001,45.159717021074336,60.21161226450211,83744.8701424,91412.6580176185,VENDI,BASSO,False,False,True,False,,False,True,False,False
2023-05-26,1805.76,1838.96,1796.75,1828.43,1828.43,1884.5536000000002,1571.98655,48.75118674191018,58.92578281703767,69736.78276535,89262.53637688699,VENDI,BASSO,False,False,True,False,,False,True,False,False
2023-05-27,1828.32,1837.0,1812.92,1830.67,1830.67,1883.8666,1574.4686499999998,49.10694525720459,56.436798330106406,28429.50747639,86972.454016544,VENDI,BASSO,False,False,True,False,,False,True,False,False
2023-05-28,1830.6,1921.0,1823.86,1909.25,1909.25,1885.0504,1578.5154,59.680775826322844,59.344169877955956,81609.20883023,82641.9927054215,MANTIENI STATO ATTUALE,MEDIO,False,False,True,False,,False,False,False,False
2023-05-29,1909.1,1928.51,1874.14,1893.2,1893.2,1885.7176000000002,1581.5046,57.07252926754183,58.988872029530526,91048.58194716,82530.76040666198,ACQUISTA,BASSO,True,False,True,False,standard,True,False,False,False
2023-05-30,1893.18,1917.61,1881.93,1901.11,1901.11,1885.5152000000003,1584.5837,58.04567317952733,57.323952598849765,96724.93469207,78546.8859416435,MANTIENI STATO ATTUALE,BASSO,True,False,True,False,,True,False,False,False
2023-05-31,1901.1,1908.04,1847.61,1874.04,1874.04,1885.1596,1587.6782,53.569985685134625,57.54581312750336,93058.72475908,76509.689981275,MANTIENI STATO ATTUALE,BASSO,True,False,True,False,,True,False,False,False
2023-06-01,1874.08,1889.29,1839.72,1862.43,1862.43,1884.03,1590.8932,51.72776250086256,56.97611218982454,96470.72304438,74394.22192857802,MANTIENI STATO ATTUALE,BASSO,True,False,True,False,,True,False,False,False
2023-06-02,1862.33,1911.31,1847.66,1907.41,1907.41,1881.8986000000002,1594.22245,57.78481484033579,57.45281846197992,87806.05449698,76191.7387552965,MANTIENI STATO ATTUALE,BASSO,True,False,True,False,,True,False,False,False
2023-06-03,1907.44,1909.63,1882.42,1892.62,1892.62,1877.714,1597.42685,55.32653795089039,55.29261714326707,33883.00307554,75576.060361721,MANTIENI STATO ATTUALE,BASSO,False,False,True,False,,True,False,False,False
2023-06-04,1892.62,1914.83,1884.72,1890.23,1890.23,1873.6696,1600.80195,54.91994339106396,53.49385877589085,32506.25336073,71318.0132423965,MANTIENI STATO ATTUALE,BASSO,False,False,True,False,,True,False,False,False
2023-06-05,1890.22,1891.34,1777.25,1811.21,1811.21,1867.4924,1603.8608,43.5296055016648,57.82215457761293,133729.38796529,73879.2903074965,VENDI,BASSO,False,False,True,False,,False,True,False,False
2023-06-06,1811.21,1898.25,1796.52,1884.95,1884.95,1863.6788000000001,1607.2309,53.269564825843084,60.95842925064058,117911.62779482,75070.619736814,MANTIENI STATO ATTUALE,BASSO,False,False,True,False,,False,False,False,False
2023-06-07,1884.93,1898.0,1820.0,1832.49,1832.49,1858.2364000000002,1610.31275,47.05195037686524,62.17568430416625,126979.80361204,77385.787253572,MANTIENI STATO ATTUALE,BASSO,False,False,True,False,,False,False,False,False
2023-06-08,1832.43,1861.59,1828.63,1845.99,1845.99,1856.4602,1613.84235,48.710998742568776,60.08884971101151,53739.2409447,76855.543591576,MANTIENI STATO ATTUALE,BASSO,False,False,True,False,,False,False,False,False
2023-06-09,1846.21,1855.44,1826.92,1840.46,1840.46,1854.4062,1617.5151,48.046873091153316,57.83393187451069,61326.07108796,78252.60715855249,MANTIENI STATO ATTUALE,BASSO,False,False,True,False,,False,False,False,False
2023-06-10,1840.46,1845.19,1716.24,1752.32,1752.32,1852.4894,1620.58585,38.93519831469805,62.91365102633136,180377.32723936,85616.155533493,VENDI,BASSO,False,False,True,False,,False,True,False,False
2023-06-11,1752.32,1778.65,1739.0,1753.1,1753.1,1850.0618,1623.4337,39.04536392981821,61.2519616673077,67320.65838212,85704.6031157245,VENDI,BASSO,False,False,True,False,,False,True,False,False
2023-06-12,1753.1,1759.58,1719.74,1742.66,1742.66,1847.6770000000001,1626.1329500000002,38.05574960544113,59.722535833928575,104213.35741918,86612.9505431225,VENDI,BASSO,False,False,True,False,,False,True,False,False
2023-06-13,1742.69,1766.23,1723.68,1739.54,1739.54,1845.6244,1628.8373499999998,37.747837085072405,58.4959261315051,112831.26060085,87672.3689818315,VENDI,BASSO,False,False,True,False,,False,True,False,False
2023-06-14,1739.51,1749.85,1630.0,1650.84,1650.84,1841.3166,1631.06755,30.253456037075807,62.87835997925473,124654.02551192,89717.82675030749,VENDI,BASSO,False,False,True,False,,False,True,False,False
2023-06-15,1650.84,1678.91,1620.15,1665.28,1665.28,1837.2875999999999,1633.42745,32.599494402173335,62.58419140930797,137062.43019777,93084.1091219285,VENDI,BASSO,False,False,True,False,,False,True,False,False
2023-06-16,1665.17,1727.8,1648.29,1716.8,1716.8,1833.4451999999999,1636.17525,40.313530276693534,63.79317773721454,88651.50050649,96095.2087734335,VENDI,BASSO,False,False,True,False,,False,True,False,False
2023-06-17,1716.71,1769.08,1712.96,1727.09,1727.09,1830.1362,1638.7311499999998,41.74755571965366,63.245093613127786,45580.87620723,94293.79214228349,VENDI,BASSO,False,False,True,False,,False,True,False,False
2023-06-18,1727.15,1747.4,1712.61,1720.43,1720.43,1826.3656,1640.8594500000002,41.059944646746246,61.212586926475815,37169.42339912,91599.8342148815,VENDI,BASSO,False,False,True,False,,False,True,False,False
2023-06-19,1720.4,1750.71,1698.53,1736.58,1736.58,1823.682,1643.15995,43.49055761877623,60.56740214601326,64986.67973263,90012.9214669095,VENDI,BASSO,False,False,True,False,,False,True,False,False
2023-06-20,1736.45,1797.24,1713.79,1792.86,1792.86,1822.911,1645.6461000000002,51.06410056519468,62.20187342129803,131094.31127116,91914.7007925135,ACQUISTA,BASSO,True,False,True,False,standard,True,False,False,False
2023-06-21,1792.71,1901.86,1787.4,1889.57,1889.57,1823.2772,1648.8894,60.789051097007146,65.93459674834816,205714.82101311,97376.90569094999,MANTIENI STATO ATTUALE,MEDIO,True,False,True,False,,True,False,False,False
2023-06-22,1889.46,1933.72,1866.57,1872.13,1872.13,1822.602,1651.85165,58.5301398470195,66.0214112663233,136777.14234797,99825.4600834995,MANTIENI STATO ATTUALE,BASSO,True,False,True,False,,True,False,False,False
2023-06-23,1872.13,1936.68,1861.37,1893.66,1893.66,1822.915,1655.0238,60.482438157033535,66.68488189015736,112622.71955974,103762.44590770951,MANTIENI STATO ATTUALE,MEDIO,True,False,True,False,,True,False,False,False
2023-06-24,1893.74,1906.86,1865.64,1875.87,1875.87,1820.5172,1658.0472,58.05058788874991,64.8659617551461,44081.47507327,104341.2069933365,MANTIENI STATO ATTUALE,BASSO,False,False,True,False,,True,False,False,False
2023-06-25,1875.88,1930.66,1869.88,1899.73,1899.73,1820.5094,1661.3880500000002,60.35307007677954,64.57410734406423,67353.84099709,101022.4296449265,MANTIENI STATO ATTUALE,MEDIO,False,False,True,False,,True,False,False,False
2023-06-26,1899.8,1908.95,1836.25,1859.19,1859.19,1820.2278,1664.2823500000002,54.844931164266775,65.15452824805965,89749.72763224,99614.3346367975,MANTIENI STATO ATTUALE,BASSO,False,False,True,False,,True,False,False,False
2023-06-27,1859.19,1912.6,1855.41,1889.82,1889.82,1821.0420000000001,1667.4166999999998,57.96634003276623,64.58563337319823,92097.01330236,97870.1951213135,MANTIENI STATO ATTUALE,BASSO,False,False,True,False,,True,False,False,False
2023-06-28,1889.77,1890.49,1816.0,1827.37,1827.37,1820.6354000000001,1670.2213000000002,50.327618768632945,65.2930881322555,101759.55539935,100271.210844046,MANTIENI STATO ATTUALE,BASSO,False,False,True,False,,True,False,False,False
2023-06-29,1827.3,1879.6,1826.43,1852.11,1852.11,1820.8282000000002,1673.16725,52.97159166731714,64.42715326566581,72773.6432135,100843.589450323,MANTIENI STATO ATTUALE,BASSO,False,False,True,False,,True,False,False,False
2023-06-30,1851.98,1946.75,1823.2,1933.57,1933.57,1823.5947999999999,1676.4565000000002,60.438548352038815,68.65021374668967,211965.83457331,102423.0148170205,MANTIENI STATO ATTUALE,MEDIO,True,False,True,False,,True,False,False,False
2023-07-01,1933.7,1944.32,1908.65,1924.14,1924.14,1825.9106,1679.4748499999998,59.26544342150826,66.29448419335469,56737.84297268,101893.8740465485,MANTIENI STATO ATTUALE,BASSO,False,False,True,False,,True,False,False,False
2023-07-02,1924.14,1959.7,1885.33,1937.26,1937.26,1828.736,1682.6238,60.41662152418725,66.87130675097222,85221.98862426,100944.3056068025,MANTIENI STATO ATTUALE,MEDIO,False,False,True,False,,True,False,False,False
2023-07-03,1937.28,1976.99,1933.46,1955.76,1955.76,1831.8506,1686.0701999999999,62.04541618570428,65.20407055447421,104013.30517861,100503.40783569051,MANTIENI STATO ATTUALE,MEDIO,True,False,True,False,,True,False,False,False
2023-07-04,1955.76,1967.07,1931.7,1936.42,1936.42,1834.2432,1689.9173999999998,59.29837182892479,63.0730655148689,61516.63477519,97346.538298854,MANTIENI STATO ATTUALE,BASSO,False,False,True,False,,True,False,False,False
2023-07-05,1936.44,1942.66,1894.18,1910.14,1910.14,1835.9531999999997,1693.5328,55.69019133363561,62.03070369237827,70482.06535559,94017.52005674501,MANTIENI STATO ATTUALE,BASSO,False,False,True,False,,True,False,False,False
2023-07-06,1910.15,1957.76,1845.7,1845.8,1845.8,1836.4194,1696.8452,47.99099157263444,65.6042248572084,124378.76917782,95803.8834903115,MANTIENI STATO ATTUALE,BASSO,False,False,True,False,,True,False,False,False
2023-07-07,1846.04,1878.09,1825.38,1870.93,1870.93,1837.8258,1700.36185,50.849198064758454,64.68320879597921,86368.39903159,97843.25963152951,MANTIENI STATO ATTUALE,BASSO,False,False,True,False,,True,False,False,False
2023-07-08,1870.9,1873.23,1842.57,1865.56,1865.56,1838.8802000000003,1703.6062,50.214148517537545,62.25297959626642,49501.03716728,98459.8403199375,MANTIENI STATO ATTUALE,BASSO,False,False,True,False,,True,False,False,False
2023-07-09,1865.56,1879.35,1856.62,1863.01,1863.01,1839.7412,1706.85275,49.895482824800965,59.429909625104536,34389.84936597,96929.9988016045,MANTIENI STATO ATTUALE,BASSO,False,False,True,False,,True,False,False,False
2023-07-10,1862.99,1905.83,1846.99,1880.62,1880.62,1841.2479999999998,1710.16835,52.15367874440475,59.38777322331135,90689.06095885,94909.73628598901,MANTIENI STATO ATTUALE,BASSO,False,False,True,False,,True,False,False,False
2023-07-11,1880.62,1891.7,1862.23,1878.66,1878.66,1842.4660000000001,1713.46205,51.87345090636785,57.25078942164626,58861.84428148,87567.08744940751,MANTIENI STATO ATTUALE,BASSO,False,False,True,False,,True,False,False,False
2023-07-12,1878.58,1905.0,1864.17,1871.65,1871.65,1842.8108000000002,1716.71775,50.82167804813855,56.07787589152867,91650.67609635,85310.7641368265,MANTIENI STATO ATTUALE,BASSO,False,False,True,False,,True,False,False,False
2023-07-13,1871.65,2014.26,1862.44,2005.95,2005.95,1846.9348,1720.65565,65.32661248634062,62.91659904213376,217841.38411854,90571.6973647665,MANTIENI STATO ATTUALE,MEDIO,False,False,True,False,,True,False,False,False
2023-07-14,2005.95,2029.34,1898.88,1938.91,1938.91,1849.5964000000001,1724.2123000000001,56.3861997921738,67.74112768198134,164795.03146848,96607.37518452699,MANTIENI STATO ATTUALE,BASSO,True,False,True,False,,True,False,False,False
2023-07-15,1938.99,1947.04,1926.92,1931.9,1931.9,1851.6657999999998,1727.81685,55.53041019034528,64.33961856183981,40675.73037046,95273.4696531955,MANTIENI STATO ATTUALE,BASSO,False,False,True,False,,True,False,False,False
2023-07-16,1931.89,1944.15,1914.75,1923.38,1923.38,1853.52,1731.48755,54.448756086957786,61.843931521708406,39618.81522884,92766.9240330255,MANTIENI STATO ATTUALE,BASSO,False,False,True,False,,True,False,False,False
2023-07-17,1923.21,1936.93,1873.61,1911.38,1911.38,1853.5625999999997,1735.0457499999998,52.88623283790504,61.949364984443534,132065.00633478,94765.3236846465,MANTIENI STATO ATTUALE,BASSO,True,False,True,False,,True,False,False,False
2023-07-18,1911.26,1917.49,1876.01,1897.72,1897.72,1853.6529999999998,1738.5388500000001,51.088937159671545,60.48726748555472,129808.3219303,96167.762011194,MANTIENI STATO ATTUALE,BASSO,True,False,True,False,,True,False,False,False
2023-07-19,1897.72,1922.33,1882.15,1888.73,1888.73,1853.4054,1742.00625,49.88733452119692,59.03674837944366,111607.1389253,98109.43679678401,MANTIENI STATO ATTUALE,BASSO,True,False,True,False,,True,False,False,False
2023-07-20,1888.65,1929.03,1877.77,1891.72,1891.72,1853.759,1745.46525,50.30596844362153,58.48126635234054,100239.01603496,92523.0958698665,MANTIENI STATO ATTUALE,BASSO,False,False,True,False,,True,False,False,False
2023-07-21,1891.76,1905.41,1884.43,1891.92,1891.92,1854.3488,1748.8564000000001,50.3358548273923,55.80260447003051,55235.39533058,92447.9734877615,MANTIENI STATO ATTUALE,BASSO,False,False,True,False,,True,False,False,False
2023-07-22,1891.92,1897.62,1851.35,1866.69,1866.69,1853.5343999999998,1752.1188,46.53387106377277,55.121704150742616,42352.40590843,90304.49435197,MANTIENI STATO ATTUALE,BASSO,False,False,True,False,,True,False,False,False
2023-07-23,1866.61,1905.24,1858.19,1888.65,1888.65,1853.455,1755.28035,50.06898163244031,54.545153854260995,61563.29015459,88181.993600769,MANTIENI STATO ATTUALE,BASSO,False,False,True,False,,True,False,False,False
2023-07-24,1888.64,1890.93,1832.83,1849.69,1849.69,1852.6442000000002,1758.2744,44.453333473858805,54.79907143609951,127978.18134477,91505.070929248,MANTIENI STATO ATTUALE,BASSO,False,False,True,False,,True,False,False,False
2023-07-25,1849.68,1868.14,1844.69,1857.28,1857.28,1853.5656,1761.2166,45.73034754578144,52.55985204780669,57419.42710699,90851.939016818,MANTIENI STATO ATTUALE,BASSO,False,False,True,False,,True,False,False,False
2023-07-26,1857.29,1887.75,1848.03,1871.92,1871.92,1853.305,1764.2565,48.20388696587886,51.64271975867764,72684.14808293,88267.2079620735,MANTIENI STATO ATTUALE,BASSO,False,False,True,False,,True,False,False,False
2023-07-27,1871.92,1886.15,1854.39,1860.88,1860.88,1853.8728,1767.1113,46.48331986778621,50.22252549020067,53353.05426066,86616.440723527,MANTIENI STATO ATTUALE,BASSO,False,False,True,False,,True,False,False,False
2023-07-28,1860.87,1882.77,1856.18,1874.05,1874.05,1854.434,1769.8814499999999,48.82975439618987,48.53448795518633,52759.67579773,86779.3726550495,MANTIENI STATO ATTUALE,BASSO,False,False,True,False,,True,False,False,False
2023-07-29,1874.01,1886.26,1869.1,1880.71,1880.71,1855.239,1772.6072,50.023087897326064,46.29345310124445,23628.03151224,86241.28176236301,MANTIENI STATO ATTUALE,BASSO,False,False,True,False,,True,False,False,False
2023-07-30,1880.88,1885.46,1848.81,1861.65,1861.65,1857.4256,1774.9692499999999,46.66877131586572,45.60463502258414,49111.67488831,84162.41245883601,MANTIENI STATO ATTUALE,BASSO,False,False,True,False,,True,False,False,False
2023-07-31,1861.65,1876.82,1850.55,1856.0,1856.0,1859.4835999999998,1777.1689999999999,45.69069762707823,44.22358966382813,84251.92423923,85431.9164567235,MANTIENI STATO ATTUALE,BASSO,False,False,True,False,,True,False,False,False
2023-08-01,1856.09,1874.88,1812.0,1872.89,1872.89,1862.0881999999997,1779.2745499999999,49.12334834921077,45.55619040212613,160513.30855928,88875.04807987,MANTIENI STATO ATTUALE,BASSO,True,False,True,False,,True,False,False,False
2023-08-02,1872.78,1878.86,1820.1,1838.92,1838.92,1864.0758,1780.7188499999997,43.20812206253726,46.49931965911712,102912.60761585,83128.6092547355,VENDI,BASSO,False,False,True,False,,False,False,True,True
2023-08-03,1838.91,1857.6,1824.0,1834.34,1834.34,1867.7458000000001,1782.1261000000002,42.4656572664199,45.57793968346589,70134.44959281,78395.58016095201,MANTIENI STATO ATTUALE,BASSO,False,False,True,False,,False,False,False,False
2023-08-04,1834.34,1849.99,1813.45,1827.3,1827.3,1870.9862000000003,1783.37835,41.29114050607546,44.93237256321833,72934.78259447,80008.5327721525,VENDI,BASSO,False,False,True,False,,False,True,False,False
2023-08-05,1827.3,1837.16,1824.45,1834.66,1834.66,1873.3434,1784.72325,43.06409439102198,42.63077452298845,24788.06790609,79266.99540601499,VENDI,BASSO,False,False,True,False,,False,True,False,False
2023-08-06,1834.66,1836.92,1823.7,1827.5,1827.5,1875.3516,1786.3066000000001,41.74340243669829,40.53000491420357,25736.92637861,73950.5914082065,VENDI,BASSO,False,False,True,False,,False,True,False,False
2023-08-07,1827.49,1844.11,1800.0,1826.9,1826.9,1877.481,1787.6861999999999,41.628190716657755,40.785718848903315,80578.46482025,71489.098552704,VENDI,BASSO,False,False,True,False,,False,True,False,False
2023-08-08,1826.9,1876.1,1824.0,1855.71,1855.71,1879.8636,1788.6735,48.91854694172348,41.59388178826736,90813.36288326,70449.409750602,MANTIENI STATO ATTUALE,BASSO,False,False,True,False,,False,False,False,False
2023-08-09,1855.71,1870.85,1843.35,1854.09,1854.09,1881.0882000000001,1789.8099499999998,48.55134640071941,40.587175946248266,67061.64786301,68790.5413420045,MANTIENI STATO ATTUALE,BASSO,False,False,True,False,,False,False,False,False
2023-08-10,1854.09,1864.35,1844.07,1850.38,1850.38,1880.3044,1790.92245,47.66885982693288,39.1366633786591,47379.82288863,68397.762719907,MANTIENI STATO ATTUALE,BASSO,False,False,True,False,,False,False,False,False
2023-08-11,1850.38,1855.54,1836.41,1846.76,1846.76,1879.797,1792.0235,46.77546327794538,37.70761599446916,51401.34991694,68850.2099203325,MANTIENI STATO ATTUALE,BASSO,False,False,True,False,,False,False,False,False
2023-08-12,1846.77,1852.7,1844.93,1849.09,1849.09,1878.9056,1793.4885000000002,47.45803431537881,35.56921485200708,20642.38300552,66804.16456287898,MANTIENI STATO ATTUALE,BASSO,False,False,True,False,,False,False,False,False
2023-08-13,1849.08,1859.99,1833.03,1838.98,1838.98,1878.1678,1794.6207000000002,44.774852812224,34.95427093400657,28666.82026917,61838.59650909899,VENDI,BASSO,False,False,True,False,,False,True,False,False
2023-08-14,1838.98,1854.19,1833.27,1844.01,1844.01,1877.0534,1795.8352499999999,46.39859832841196,33.95182301014896,50098.05830532,61472.5280690155,MANTIENI STATO ATTUALE,BASSO,False,False,True,False,,False,False,False,False
2023-08-15,1844.0,1845.65,1811.34,1827.19,1827.19,1876.4134,1796.9803,41.95617759287034,33.97740708085262,50058.31066665,60341.2361982015,VENDI,BASSO,False,False,True,False,,False,True,False,False
2023-08-16,1827.19,1829.39,1795.15,1805.51,1805.51,1874.7272,1798.14635,37.03423869715307,33.99616371793458,67033.53900372,61025.2604353545,VENDI,BASSO,False,False,True,False,,False,True,False,False
2023-08-17,1805.51,1808.18,1540.0,1681.42,1681.42,1871.8082000000002,1798.329,21.492711309461086,50.72358059522497,189703.49281099,67872.4512860175,VENDI,MEDIO,False,False,True,False,,False,True,False,False
2023-08-18,1681.46,1699.33,1640.18,1661.4,1661.4,1867.994,1798.8048500000002,20.032118590990606,51.32546769556603,160133.36341664,74697.71788123749,VENDI,MEDIO,False,False,True,False,,False,True,False,False
2023-08-19,1661.28,1696.0,1653.84,1669.65,1669.65,1862.7156000000002,1799.22615,22.373240042318514,50.67079143159704,54692.61607557,74976.7649406005,VENDI,MEDIO,False,False,True,False,,False,True,False,False
2023-08-20,1669.65,1694.48,1661.83,1685.39,1685.39,1857.9406000000004,1799.4428500000001,26.77764755101677,49.38359204362583,46426.8880623,73085.513131754,VENDI,MEDIO,False,False,True,False,,False,True,False,False
2023-08-21,1685.36,1688.1,1648.65,1667.2,1667.2,1852.5394000000001,1799.5629000000001,25.01149451545929,48.674049754795405,79186.37606678,69019.166507129,VENDI,MEDIO,False,False,True,False,,False,True,False,False
2023-08-22,1667.2,1669.11,1579.34,1634.33,1634.33,1846.1108000000002,1799.4161,22.166364775903375,51.609474772310016,110850.76953958,69416.0746033155,VENDI,MEDIO,False,False,True,False,,False,True,False,False
2023-08-23,1634.32,1700.46,1628.81,1679.22,1679.22,1840.9668000000001,1799.47805,33.32167601701562,53.040940860002166,111905.50727937,71504.62748764349,VENDI,MEDIO,False,False,True,False,,False,True,False,False
2023-08-24,1679.21,1683.16,1634.73,1660.36,1660.36,1835.9712000000002,1799.6329999999998,31.292448732968765,52.711587941430594,77217.23328739,71718.7500222895,VENDI,MEDIO,False,False,True,False,,False,True,False,False
2023-08-25,1660.41,1676.19,1634.54,1652.75,1652.75,1832.1102,1799.82425,30.48571920659444,51.921474517042704,83010.44896333,74629.8690751515,VENDI,MEDIO,False,False,True,False,,False,True,False,False
2023-08-26,1652.77,1654.74,1643.0,1646.25,1646.25,1827.6166,1799.6991,29.77953230326237,49.0513691943968,18986.91545465,74292.36852895349,VENDI,MEDIO,False,False,True,False,,False,True,False,False
2023-08-27,1646.26,1659.43,1645.38,1657.51,1657.51,1823.4556,1799.7334,32.68839278468873,46.55127139479703,22244.70853004,71375.680714443,VENDI,MEDIO,False,False,True,False,,False,True,False,False
2023-08-28,1657.5,1662.7,1621.04,1651.94,1651.94,1819.2342,1800.2654,31.98260442977781,46.20189486659724,60673.32488256,69868.67881440799,VENDI,MEDIO,False,False,True,False,,False,True,False,False
2023-08-29,1651.93,1745.88,1639.04,1729.34,1729.34,1816.2086000000002,1801.3469,48.59281657482504,50.533188090411734,122275.58410558,72629.37562653651,VENDI,MEDIO,False,False,True,False,,False,True,False,False
2023-08-30,1729.26,1730.96,1694.98,1705.47,1705.47,1812.7448000000002,1802.17995,44.94733219131081,49.49367465538233,61097.35135783,73315.2520499965,VENDI,MEDIO,False,False,True,False,,False,True,False,False
2023-08-31,1705.46,1726.16,1629.76,1645.58,1645.58,1808.2233999999999,1802.8316,37.371791082283906,52.84412646571217,116578.15874188,76574.0924912435,VENDI,MEDIO,False,False,True,False,,False,True,False,False
2023-09-01,1645.58,1654.27,1601.69,1628.46,1628.46,1800.6735999999999,1803.44245,35.5283917771946,52.82526028958987,92601.69188977,80172.057935456,VENDI,ALTO,False,False,True,False,,False,True,False,False
2023-09-02,1628.46,1644.64,1627.43,1636.83,1636.83,1794.6319999999998,1803.8432500000001,37.16037420520409,50.28131312604774,30753.43898001,80276.38887099801,VENDI,ALTO,False,False,True,False,,False,True,False,False
2023-09-03,1636.83,1646.97,1624.93,1635.68,1635.68,1788.7076000000002,1803.64725,37.02171122523709,48.26407647418719,36069.9532434,79574.983617902,VENDI,ALTO,False,False,True,False,,False,True,False,False
2023-09-04,1635.65,1644.57,1615.85,1629.75,1629.75,1782.835,1803.60685,36.27013817810311,46.86807101174525,43034.41180385,79223.78867476199,VENDI,ALTO,False,False,True,False,,False,True,False,False
2023-09-05,1629.75,1646.66,1608.85,1633.85,1633.85,1777.2844,1803.3042500000001,37.21911582475734,46.22106593947775,54592.69579861,78601.74651450649,VENDI,ALTO,False,False,True,False,,False,True,False,False
2023-09-06,1633.85,1669.0,1608.17,1632.08,1632.08,1771.9716,1803.0055499999999,36.963223688850725,47.264561229515046,64159.11336815,72324.52754236449,VENDI,ALTO,False,False,True,False,,False,True,False,False
2023-09-07,1632.09,1659.1,1622.41,1647.44,1647.44,1767.1457999999998,1802.8416,40.768994454874566,46.509235427406814,60902.59005054,67362.9888740595,VENDI,ALTO,False,False,True,False,,False,True,False,False
2023-09-08,1647.44,1658.29,1615.65,1635.94,1635.94,1762.0302000000001,1802.50315,38.87653124018319,46.23286146830632,58305.48970523,67543.6325555425,VENDI,ALTO,False,False,True,False,,False,True,False,False
2023-09-09,1635.94,1637.14,1629.32,1635.14,1635.14,1756.8945999999999,1802.38005,38.7418044010689,43.48908564914159,13173.50160468,65880.9632326615,VENDI,ALTO,False,False,True,False,,False,True,False,False
2023-09-10,1635.15,1635.66,1596.78,1616.65,1616.65,1751.8938,1802.24855,35.66538763977546,43.15986524563149,46891.05891276,64266.1973749605,VENDI,ALTO,False,False,True,False,,False,True,False,False
2023-09-11,1616.68,1618.61,1530.6,1551.36,1551.36,1745.148,1801.75225,27.393461035370947,46.363446299514955,122138.1334909,64830.5655725265,VENDI,ALTO,False,False,True,False,,False,True,False,False
2023-09-12,1551.33,1624.99,1549.21,1593.07,1593.07,1740.0156,1801.67975,37.38468110662507,48.46462870669246,92121.78663878,63841.37954049699,VENDI,ALTO,False,False,True,False,,False,True,False,False
2023-09-13,1592.92,1618.56,1581.65,1608.06,1608.06,1735.0312,1801.7475,40.55085337776621,47.63929808478584,71432.28132924,63552.1319425895,VENDI,ALTO,False,False,True,False,,False,True,False,False
2023-09-14,1608.06,1644.4,1607.48,1627.18,1627.18,1730.1363999999999,1801.6763500000002,44.41191385908946,46.873633935872576,84810.57469743,63642.138229294505,VENDI,ALTO,False,False,True,False,,False,True,False,False
2023-09-15,1627.17,1653.52,1611.52,1641.49,1641.49,1725.7486,1801.7175,47.17707143025905,46.525517226167395,46587.30736974,65022.157825049,VENDI,ALTO,False,False,True,False,,False,True,False,False
2023-09-16,1641.48,1652.54,1631.88,1634.87,1634.87,1720.965,1801.86485,46.03618983567087,44.677980281441144,25839.72626893,65201.9087119935,VENDI,ALTO,False,False,True,False,,False,True,False,False
2023-09-17,1634.87,1635.66,1612.35,1622.83,1622.83,1715.8074,1801.6530000000002,43.95427070810057,43.15169597562394,28240.63467229,63580.274201479995,VENDI,ALTO,False,False,True,False,,False,True,False,False
2023-09-18,1622.93,1669.43,1603.55,1636.94,1636.94,1711.3132,1801.59835,46.98039117211655,44.77514626307938,82672.75437174,61600.132714788,VENDI,ALTO,False,False,True,False,,False,True,False,False
2023-09-19,1636.93,1661.05,1626.77,1643.42,1643.42,1707.0616,1801.96775,48.35940184446364,44.02549295857371,53665.4341842,61228.5368561065,VENDI,ALTO,False,False,True,False,,False,True,False,False
2023-09-20,1643.41,1649.57,1604.91,1622.27,1622.27,1702.0492000000002,1802.2455000000002,44.30861550074158,44.070814890104145,69413.64809618,58870.3113238215,VENDI,ALTO,False,False,True,False,,False,True,False,False
2023-09-21,1622.26,1625.23,1567.81,1583.86,1583.86,1696.9479999999999,1802.34075,38.07158345170556,45.02432811223957,70280.57355242,57754.255406954,VENDI,ALTO,False,False,True,False,,False,True,False,False
2023-09-22,1583.86,1602.43,1576.52,1593.03,1593.03,1692.1218,1802.47665,40.23454951262735,43.65901896136532,49010.24393275,58667.095654591,VENDI,ALTO,False,False,True,False,,False,True,False,False
2023-09-23,1593.04,1598.19,1587.97,1593.85,1593.85,1687.4528,1802.6375500000001,40.43489558683397,41.27051760698209,17727.34147545,57749.9650661935,VENDI,ALTO,False,False,True,False,,False,True,False,False
2023-09-24,1593.84,1600.89,1570.35,1580.64,1580.64,1682.3724000000002,1802.8799000000001,38.212556223664166,40.50405206362624,32773.52822928,57236.92088746501,VENDI,ALTO,False,False,True,False,,False,True,False,False
2023-09-25,1580.59,1597.12,1563.0,1587.75,1587.75,1677.5774000000001,1803.6316,40.12015138847825,40.04804834479579,62583.93066252,57636.4826306605,VENDI,ALTO,False,False,True,False,,False,True,False,False
2023-09-26,1587.75,1598.84,1579.47,1593.0,1593.0,1672.8994,1804.4358500000003,41.555005326845496,38.57104489159608,49000.89806179,56878.5718653425,VENDI,ALTO,False,False,True,False,,False,True,False,False
2023-09-27,1593.0,1632.94,1582.38,1597.65,1597.65,1667.7382,1805.0056999999997,42.86098989586062,39.42739882791064,80254.4465463,57846.16469013049,VENDI,ALTO,False,False,True,False,,False,True,False,False
2023-09-28,1597.65,1668.55,1596.93,1652.94,1652.94,1663.7151999999999,1805.30885,55.57304098815355,41.72687034020273,136755.38213349,61768.659311543495,MANTIENI STATO ATTUALE,ALTO,False,False,True,False,,False,False,False,False
2023-09-29,1652.94,1688.16,1648.33,1667.21,1667.21,1660.0518,1805.23525,58.16026430411466,41.591379601616836,96959.81985572,65957.9752240955,MANTIENI STATO ATTUALE,ALTO,False,False,True,False,,False,False,False,False
2023-09-30,1667.2,1694.25,1665.98,1670.84,1670.84,1656.5334,1805.0647,58.81727098644519,40.639852487215634,52608.92316992,66243.86843695349,MANTIENI STATO ATTUALE,ALTO,False,False,True,False,,False,False,False,False
2023-10-01,1670.84,1755.2,1668.51,1733.4,1733.4,1654.2196,1805.4477,68.11110850401583,43.92914873812881,75393.93444956,63906.658484886495,MANTIENI STATO ATTUALE,ALTO,False,False,True,False,,False,False,False,False
2023-10-02,1733.42,1743.84,1637.82,1662.62,1662.62,1650.6924,1805.3745999999999,53.421916193064376,48.364209542548174,158288.87222448,67215.0127641715,MANTIENI STATO ATTUALE,ALTO,False,False,True,False,,False,False,False,False
2023-10-03,1662.62,1670.61,1643.56,1656.91,1656.91,1646.9504000000002,1804.6908500000002,52.439381792937716,46.84176600379473,75294.23778427,67408.110586923,MANTIENI STATO ATTUALE,ALTO,False,False,True,False,,False,False,False,False
2023-10-04,1656.91,1657.91,1626.01,1646.58,1646.58,1643.3382000000001,1804.10535,50.62534861252179,45.774497003523685,80420.09102569,67188.586403336,MANTIENI STATO ATTUALE,ALTO,False,False,True,False,,False,False,False,False
2023-10-05,1646.58,1655.28,1608.0,1611.63,1611.63,1639.4605999999999,1803.2314999999999,44.95862274387764,45.882032931843426,88002.97784141,69259.36992691949,MANTIENI STATO ATTUALE,ALTO,False,False,True,False,,False,False,False,False
2023-10-06,1611.83,1662.23,1611.78,1645.95,1645.95,1638.7512,1802.76415,50.7843744261825,46.21903057956889,71144.41944879,71524.6045859125,MANTIENI STATO ATTUALE,ALTO,False,False,True,False,,False,False,False,False
2023-10-07,1645.9,1648.7,1631.01,1634.65,1634.65,1638.2161999999998,1801.90125,48.947379444182516,44.18124268102826,27241.91429218,71474.668566907,MANTIENI STATO ATTUALE,ALTO,False,False,True,False,,False,False,False,False
2023-10-08,1634.64,1642.33,1617.31,1633.78,1633.78,1637.4987999999998,1801.3742499999998,48.80101613488986,42.812582489526235,38081.14823402,69245.08826002099,MANTIENI STATO ATTUALE,ALTO,False,False,True,False,,False,False,False,False
2023-10-09,1633.77,1636.51,1548.22,1580.13,1580.13,1635.3935999999999,1800.18745,40.71565600611845,46.06096945456007,102399.55980653,71681.7945411375,VENDI,ALTO,False,False,True,False,,False,True,False,False
2023-10-10,1580.13,1595.15,1550.18,1567.63,1567.63,1633.4022,1799.26595,39.09060187915799,45.98304306494864,79103.82961904,72166.3036172805,VENDI,ALTO,False,False,True,False,,False,True,False,False
2023-10-11,1567.63,1578.53,1545.5,1566.46,1566.46,1632.0448,1798.3792500000002,38.93396444713184,45.05782570316659,79781.25310923,72641.337595121,VENDI,ALTO,False,False,True,False,,False,True,False,False
2023-10-12,1566.45,1568.05,1520.85,1539.25,1539.25,1629.2453999999998,1797.1962000000003,35.38300825586184,45.21083815294041,68485.99935697,73615.125366332,VENDI,ALTO,False,False,True,False,,False,True,False,False
2023-10-13,1539.26,1574.66,1537.31,1552.04,1552.04,1627.079,1796.3743,38.23460804683448,44.64934971344468,63935.58299379,75925.537442249,VENDI,ALTO,False,False,True,False,,False,True,False,False
2023-10-14,1552.03,1561.53,1544.65,1554.87,1554.87,1625.1213999999998,1795.2801499999998,38.877361628705586,42.66582473391291,20369.55429181,75305.33874537548,VENDI,ALTO,False,False,True,False,,False,True,False,False
2023-10-15,1554.98,1566.92,1548.3,1558.01,1558.01,1623.3565999999998,1794.10315,39.62805463534483,40.948265824347715,28564.73003903,73604.378714201,VENDI,ALTO,False,False,True,False,,False,True,False,False
2023-10-16,1558.01,1641.41,1555.2,1600.02,1600.02,1622.2068,1793.1348500000001,48.70505873101997,44.18124683689431,140896.46861986,78199.1572421045,MANTIENI STATO ATTUALE,ALTO,False,False,True,False,,False,False,False,False
2023-10-17,1600.03,1601.44,1552.74,1565.24,1565.24,1620.4728,1791.851,42.94786878689536,44.504014919973294,63796.87989577,77376.278909578,VENDI,ALTO,False,False,True,False,,False,True,False,False
2023-10-18,1565.25,1586.27,1556.01,1563.67,1563.67,1617.1594,1790.5607,42.702485826248,43.486585282832344,57059.23546765,73391.471576286,VENDI,ALTO,False,False,True,False,,False,True,False,False
2023-10-19,1563.66,1576.25,1542.36,1567.48,1567.48,1614.3996,1789.42125,43.54545501781187,42.80111490548718,59230.76611412,71505.018889206,VENDI,ALTO,False,False,True,False,,False,True,False,False
2023-10-20,1567.5,1632.11,1562.0,1604.96,1604.96,1613.5872,1788.3914499999998,51.15798148575864,44.75174955509523,110280.40281731,74388.5928715755,MANTIENI STATO ATTUALE,ALTO,False,False,True,False,,False,False,False,False
2023-10-21,1604.94,1644.77,1593.06,1629.38,1629.38,1613.6055999999999,1787.18155,55.379734437743615,45.248767444017005,63605.34688817,73799.163493506,MANTIENI STATO ATTUALE,ALTO,False,False,True,False,,False,False,False,False
2023-10-22,1629.37,1668.28,1622.36,1664.43,1664.43,1614.1576,1785.9592000000002,60.63865048459477,45.29671262658723,64860.7669214,69127.758228352,MANTIENI STATO ATTUALE,ALTO,False,False,True,False,,False,False,False,False
2023-10-23,1664.43,1799.55,1657.95,1766.27,1766.27,1616.7694000000001,1785.4241,71.2436900803121,52.17551886754528,191320.15916936,74929.05429760649,MANTIENI STATO ATTUALE,ALTO,False,False,True,False,,False,False,False,False
2023-10-24,1766.24,1854.62,1725.79,1785.28,1785.28,1619.88,1785.0254,72.72115346446685,57.6508389484349,261859.90084142,84001.044788393,MANTIENI STATO ATTUALE,ALTO,False,False,True,False,,False,False,False,False
2023-10-25,1785.06,1818.29,1760.2,1787.58,1787.58,1622.9546000000003,1784.713,72.90255556348677,57.68220759497527,126450.2986493,85923.4108287875,MANTIENI STATO ATTUALE,ALTO,False,False,True,False,,False,False,False,False
2023-10-26,1787.58,1865.86,1762.67,1803.57,1803.57,1626.3844,1784.43165,74.18768979611208,60.932764195334165,162066.45814023,90469.5127633595,MANTIENI STATO ATTUALE,ALTO,False,False,True,False,,False,False,False,False
2023-10-27,1803.56,1804.29,1745.05,1779.81,1779.81,1629.0318,1783.77455,68.95451185532858,60.81185246709602,90425.04228072,93628.66916278651,MANTIENI STATO ATTUALE,ALTO,False,False,True,False,,False,False,False,False
2023-10-28,1779.78,1803.48,1770.8,1776.48,1776.48,1631.8426000000002,1783.19785,68.22810581044604,58.802434433732024,34085.17268661,93428.870385416,MANTIENI STATO ATTUALE,ALTO,False,False,True,False,,False,False,False,False
2023-10-29,1776.48,1811.68,1763.25,1795.74,1795.74,1635.0546,1782.5819999999999,70.18449672945248,58.06154625989403,48201.56051951,90718.970421065,MANTIENI STATO ATTUALE,ALTO,False,False,True,False,,False,False,False,False
2023-10-30,1795.63,1830.64,1778.24,1809.69,1809.69,1638.9154,1781.56055,71.55091434377364,57.65715009847303,80444.07174014,90785.98252712,MANTIENI STATO ATTUALE,ALTO,False,False,True,False,,False,False,False,False
2023-10-31,1809.67,1820.0,1781.62,1815.14,1815.14,1644.191,1780.1270000000002,72.08908785145003,56.28021080572497,80270.49772666,90810.4447579915,MANTIENI STATO ATTUALE,ALTO,False,False,True,False,,False,False,False,False
2023-11-01,1815.14,1859.0,1783.48,1847.74,1847.74,1649.2844,1778.90345,75.12085121670185,57.654481462458904,139857.49667144,94379.019623715,MANTIENI STATO ATTUALE,ALTO,False,False,True,False,,False,False,False,False
2023-11-02,1847.74,1875.0,1785.03,1801.31,1801.31,1653.1494,1777.30965,64.39272568231084,59.962732786568985,110389.55551632,96701.7182498415,MANTIENI STATO ATTUALE,MEDIO,False,False,True,False,,False,False,False,False
2023-11-03,1801.31,1836.16,1777.0,1833.76,1833.76,1657.281,1776.1003,67.84864308207429,59.90539473038549,79637.2413367,99665.102602086,MANTIENI STATO ATTUALE,MEDIO,False,False,True,False,,False,False,False,False
2023-11-04,1833.64,1870.32,1825.11,1857.23,1857.23,1661.5958,1774.8634,70.10837645426123,58.8557236782151,38916.34595206,100182.6833977375,MANTIENI STATO ATTUALE,ALTO,False,False,True,False,,False,False,False,False
2023-11-05,1857.17,1913.57,1847.46,1893.16,1893.16,1666.7616,1774.6552000000001,73.21237119058148,59.3738862726283,82496.39953529,97262.679943509,MANTIENI STATO ATTUALE,ALTO,False,False,True,False,,False,False,False,False
2023-11-06,1893.13,1916.13,1870.64,1901.68,1901.68,1672.3386,1774.4478,73.90437150832365,58.3821801102977,97625.94820106,98954.1333587735,MANTIENI STATO ATTUALE,ALTO,False,False,True,False,,False,False,False,False
2023-11-07,1901.67,1908.07,1851.01,1885.93,1885.93,1677.3183999999999,1774.6366500000001,70.2895375438879,58.28773867384787,122337.33944691,102218.03855773651,MANTIENI STATO ATTUALE,ALTO,False,False,True,False,,False,False,False,False
2023-11-08,1885.93,1905.3,1873.55,1888.84,1888.84,1682.2268000000001,1774.70845,70.57590159962103,56.39218591143017,74827.09163576,102997.8548338185,MANTIENI STATO ATTUALE,ALTO,False,False,True,False,,False,False,False,False
2023-11-09,1888.86,2131.91,1882.84,2121.3,2121.3,1692.2074,1776.00545,83.91405319067057,70.15488691775658,290571.52840203,112012.41111305449,MANTIENI STATO ATTUALE,ALTO,False,False,True,False,,False,False,False,False
2023-11-10,2120.88,2136.53,2066.0,2078.57,2078.57,1702.1016,1777.18745,77.004091657917,70.18168070934543,148151.5915368,116239.72334548601,MANTIENI STATO ATTUALE,ALTO,False,False,True,False,,False,False,False,False
2023-11-11,2078.57,2091.61,2032.14,2053.83,2053.83,1711.3176,1778.1254499999998,73.24345611967158,69.4165606586779,84815.43690608,117237.45684471999,MANTIENI STATO ATTUALE,ALTO,False,False,True,False,,False,False,False,False
2023-11-12,2053.94,2066.93,2013.5,2046.06,2046.06,1720.3618,1779.0221000000001,72.05329085428872,68.27466346877232,50912.23589705,110217.06068110451,MANTIENI STATO ATTUALE,ALTO,False,False,True,False,,False,False,False,False
2023-11-13,2046.06,2118.65,2029.28,2053.99,2053.99,1729.8288,1779.7474500000003,72.54365423394032,69.78147322100288,144429.20318696,104345.5257983815,MANTIENI STATO ATTUALE,ALTO,False,False,True,False,,False,False,False,False
2023-11-14,2054.31,2065.48,1933.0,1979.61,1979.61,1737.6660000000002,1780.1828,61.621948921777005,74.25993941950269,136319.6702245,104838.9943771415,MANTIENI STATO ATTUALE,MEDIO,False,False,True,False,,False,False,False,False
2023-11-15,1979.45,2063.58,1967.19,2059.38,2059.38,1746.9935999999998,1780.9349000000002,67.30677174596958,75.84065803239534,152595.88274792,104365.465607526,MANTIENI STATO ATTUALE,MEDIO,False,False,True,False,,False,False,False,False
2023-11-16,2059.46,2100.0,1909.37,1961.76,1961.76,1754.2758000000001,1781.3899000000001,56.31342653474153,84.0398967443671,178044.63341731,108746.4451643555,MANTIENI STATO ATTUALE,MEDIO,False,False,True,False,,False,False,False,False
2023-11-17,1961.66,1991.25,1906.15,1961.57,1961.57,1760.4484,1782.0407,56.294154219783366,84.11561840548373,125667.83736351,113325.5783982005,MANTIENI STATO ATTUALE,MEDIO,False,False,True,False,,False,False,False,False
2023-11-18,1961.53,1972.38,1917.96,1963.76,1963.76,1766.3794,1782.5031999999999,56.47903664438091,81.99450280509204,45737.12941532,113202.35684299101,MANTIENI STATO ATTUALE,MEDIO,False,False,True,False,,False,False,False,False
2023-11-19,1963.75,2016.6,1944.65,2012.29,2012.29,1773.2084,1783.0352000000003,60.4696330299741,81.27703831901403,55072.30287312,111933.76839963999,MANTIENI STATO ATTUALE,MEDIO,False,False,True,False,,False,False,False,False
2023-11-20,2012.68,2067.79,1993.59,2022.55,2022.55,1778.9914,1783.7579,61.2780187404175,80.77153558194159,146484.68418925,115244.47772276952,MANTIENI STATO ATTUALE,MEDIO,False,False,True,False,,False,False,False,False
2023-11-21,2022.56,2035.77,1930.86,1933.45,1933.45,1784.4080000000001,1783.4463500000002,51.44007372389682,82.4957116118029,136174.20007133,115060.31289276402,MANTIENI STATO ATTUALE,BASSO,False,False,True,False,,False,False,False,False
2023-11-22,1933.52,2092.66,1929.26,2063.94,2063.94,1792.5486,1784.26545,61.25161963869876,88.27458935381698,146760.1198297,116878.841108433,ACQUISTA,MEDIO,True,False,True,False,standard,True,False,False,False
2023-11-23,2063.95,2089.18,2040.23,2062.78,2062.78,1800.8726000000001,1785.213,61.13336908202982,85.4656901142586,84629.71524463,117128.46480382951,MANTIENI STATO ATTUALE,MEDIO,False,False,True,False,,True,False,False,False
2023-11-24,2062.51,2134.16,2059.7,2082.61,2082.61,1810.2922,1786.3805,62.467334092367075,84.67956939181157,127130.6016511,121539.1775887815,MANTIENI STATO ATTUALE,MEDIO,True,False,True,False,,True,False,False,False
2023-11-25,2082.74,2091.72,2067.11,2084.02,2084.02,1819.0536,1787.5620999999999,62.56571665870103,80.38888586382501,32637.81834342,119046.24852918801,MANTIENI STATO ATTUALE,MEDIO,False,False,True,False,,True,False,False,False
2023-11-26,2084.0,2095.16,2037.8,2063.09,2063.09,1827.6224000000002,1788.6652000000001,60.04947277740872,78.74396544498036,57167.2638941,117023.31431384,MANTIENI STATO ATTUALE,MEDIO,False,False,True,False,,True,False,False,False
2023-11-27,2063.13,2072.0,1985.72,2027.47,2027.47,1835.4962000000003,1789.82635,55.927093659265275,79.28225362748177,125768.15951531,117194.85531726,MANTIENI STATO ATTUALE,BASSO,True,False,True,False,,True,False,False,False
2023-11-28,2027.46,2076.0,1995.29,2049.08,2049.08,1844.8752000000002,1791.03,57.81900627347237,79.38423551123307,100207.915287,118463.896499822,MANTIENI STATO ATTUALE,BASSO,False,False,True,False,,True,False,False,False
2023-11-29,2048.94,2075.84,2019.63,2029.11,2029.11,1854.1047999999998,1792.1956,55.45014279389345,77.72893297471643,75542.21726307,107712.43094287401,MANTIENI STATO ATTUALE,BASSO,False,False,True,False,,True,False,False,False
2023-11-30,2029.14,2055.74,2020.96,2053.1,2053.1,1863.8376,1793.46095,57.692592391738906,74.66115204795095,75775.80126746,104093.64142940701,MANTIENI STATO ATTUALE,BASSO,False,False,True,False,,True,False,False,False
2023-12-01,2053.08,2112.09,2045.99,2088.4,2088.4,1874.8206,1794.819,60.81790302835865,74.04964118738303,142736.12841928,106989.676005067,MANTIENI STATO ATTUALE,MEDIO,True,False,True,False,,True,False,False,False
2023-12-02,2088.43,2190.48,2086.97,2165.76,2165.76,1887.095,1796.5246,66.6348635877489,76.15395253114141,83470.66010767,108617.59721559801,MANTIENI STATO ATTUALE,MEDIO,False,False,True,False,,True,False,False,False
2023-12-03,2165.85,2217.78,2150.3,2194.13,2194.13,1899.8802000000003,1798.3828,68.48278636145685,75.53438449320275,78192.25684803,105305.7498986515,MANTIENI STATO ATTUALE,MEDIO,False,False,True,False,,True,False,False,False
2023-12-04,2194.12,2274.95,2192.41,2243.29,2243.29,1913.5858,1800.5962,71.43508983371848,76.03478560083111,156712.86675745,106325.40972529902,MANTIENI STATO ATTUALE,ALTO,False,False,True,False,,True,False,False,False
2023-12-05,2243.25,2309.82,2187.97,2293.97,2293.97,1927.4648000000002,1803.0018499999999,74.12592687998266,79.30730091505748,167077.77250219,107049.5042130125,MANTIENI STATO ATTUALE,ALTO,False,False,True,False,,True,False,False,False
2023-12-06,2293.96,2312.75,2219.61,2232.8,2232.8,1940.816,1805.0660500000001,66.0396956440868,80.29535084969622,134193.65734318,104856.95540930601,MANTIENI STATO ATTUALE,MEDIO,False,False,True,False,,True,False,False,False
2023-12-07,2233.08,2384.0,2222.58,2356.57,2356.57,1956.674,1807.8225,72.56186658078721,86.08996864614649,159654.71681372,106556.2993818165,MANTIENI STATO ATTUALE,ALTO,False,False,True,False,,True,False,False,False
2023-12-08,2356.4,2392.35,2338.25,2358.59,2358.59,1972.4962,1810.5266499999998,72.65417308959,83.80497088570746,130139.81922754,110776.43387242751,MANTIENI STATO ATTUALE,ALTO,False,False,True,False,,True,False,False,False
2023-12-09,2359.01,2403.37,2329.35,2341.28,2341.28,1987.2226,1812.961,70.46645886172116,83.10604439387122,69627.48310609,111504.192884076,MANTIENI STATO ATTUALE,ALTO,False,False,True,False,,True,False,False,False
2023-12-10,2341.48,2377.61,2322.53,2352.29,2352.29,2001.6807999999999,1815.7237,71.06329355472587,81.10418408002327,44645.61294931,106412.239322079,MANTIENI STATO ATTUALE,ALTO,False,False,True,False,,True,False,False,False
2023-12-11,2352.71,2354.99,2127.36,2224.06,2224.06,2012.8734,1817.8148499999998,56.693281324680505,91.57031378859301,193291.06535168,109268.08258609651,MANTIENI STATO ATTUALE,MEDIO,False,False,True,False,,True,False,False,False
2023-12-12,2224.15,2243.23,2164.82,2202.34,2202.34,2021.5947999999999,1819.6844,54.676461648314174,90.63029137512207,128295.68890567,108344.86103989501,MANTIENI STATO ATTUALE,MEDIO,False,False,True,False,,True,False,False,False
2023-12-13,2202.39,2284.98,2144.52,2260.69,2260.69,2031.1029999999998,1821.8345000000002,58.90588210075213,94.18955627689907,141516.28789964,111189.1896726455,MANTIENI STATO ATTUALE,MEDIO,True,False,True,False,,True,False,False,False
2023-12-14,2260.69,2332.39,2229.9,2315.95,2315.95,2041.6703999999997,1823.8680000000002,62.477038458649204,94.78244511426341,142369.02286482,111951.1107333315,MANTIENI STATO ATTUALE,MEDIO,False,False,True,False,,True,False,False,False
2023-12-15,2315.81,2318.39,2199.76,2220.31,2220.31,2050.0052,1825.5035500000001,53.768064765030914,96.48584189181601,122773.57046315,116457.898339318,MANTIENI STATO ATTUALE,MEDIO,False,False,True,False,,True,False,False,False
2023-12-16,2220.44,2262.0,2209.68,2227.29,2227.29,2058.9548,1827.13445,54.269086947991106,93.33113889954345,49598.43029094,116079.45665916,MANTIENI STATO ATTUALE,MEDIO,False,False,True,False,,True,False,False,False
2023-12-17,2227.19,2247.08,2189.89,2194.75,2194.75,2067.3202,1828.7379999999998,51.46878044534081,90.7496289781475,56323.1405293,112607.20570985953,MANTIENI STATO ATTUALE,MEDIO,False,False,True,False,,True,False,False,False
2023-12-18,2194.45,2223.31,2115.22,2218.71,2218.71,2075.7796000000003,1830.5194000000001,53.376488790917875,91.98822690827983,103052.23127627,112749.42150932302,MANTIENI STATO ATTUALE,MEDIO,False,False,True,False,,True,False,False,False
2023-12-19,2218.58,2254.14,2134.43,2177.27,2177.27,2083.1312,1831.8687,49.73506612822758,93.96835355768842,122574.02370214,115101.01183127651,MANTIENI STATO ATTUALE,BASSO,False,False,True,False,,True,False,False,False
2023-12-20,2177.32,2264.85,2156.96,2202.0,2202.0,2090.8684,1833.4156,51.846316113350014,94.96275687499637,164826.68035353,119553.55578558,MANTIENI STATO ATTUALE,MEDIO,False,False,True,False,,True,False,False,False
2023-12-21,2201.93,2279.65,2182.83,2239.92,2239.92,2098.712,1835.16405,54.96958509567887,95.09541709821093,136641.48600479,119248.82366485552,MANTIENI STATO ATTUALE,MEDIO,False,False,True,False,,True,False,False,False
2023-12-22,2239.92,2344.26,2230.66,2326.35,2326.35,2109.2128,1837.73975,61.154103510974544,96.41717301976732,173481.66487576,123749.37390326001,MANTIENI STATO ATTUALE,MEDIO,True,False,True,False,,True,False,False,False
2023-12-23,2326.49,2332.69,2266.79,2309.58,2309.58,2118.7292,1839.8629,59.44805711727633,94.2373749469268,71690.42077486,123424.28209960149,MANTIENI STATO ATTUALE,MEDIO,False,False,True,False,,True,False,False,False
2023-12-24,2309.51,2327.66,2244.79,2265.33,2265.33,2126.8912,1842.0271,55.08153035011187,93.42541959357489,66756.02178328,118926.43985089302,MANTIENI STATO ATTUALE,MEDIO,False,False,True,False,,True,False,False,False
2023-12-25,2265.45,2304.93,2253.96,2271.53,2271.53,2134.4586,1844.1548,55.57390950205578,90.39288962260524,46049.01449884,112875.00195072549,MANTIENI STATO ATTUALE,MEDIO,False,False,True,False,,True,False,False,False
2023-12-26,2271.42,2275.2,2148.1,2230.91,2230.91,2141.0432,1846.1070499999998,51.58434460206002,93.01482607813344,112774.77130849,111804.057648991,MANTIENI STATO ATTUALE,MEDIO,True,False,True,False,,True,False,False,False
2023-12-27,2230.93,2393.39,2212.12,2380.66,2380.66,2150.9378,1849.24875,62.3228573997238,99.31876707255249,167830.74188422,112212.858902516,MANTIENI STATO ATTUALE,MEDIO,True,False,True,False,,True,False,False,False
2023-12-28,2380.54,2448.25,2336.7,2344.94,2344.94,2160.0598,1852.2079500000002,58.96339263551227,100.19242656737019,187887.79244123,115100.2575632005,MANTIENI STATO ATTUALE,MEDIO,True,False,True,False,,True,False,False,False
2023-12-29,2345.08,2386.99,2255.78,2299.37,2299.37,2163.6212,1854.9914999999999,54.897747051119765,102.40796752684372,155499.37553718,119393.852184755,MANTIENI STATO ATTUALE,MEDIO,False,False,True,False,,True,False,False,False
2023-12-30,2299.17,2322.86,2267.63,2291.15,2291.15,2167.8728,1857.7495500000002,54.17214161039785,99.03811270349775,66344.10814823,120478.776944701,MANTIENI STATO ATTUALE,MEDIO,False,False,True,False,,True,False,False,False
2023-12-31,2291.51,2320.48,2259.1,2281.07,2281.07,2172.4175999999998,1860.9006999999997,53.24278967220177,96.34824751039078,94453.26052695,115536.88670346451,MANTIENI STATO ATTUALE,MEDIO,False,False,True,False,,True,False,False,False
2024-01-01,2281.03,2353.33,2264.86,2352.76,2352.76,2178.5516000000002,1864.3381,58.67304602272485,95.78551554536286,65735.83712724,112408.89411454299,MANTIENI STATO ATTUALE,MEDIO,False,False,True,False,,True,False,False,False
2024-01-02,2352.8,2433.19,2342.19,2356.16,2356.16,2184.595,1867.5349,58.916738249683696,95.44369300640837,146957.41838868,112680.950638995,MANTIENI STATO ATTUALE,MEDIO,True,False,True,False,,True,False,False,False
2024-01-03,2356.27,2385.66,2100.0,2210.49,2210.49,2189.2126,1869.9519,46.31556156804829,109.03057207737919,238855.87311254,117505.293151381,MANTIENI STATO ATTUALE,BASSO,False,False,True,False,,True,False,False,False
2024-01-04,2210.49,2297.64,2203.1,2269.47,2269.47,2193.4144,1872.6970999999999,50.89505042135063,107.99553121470925,139871.10592444,118360.1699244455,MANTIENI STATO ATTUALE,MEDIO,False,False,True,False,,True,False,False,False
2024-01-05,2269.48,2278.84,2207.6,2270.35,2270.35,2199.5861999999997,1875.36595,50.96226470648961,105.37013612794432,103166.13797897,121038.55530884699,MANTIENI STATO ATTUALE,MEDIO,False,False,True,False,,True,False,False,False
2024-01-06,2270.29,2271.72,2217.0,2241.87,2241.87,2205.1922,1877.611,48.64173379797831,101.75226926166258,43380.28085198,120391.41232498099,MANTIENI STATO ATTUALE,BASSO,False,False,True,False,,True,False,False,False
2024-01-07,2241.81,2258.57,2206.66,2222.69,2222.69,2210.3708,1879.2766000000001,47.08673340859787,98.19210717154385,44609.45118075,117469.273320205,MANTIENI STATO ATTUALE,BASSO,False,False,True,False,,True,False,False,False
2024-01-08,2222.86,2360.81,2167.68,2332.51,2332.51,2216.7752,1881.5785,55.799668889431324,104.9733852307193,124227.66088047,117551.95517912149,MANTIENI STATO ATTUALE,MEDIO,False,False,True,False,,True,False,False,False
2024-01-09,2332.52,2376.1,2228.42,2344.93,2344.93,2223.2228,1883.8348500000002,56.668682657120044,108.02385771423934,180275.73765795,118324.4080443425,MANTIENI STATO ATTUALE,MEDIO,False,False,True,False,,True,False,False,False
2024-01-10,2344.97,2644.42,2340.77,2584.77,2584.77,2236.2491999999997,1887.37935,69.24393291868398,121.99715359179368,317568.89216896,127370.778352551,MANTIENI STATO ATTUALE,MEDIO,False,False,True,False,,True,False,False,False
2024-01-11,2584.85,2691.07,2567.08,2618.31,2618.31,2247.3366,1890.9722499999998,70.5318665910034,122.13949976380843,237306.47182505,130562.0187000155,MANTIENI STATO ATTUALE,ALTO,False,False,True,False,,True,False,False,False
2024-01-12,2618.37,2717.89,2455.0,2522.03,2522.03,2256.5216,1894.2864499999998,62.44767366192854,132.1931069235364,254977.63549268,139726.3794359065,MANTIENI STATO ATTUALE,MEDIO,True,False,True,False,,True,False,False,False
2024-01-13,2522.02,2589.97,2496.41,2578.12,2578.12,2266.4318,1897.7279500000002,64.96688221985224,129.43359928614095,121668.19007134,142471.98785030952,MANTIENI STATO ATTUALE,MEDIO,False,False,True,False,,True,False,False,False
2024-01-14,2578.13,2578.96,2467.97,2470.66,2470.66,2274.1646,1900.9443999999996,57.06799407872579,128.1161993371309,103969.50283893,145368.01226731398,MANTIENI STATO ATTUALE,MEDIO,False,False,True,False,,True,False,False,False
2024-01-15,2470.65,2551.77,2468.6,2509.94,2509.94,2283.1016,1904.23355,59.028917799263986,124.90575652733584,72919.16160111,143375.231781945,MANTIENI STATO ATTUALE,MEDIO,False,False,True,False,,True,False,False,False
2024-01-16,2509.85,2614.04,2498.25,2586.83,2586.83,2294.2888,1907.49985,62.62737383693631,124.25463106109756,98820.86634244,139924.738004856,MANTIENI STATO ATTUALE,MEDIO,False,False,True,False,,True,False,False,False
2024-01-17,2586.46,2592.5,2505.19,2527.94,2527.94,2303.866,1910.5188500000002,58.39693703790506,121.61572884244772,78118.40218361,134436.268491975,MANTIENI STATO ATTUALE,MEDIO,False,False,True,False,,True,False,False,False
2024-01-18,2528.02,2547.67,2423.43,2468.82,2468.82,2312.6602000000003,1913.17665,54.42248779038294,121.80317678227291,128802.61780602,133101.430605417,MANTIENI STATO ATTUALE,MEDIO,False,False,True,False,,True,False,False,False
2024-01-19,2468.82,2502.14,2412.4,2490.13,2490.13,2321.4008000000003,1915.8485,55.59561854252965,119.5129498692534,96947.20379828,134631.5853879195,MANTIENI STATO ATTUALE,MEDIO,False,False,True,False,,True,False,False,False
2024-01-20,2489.98,2489.98,2452.02,2470.44,2470.44,2329.0416,1918.5186,54.207264451092875,113.69845345002103,27547.90442945,131286.3175830445,MANTIENI STATO ATTUALE,MEDIO,False,False,True,False,,True,False,False,False
2024-01-21,2470.51,2480.69,2451.26,2455.52,2455.52,2334.8368,1921.2455000000002,53.124675088837904,107.67927820359095,20818.01056422,129040.42625489351,MANTIENI STATO ATTUALE,MEDIO,False,False,True,False,,True,False,False,False
2024-01-22,2455.09,2464.33,2301.0,2311.34,2311.34,2337.1809999999996,1923.5732,43.983240281049866,111.65432976047731,152916.39516189,129338.375093554,MANTIENI STATO ATTUALE,MEDIO,False,False,True,False,,True,False,True,False
2024-01-23,2311.52,2349.07,2165.01,2240.81,2240.81,2337.1314,1925.4226,40.327518590020276,116.82616334901465,186226.75172366,126706.91902410999,VENDI,BASSO,False,False,True,False,,False,True,False,False
2024-01-24,2241.1,2262.88,2195.32,2234.06,2234.06,2335.9332,1927.2651,39.98498949807512,113.3071516812279,72772.97341402,123352.01239858901,VENDI,BASSO,False,False,True,False,,False,True,False,False
2024-01-25,2234.34,2241.35,2169.47,2217.3,2217.3,2335.6232,1929.03655,39.097027004210965,110.34806941828306,75539.58539235,121970.68476925799,VENDI,BASSO,False,False,True,False,,False,True,False,False
2024-01-26,2217.29,2281.72,2194.88,2267.34,2267.34,2333.8386,1930.97015,43.155948313852484,108.6689216026914,94910.54129622,124547.19779147001,VENDI,BASSO,False,False,True,False,,False,True,False,False
2024-01-27,2267.47,2282.54,2250.9,2268.07,2268.07,2332.0282,1932.9172,43.21540393513413,103.16685577392772,30982.52441099,123865.85145298198,VENDI,BASSO,False,False,True,False,,False,True,False,False
2024-01-28,2268.12,2307.97,2239.3,2256.51,2256.51,2330.3328,1934.8415000000002,42.45806934107024,100.70279464721858,39248.46860701,119616.89183930901,VENDI,BASSO,False,False,True,False,,False,True,False,False
2024-01-29,2256.47,2322.55,2233.15,2317.42,2317.42,2329.6354,1936.39885,47.662548118994565,99.89545217241727,63329.25489388,113769.5677011055,MANTIENI STATO ATTUALE,BASSO,False,False,True,False,,False,False,False,False
2024-01-30,2317.63,2391.91,2296.86,2342.96,2342.96,2332.0134,1938.4191,49.716250213776895,99.54934844581602,96526.62504443,102717.45434487899,MANTIENI STATO ATTUALE,MEDIO,False,False,True,False,,False,False,False,False
2024-01-31,2342.96,2352.17,2262.47,2281.6,2281.6,2333.5986000000003,1940.1676,45.1340092214557,98.84582355682919,85201.8639706,95112.2239521565,VENDI,BASSO,False,False,True,False,,False,True,False,False
2024-02-01,2281.55,2310.97,2239.04,2303.61,2303.61,2334.4570000000003,1942.06875,47.02029911586479,96.92326473134138,62864.78139733,85506.581247389,MANTIENI STATO ATTUALE,BASSO,False,False,True,False,,False,False,False,False
2024-02-02,2303.66,2323.4,2280.43,2308.03,2308.03,2334.2986,1944.0520000000001,47.411306092869815,93.06946010767415,50538.33300083,81950.0883938635,MANTIENI STATO ATTUALE,BASSO,False,False,True,False,,False,False,False,False
2024-02-03,2308.06,2328.42,2292.29,2295.97,2295.97,2335.8118,1946.0432499999997,46.40495599792912,89.00235581426887,17826.99315399,77642.9629096165,MANTIENI STATO ATTUALE,BASSO,False,False,True,False,,False,False,False,False
2024-02-04,2295.97,2309.45,2266.14,2288.82,2288.82,2337.0424,1948.0437,45.784474517206505,85.73861611324966,29623.64332388,75478.186995755,VENDI,BASSO,False,False,True,False,,False,True,False,False
2024-02-05,2288.82,2336.1,2268.0,2298.91,2298.91,2339.1256,1950.0796500000004,46.8642198312026,84.47871496230326,44870.36550212,72780.66195373899,MANTIENI STATO ATTUALE,BASSO,False,False,True,False,,False,False,False,False
2024-02-06,2298.93,2392.65,2295.79,2372.09,2372.09,2342.1931999999997,1952.4805,54.01708555703831,85.3630924649959,102729.57926297,74011.220807707,ACQUISTA,MEDIO,True,False,True,False,standard,True,False,False,False
2024-02-07,2372.09,2446.9,2352.34,2424.55,2424.55,2347.1388,1955.2697999999998,58.34592131648587,86.02001443178192,81310.98318267,71636.6390765395,MANTIENI STATO ATTUALE,MEDIO,True,False,True,False,,True,False,False,False
2024-02-08,2424.71,2462.69,2410.77,2419.78,2419.78,2351.4944,1957.9254500000002,57.812985646326176,83.58429911522607,111654.90807514,72372.0242903825,MANTIENI STATO ATTUALE,MEDIO,True,False,True,False,,True,False,False,False
2024-02-09,2419.78,2524.11,2418.79,2487.84,2487.84,2356.4528000000005,1961.1162,63.005311201758495,85.13684917842421,121261.76511101,77057.7173244605,MANTIENI STATO ATTUALE,MEDIO,True,False,True,False,,True,False,False,False
2024-02-10,2487.87,2518.02,2473.32,2501.08,2501.08,2359.9474,1964.3352,63.935234148610476,82.24850280853677,33777.58281582,77705.69593704051,MANTIENI STATO ATTUALE,MEDIO,False,False,True,False,,True,False,False,False
2024-02-11,2501.08,2540.57,2494.42,2508.11,2508.11,2363.9179999999997,1967.51615,64.4462623561636,79.67003832221272,37979.95085055,71958.8737214735,MANTIENI STATO ATTUALE,MEDIO,False,False,True,False,,True,False,False,False
2024-02-12,2508.49,2666.66,2472.17,2661.03,2661.03,2371.8320000000003,1971.5169,73.3067382557501,87.87146415634037,115679.36286012,68431.5042782965,MANTIENI STATO ATTUALE,ALTO,False,False,True,False,,True,False,False,False
2024-02-13,2661.13,2687.13,2590.41,2641.63,2641.63,2379.234,1975.3548,70.89296188977937,88.50350243088751,128589.09309863,71222.310262527,MANTIENI STATO ATTUALE,ALTO,False,False,True,False,,True,False,False,False
2024-02-14,2641.84,2788.95,2619.36,2777.56,2777.56,2390.167,1979.83905,76.6855919965619,94.29539511439552,110804.3856468,72985.5502752495,MANTIENI STATO ATTUALE,ALTO,False,False,True,False,,True,False,False,False
2024-02-15,2777.37,2868.68,2761.9,2825.94,2825.94,2399.0726,1984.6605000000002,78.33797976076634,95.1871526062244,123679.76881122,74424.01165099951,MANTIENI STATO ATTUALE,ALTO,False,False,True,False,,True,False,False,False
2024-02-16,2825.88,2860.28,2745.48,2803.89,2803.89,2408.2516,1989.3999500000002,75.70446072846124,96.58807027720839,108579.83594863,78303.8772278815,MANTIENI STATO ATTUALE,ALTO,False,False,True,False,,True,False,False,False
2024-02-17,2804.09,2806.8,2719.73,2786.83,2786.83,2418.0008,1993.96965,73.6417269764238,95.90820811455066,50463.18174055,78864.61288455849,MANTIENI STATO ATTUALE,ALTO,False,False,True,False,,True,False,False,False
2024-02-18,2787.12,2896.74,2765.55,2882.06,2882.06,2429.819,1999.18535,77.35145046354364,98.42833610636845,64492.75636679,78922.787958204,MANTIENI STATO ATTUALE,ALTO,False,False,True,False,,True,False,False,False
2024-02-19,2881.91,2985.0,2857.33,2945.43,2945.43,2443.1062,2004.7407999999998,79.42649525074113,100.517026384485,102810.47000218,79236.9802060915,MANTIENI STATO ATTUALE,ALTO,False,False,True,False,,True,False,False,False
2024-02-20,2944.94,3033.53,2873.82,3015.56,3015.56,2456.3622,2010.6821000000002,81.4518138111193,104.74509592845037,162450.24960627,83099.39948787501,MANTIENI STATO ATTUALE,ALTO,False,False,True,False,,True,False,False,False
2024-02-21,3015.53,3017.99,2868.32,2968.37,2968.37,2468.6063999999997,2016.35065,76.0281786233481,107.95401764784674,168311.07685356,88371.7142606865,MANTIENI STATO ATTUALE,ALTO,False,False,True,False,,True,False,False,False
2024-02-22,2968.37,3035.84,2906.13,2969.77,2969.77,2483.792,2022.062,76.07906839953034,109.50801638728626,159019.68302075,93795.7817616825,MANTIENI STATO ATTUALE,ALTO,False,False,True,False,,True,False,False,False
2024-02-23,2969.75,2991.94,2905.71,2921.79,2921.79,2496.8384,2027.5364500000003,70.55128133918623,107.84530093105154,95313.32394229,97670.09830109749,MANTIENI STATO ATTUALE,ALTO,False,False,True,False,,True,False,False,False
2024-02-24,2921.76,3005.28,2906.2,2992.66,2992.66,2511.2846,2033.2212,73.60226357947039,107.21920800740503,46828.0872104,98530.3204954235,MANTIENI STATO ATTUALE,ALTO,False,False,True,False,,True,False,False,False
2024-02-25,2992.41,3121.04,2983.45,3113.17,3113.17,2528.7106,2039.5166,77.8118522576981,109.3885502925904,86028.2084838,100588.2126445075,MANTIENI STATO ATTUALE,ALTO,False,False,True,False,,True,False,False,False
2024-02-26,3113.37,3198.77,3036.62,3178.34,3178.34,2547.8235999999997,2046.1564,79.6973857677963,113.15722527169109,149112.056773,102907.336520009,MANTIENI STATO ATTUALE,ALTO,False,False,True,False,,True,False,False,False
2024-02-27,3178.28,3291.36,3167.8,3243.84,3243.84,2566.0502,2053.1418,81.40751491931147,113.90028060942744,144336.78996453,106058.626859102,MANTIENI STATO ATTUALE,ALTO,False,False,True,False,,True,False,False,False
2024-02-28,3244.35,3492.31,3185.0,3386.64,3386.64,2586.8844,2060.82955,84.47734621630484,127.71526056589691,231321.85685237,112041.9742979635,MANTIENI STATO ATTUALE,ALTO,False,False,True,False,,True,False,False,False
2024-02-29,3386.64,3521.99,3302.1,3341.78,3341.78,2602.0246,2068.34355,80.0081732057729,134.29917052547572,184874.52035185,115222.6120600055,MANTIENI STATO ATTUALE,ALTO,False,False,True,False,,True,False,False,False
2024-03-01,3341.78,3454.95,3340.15,3436.0,3436.0,2618.3784,2076.3035,82.14476251031118,132.90637263079887,108273.12334217,118947.389086323,MANTIENI STATO ATTUALE,ALTO,False,False,True,False,,True,False,False,False
2024-03-02,3436.37,3462.0,3398.14,3424.04,3424.04,2636.4186,2084.28775,80.96193286550276,127.9744888714561,59797.37297303,120038.260192447,MANTIENI STATO ATTUALE,ALTO,False,False,True,False,,True,False,False,False
2024-03-03,3423.77,3493.78,3363.59,3489.53,3489.53,2654.6468,2092.7078500000002,82.45197661756563,128.1327396663521,65187.6206346,117513.673081171,MANTIENI STATO ATTUALE,ALTO,False,False,True,False,,True,False,False,False
2024-03-04,3489.95,3650.0,3430.0,3633.23,3633.23,2677.8982,2102.4669,85.19085428208992,134.69468683304126,152726.49937298,118720.54339488849,MANTIENI STATO ATTUALE,ALTO,False,False,True,False,,True,False,False,False
2024-03-05,3632.92,3829.93,3205.0,3557.41,3557.41,2698.8476,2111.9469499999996,78.25106355508046,169.71149491639545,365410.47754845,131450.847989971,MANTIENI STATO ATTUALE,ALTO,False,False,True,False,,True,False,False,False
2024-03-06,3557.42,3903.42,3502.0,3821.82,3821.82,2723.5474,2122.7078,83.3461075290309,186.2621024223672,219365.56854364,136235.137976592,MANTIENI STATO ATTUALE,ALTO,False,False,True,False,,True,False,False,False
2024-03-07,3822.1,3941.57,3736.5,3875.28,3875.28,2750.4942000000005,2133.65725,84.15437490625666,187.60552367791243,137053.14296446,137658.8033273835,MANTIENI STATO ATTUALE,ALTO,False,False,True,False,,True,False,False,False
2024-03-08,3875.42,4000.0,3826.37,3892.6,3892.6,2778.9698,2144.7842499999997,84.4182265454703,186.607271986633,165705.35869307,143420.9121750095,MANTIENI STATO ATTUALE,ALTO,False,False,True,False,,True,False,False,False
2024-03-09,3892.62,3951.37,3880.0,3913.55,3913.55,2807.4382,2156.18035,84.74902901134729,178.37603827330207,62180.56431897,143305.3025726185,MANTIENI STATO ATTUALE,ALTO,False,False,True,False,,True,False,False,False
2024-03-10,3913.84,3972.17,3800.01,3881.96,3881.96,2835.6686,2167.19405,81.92468926875853,177.9320355394948,84572.21007878,142393.3895764485,MANTIENI STATO ATTUALE,ALTO,False,False,True,False,,True,False,False,False
2024-03-11,3882.48,4091.67,3730.72,4066.21,4066.21,2867.8824,2179.2233,85.0534104873754,191.00474728667376,189041.07032596,143722.930612433,MANTIENI STATO ATTUALE,ALTO,False,False,True,False,,True,False,False,False
2024-03-12,4066.95,4093.88,3828.83,3980.34,3980.34,2901.2624,2190.86125,78.2549358013801,196.29369390905424,174639.81824993,144039.3676822515,MANTIENI STATO ATTUALE,ALTO,False,False,True,False,,True,False,False,False
2024-03-13,3980.31,4085.57,3934.52,4007.7,4007.7,2936.6002000000003,2202.6685,78.83541781165339,193.06200148697897,133886.82772964,142782.724917696,MANTIENI STATO ATTUALE,ALTO,False,False,True,False,,True,False,False,False
2024-03-14,4007.79,4013.25,3714.53,3880.45,3880.45,2969.5280000000002,2213.7832,69.53772996567412,200.6090013807662,190612.34558486,147547.6759998245,MANTIENI STATO ATTUALE,ALTO,False,False,True,False,,True,False,False,False
2024-03-15,3880.45,3932.39,3566.38,3742.95,3742.95,3000.0409999999997,2224.2382500000003,61.146004590094684,212.42335842499716,252124.79920745,157812.511599677,MANTIENI STATO ATTUALE,ALTO,False,False,True,False,,True,False,False,False
2024-03-16,3743.29,3781.4,3466.55,3520.1,3520.1,3025.0962,2233.1920499999997,50.5074865542185,219.73954710892593,116692.68177422,159345.73526419798,MANTIENI STATO ATTUALE,ALTO,False,False,True,False,,True,False,True,False
2024-03-17,3520.24,3676.76,3410.78,3641.02,3641.02,3052.5552,2242.8698,55.07491870608851,223.04243660114554,109583.54224228,157369.309537662,MANTIENI STATO ATTUALE,ALTO,False,False,True,False,,True,False,True,False
2024-03-18,3641.51,3642.56,3454.3,3520.66,3520.66,3077.8382,2252.2452,50.117135215825364,220.55797684392084,119847.05230624,156144.8226547475,MANTIENI STATO ATTUALE,ALTO,False,False,True,False,,True,False,True,False
2024-03-19,3520.52,3547.97,3147.81,3156.97,3156.97,3094.6292,2259.8877500000003,38.762375654615404,233.38669278364077,257986.0718834,157478.033406299,MANTIENI STATO ATTUALE,MEDIO,False,False,True,False,,True,False,True,False
2024-03-20,3156.94,3536.72,3057.5,3516.68,3516.68,3118.1036,2269.2870000000003,50.667427745026814,250.94621472766642,324768.03382929,164472.70908017101,VENDI,ALTO,False,False,True,False,,False,False,True,True
2024-03-21,3517.02,3586.59,3410.45,3491.78,3491.78,3142.3071999999997,2278.5675,49.94361790318183,245.60291367569027,148636.00452543,166490.853139334,MANTIENI STATO ATTUALE,ALTO,False,False,True,False,,False,False,False,False
2024-03-22,3491.78,3542.56,3250.33,3337.41,3337.41,3162.9832,2287.1058000000003,45.59491006628066,248.9334198417124,163488.1093582,171675.3899585925,MANTIENI STATO ATTUALE,ALTO,False,False,True,False,,False,False,False,False
2024-03-23,3337.38,3436.39,3271.47,3330.05,3330.05,3183.4236000000005,2295.5868,45.39197415946158,242.9324612815901,94959.72106776,173163.99498025049,MANTIENI STATO ATTUALE,ALTO,False,False,True,False,,False,False,False,False
2024-03-24,3330.28,3471.22,3300.0,3454.67,3454.67,3206.5976,2304.69975,49.49122054954406,237.81014261861938,60606.08564157,168557.97429368,MANTIENI STATO ATTUALE,ALTO,False,False,True,False,,False,False,False,False
2024-03-25,3454.88,3661.7,3418.61,3591.02,3591.02,3232.6416000000004,2314.4176500000003,53.595697962300314,238.18727528871796,119411.57116768,156258.02897464152,MANTIENI STATO ATTUALE,ALTO,False,False,True,False,,False,False,False,False
2024-03-26,3590.61,3681.9,3544.0,3587.67,3587.67,3258.4168,2324.1763,53.48070732343916,231.02389848238096,97999.11894572,150189.7064947455,MANTIENI STATO ATTUALE,ALTO,False,False,True,False,,False,False,False,False
2024-03-27,3587.5,3665.95,3458.0,3499.56,3499.56,3280.9662,2333.4984,50.41681805096245,229.37576287649662,113287.84057127,149001.44137508603,MANTIENI STATO ATTUALE,ALTO,False,False,True,False,,False,False,False,False
2024-03-28,3499.62,3612.3,3462.44,3561.1,3561.1,3303.6971999999996,2343.22065,52.465171190106076,223.69606552817547,82506.6359203,144841.5052364475,MANTIENI STATO ATTUALE,ALTO,False,False,True,False,,False,False,False,False
2024-03-29,3561.12,3584.9,3473.42,3511.08,3511.08,3325.5232,2353.01925,50.63418470614489,215.68063227616292,60142.83951755,144739.6189963765,MANTIENI STATO ATTUALE,ALTO,False,False,True,False,,False,False,False,False
2024-03-30,3511.21,3568.13,3488.08,3507.51,3507.51,3345.9165999999996,2362.59145,50.49872700945157,205.99272997072273,49286.0694304,142975.3119639575,MANTIENI STATO ATTUALE,ALTO,False,False,True,False,,False,False,False,False
2024-03-31,3507.31,3654.87,3505.76,3645.48,3645.48,3368.8046000000004,2372.77855,55.45813044349265,201.9296778299568,53825.13202391,136214.515048855,MANTIENI STATO ATTUALE,ALTO,False,False,True,False,,False,False,False,False
2024-04-01,3645.55,3646.38,3413.86,3505.85,3505.85,3388.7594,2382.1719,49.99866369565791,204.11470084210274,97053.82915967,132335.215594342,MANTIENI STATO ATTUALE,ALTO,False,False,True,False,,False,False,False,False
2024-04-02,3505.95,3507.69,3211.41,3279.64,3279.64,3401.1315999999997,2390.36265,42.669991426330306,210.69793649623827,148814.96574824,133081.622495272,VENDI,MEDIO,False,False,True,False,,False,True,False,False
2024-04-03,3279.71,3369.43,3202.8,3312.43,3312.43,3414.5475999999994,2398.75045,43.95243409841744,207.55022674650692,99323.0886667,128517.15964936402,VENDI,MEDIO,False,False,True,False,,False,True,False,False
2024-04-04,3312.42,3444.95,3251.91,3329.39,3329.39,3425.5842,2407.28325,44.64220340284361,206.5137819788993,108312.21150232,121326.53026410748,VENDI,MEDIO,False,False,True,False,,False,True,False,False
2024-04-05,3329.41,3348.33,3210.99,3319.26,3319.26,3435.4506,2415.69485,44.291583475482284,201.57279755183507,82464.50869563,119615.121610178,VENDI,MEDIO,False,False,True,False,,False,True,False,False
2024-04-06,3319.1,3398.8,3308.7,3352.66,3352.66,3446.426,2424.24105,45.80301272935589,193.61045486956115,35789.96297357,115925.44264674252,VENDI,MEDIO,False,False,True,False,,False,True,False,False
2024-04-07,3352.87,3459.52,3345.36,3453.67,3453.67,3459.7627999999995,2433.39805,50.20319881231319,187.9354223788782,40642.58459362,111965.2192611115,MANTIENI STATO ATTUALE,ALTO,False,False,True,False,,False,False,False,False
2024-04-08,3453.69,3729.16,3406.93,3694.56,3694.56,3476.0127999999995,2443.9515499999998,58.795011148580826,197.52789220895835,117580.32397415,104944.93186564899,ACQUISTA,ALTO,True,False,True,False,standard,True,False,False,False
2024-04-09,3694.26,3726.79,3450.6,3504.58,3504.58,3487.1958,2453.5092999999997,51.28036946204765,203.14661419403276,104295.66540925,93921.313444647,MANTIENI STATO ATTUALE,ALTO,True,False,True,False,,True,False,False,False
2024-04-10,3504.24,3562.51,3411.59,3546.0,3546.0,3497.8046000000004,2463.27005,52.69981119320966,199.41614175160186,83472.76785832,90663.1516112915,MANTIENI STATO ATTUALE,ALTO,False,False,True,False,,True,False,False,False
2024-04-11,3546.07,3617.97,3473.6,3503.06,3503.06,3508.4984000000004,2472.88215,51.03962170857533,195.4842744836303,73843.06830002,86180.89955838249,MANTIENI STATO ATTUALE,ALTO,False,False,True,False,,True,False,False,False
2024-04-12,3503.06,3553.03,3100.0,3239.31,3239.31,3513.8892000000005,2481.1399499999998,42.23792690622368,213.88039773479957,158974.418562,89381.6344330945,VENDI,MEDIO,False,False,True,False,,False,True,False,False
2024-04-13,3238.98,3302.32,2850.0,3011.39,3011.39,3515.6812,2488.2319,36.396799187628154,230.9117978965996,241260.34609045,98414.3474555385,VENDI,MEDIO,False,False,True,False,,False,True,False,False
2024-04-14,3012.01,3175.72,2911.23,3158.06,3158.06,3518.9892,2496.03395,41.95930235378174,233.31024090398532,160742.93293593,100480.915543951,VENDI,MEDIO,False,False,True,False,,False,True,False,False
2024-04-15,3158.2,3281.21,3025.0,3103.13,3103.13,3518.7883999999995,2503.2849,40.52969229185029,234.94593798227208,129021.87609399,102032.05340136451,VENDI,MEDIO,False,False,True,False,,False,True,False,False
2024-04-16,3103.4,3128.28,2990.0,3085.25,3085.25,3516.9266,2510.3751,40.05133877210536,228.04122812639554,117411.00495166,102238.211620384,VENDI,MEDIO,False,False,True,False,,False,True,False,False
2024-04-17,3085.41,3124.03,2914.01,2984.98,2984.98,3511.7494,2516.9458,37.38645576679285,226.75399754593872,122585.77561348,104242.168605043,VENDI,BASSO,False,False,True,False,,False,True,False,False
2024-04-18,2984.9,3100.8,2952.53,3065.82,3065.82,3505.3330000000005,2523.6079,40.80607849702385,221.14799772122882,91513.42190694,105810.6977245125,VENDI,MEDIO,False,False,True,False,,False,True,False,False
2024-04-19,3065.8,3128.99,2865.71,3057.93,3057.93,3499.6560000000004,2530.5844500000003,40.57317058813676,224.15742645542673,126465.06248187,109669.64737708599,VENDI,MEDIO,False,False,True,False,,False,True,False,False
2024-04-20,3057.9,3172.3,3019.11,3157.01,3157.01,3494.0762,2538.08495,44.83154528861077,219.08832456575342,42703.49658553,109113.565605167,VENDI,MEDIO,False,False,True,False,,False,True,False,False
2024-04-21,3156.62,3198.46,3117.46,3148.1,3148.1,3488.5573999999997,2545.59255,44.52257411115102,209.22487281105674,34111.84839622,105966.46656699451,VENDI,MEDIO,False,False,True,False,,False,True,False,False
2024-04-22,3148.06,3237.41,3129.68,3201.46,3201.46,3482.7960000000003,2553.5417,46.88352162819122,201.9752390388384,70530.52584425,102052.244571795,VENDI,MEDIO,False,False,True,False,,False,True,False,False
2024-04-23,3201.67,3266.4,3153.41,3219.49,3219.49,3474.5212,2561.4094,47.693530963422596,195.61915053606424,69940.4136472,100583.11082082,VENDI,MEDIO,False,False,True,False,,False,True,False,False
2024-04-24,3219.42,3293.4,3102.62,3138.91,3138.91,3466.1512,2568.9307,44.432340519990916,195.2734969263454,88784.32655222,99606.716573315,VENDI,MEDIO,False,False,True,False,,False,True,False,False
2024-04-25,3139.27,3191.94,3071.79,3155.36,3155.36,3452.822,2576.5386000000003,45.255306786111625,189.90753286017787,95350.39968519,100251.011122793,VENDI,MEDIO,False,False,True,False,,False,True,False,False
2024-04-26,3155.27,3166.66,3101.01,3130.0,3130.0,3437.9163999999996,2584.28795,44.16926110370699,181.03199479873658,69330.93637665,101928.059792947,VENDI,MEDIO,False,False,True,False,,False,True,False,False
2024-04-27,3130.04,3281.92,3067.27,3253.04,3253.04,3425.1252000000004,2592.715,50.389842058370554,183.43328088454112,65631.20199995,103177.49066326351,VENDI,MEDIO,False,False,True,False,,False,True,False,False
2024-04-28,3253.04,3356.31,3239.72,3262.6,3262.6,3412.1062,2601.1956999999998,50.84808341386775,178.6587608213596,66716.10732189,100634.27983065051,VENDI,MEDIO,False,False,True,False,,False,True,False,False
2024-04-29,3262.99,3287.15,3114.56,3215.53,3215.53,3398.7776,2609.5771,48.473960678962314,178.2252779055482,85704.21545809,99704.70733309249,VENDI,MEDIO,False,False,True,False,,False,True,False,False
2024-04-30,3215.89,3249.66,2916.34,3011.4,3011.4,3377.6814,2616.8739,39.7960386521734,189.3034723408662,122376.47890903,101649.89288562801,VENDI,BASSO,False,False,True,False,,False,True,False,False
2024-05-01,3011.24,3020.26,2814.12,2968.12,2968.12,3357.437,2623.9401500000004,38.23320400274327,190.5060814593758,148775.73927121,105396.5264341875,VENDI,BASSO,False,False,True,False,,False,True,False,False
2024-05-02,2968.18,3016.07,2890.28,2986.32,2986.32,3337.0094,2631.0816999999997,39.31250167856864,185.8835042122775,74253.44635959,101160.477824067,VENDI,BASSO,False,False,True,False,,False,True,False,False
2024-05-03,2986.12,3128.04,2958.55,3103.27,3103.27,3321.4657999999995,2638.59795,45.85922729342244,184.71253962568625,82328.62907159,93213.891973124,VENDI,BASSO,False,False,True,False,,False,True,False,False
2024-05-04,3104.11,3167.85,3093.87,3117.41,3117.41,3308.955,2646.3588,46.609165499598205,176.8030725095658,37445.2105609,87049.0058543725,VENDI,BASSO,False,False,True,False,,False,True,False,False
2024-05-05,3117.52,3171.64,3073.7,3136.95,3136.95,3301.292,2654.2251999999994,47.68753123317266,171.16999590173967,38526.42777835,82524.2334385905,VENDI,BASSO,False,False,True,False,,False,True,False,False
2024-05-06,3136.77,3221.41,3045.59,3062.69,3062.69,3289.7254000000003,2661.70125,44.046488855681986,171.5021390516154,79596.65949657,80633.516165836,VENDI,BASSO,False,False,True,False,,False,True,False,False
2024-05-07,3062.69,3129.9,3000.0,3005.78,3005.78,3279.4278000000004,2668.7053499999997,41.43546163379237,168.53055769078574,62108.80446702,77609.667608513,VENDI,BASSO,False,False,True,False,,False,True,False,False
2024-05-08,3006.09,3038.17,2937.09,2972.82,2972.82,3275.7448,2675.4225500000002,39.95809534539287,163.7126607128725,52553.55510881,75661.6742686065,VENDI,BASSO,False,False,True,False,,False,True,False,False
2024-05-09,2972.81,3058.43,2949.52,3035.92,3035.92,3266.1296,2682.28,44.06951165137689,159.7981849476673,56610.30197974,72168.93624350001,VENDI,BASSO,False,False,True,False,,False,True,False,False
2024-05-10,3035.92,3053.53,2878.38,2909.43,2909.43,3254.4826000000003,2687.9958,38.393921997170814,160.89474316569107,79016.14737388,73984.5687829175,VENDI,BASSO,False,False,True,False,,False,True,False,False
2024-05-11,2909.38,2943.64,2885.8,2911.75,2911.75,3245.9694,2693.62815,38.55024015057439,153.5336900824274,26841.15468691,73621.034097452,VENDI,BASSO,False,False,True,False,,False,True,False,False
2024-05-12,2911.77,2954.16,2900.59,2927.75,2927.75,3237.9233999999997,2699.329,39.6868580447356,146.39342650511114,23851.53354001,71287.08448224,VENDI,BASSO,False,False,True,False,,False,True,False,False
2024-05-13,2927.72,2994.74,2864.35,2950.21,2950.21,3227.8342000000002,2705.0622,41.32746153092381,145.25032461188889,81949.54698641,71887.54114920051,VENDI,BASSO,False,False,True,False,,False,True,False,False
2024-05-14,2950.09,2988.0,2858.76,2880.4,2880.4,3213.6218,2710.5651500000004,37.87858247901417,144.10672999675396,84843.49382255,71690.499512717,VENDI,BASSO,False,False,True,False,,False,True,False,False
2024-05-15,2880.39,3041.53,2862.36,3033.2,3033.2,3202.5324,2716.84875,48.08989446849155,146.6112492827001,102425.75517286,72044.2672871005,VENDI,BASSO,True,False,True,False,,False,True,False,False
2024-05-16,3033.23,3041.71,2923.73,2945.11,2945.11,3191.4434,2722.5956,43.63662215503256,144.56616004822152,79847.19015756,72570.07997614601,VENDI,BASSO,False,False,True,False,,False,True,False,False
2024-05-17,2944.86,3122.08,2932.68,3093.39,3093.39,3182.0892,2729.0141000000003,51.738199770051985,147.7685771876343,80378.06214215,73307.42298325601,VENDI,BASSO,True,False,True,False,,False,True,False,False
2024-05-18,3093.2,3148.0,3085.07,3123.99,3123.99,3174.3474,2735.5583500000002,53.23217464360054,141.70867881708898,35887.59340775,71765.99728754899,MANTIENI STATO ATTUALE,BASSO,False,False,True,False,,False,False,False,False
2024-05-19,3123.76,3137.64,3053.74,3070.9,3070.9,3165.6152,2741.67415,50.321654118683696,137.57948747301123,36279.72976482,69294.7730028855,VENDI,BASSO,False,False,True,False,,False,True,False,False
2024-05-20,3070.83,3695.0,3048.58,3661.52,3661.52,3165.9359999999997,2750.9751999999994,69.98383724837524,173.92523836779614,280881.20562155,77220.00933851149,MANTIENI STATO ATTUALE,MEDIO,False,False,True,False,,False,False,False,False
2024-05-21,3661.51,3841.24,3625.58,3789.37,3789.37,3171.6063999999997,2760.7532499999998,72.51936645282147,176.9062927700964,253191.48042776,82440.796396339,MANTIENI STATO ATTUALE,ALTO,False,False,True,False,,False,False,False,False
2024-05-22,3789.41,3813.25,3653.11,3735.99,3735.99,3180.7334,2770.1470499999996,69.86573740025725,175.7087004293752,152993.45828385,86377.796992552,MANTIENI STATO ATTUALE,MEDIO,False,False,True,False,,False,False,False,False
2024-05-23,3736.02,3947.0,3521.24,3780.83,3780.83,3190.1014,2779.5854000000004,70.83128831055272,193.5695075415627,309961.25314343,97759.42819614398,MANTIENI STATO ATTUALE,ALTO,False,False,True,False,,False,False,False,False
2024-05-24,3780.42,3827.99,3627.53,3726.89,3726.89,3198.0514000000003,2788.7114500000002,68.00831579132276,194.0616855743082,112184.8378011,101496.409558154,MANTIENI STATO ATTUALE,MEDIO,False,False,True,False,,False,False,False,False
2024-05-25,3726.87,3777.78,3707.41,3749.06,3749.06,3206.6474,2798.0271,68.56289488166637,185.22656517614337,33301.97878165,101235.18710831899,MANTIENI STATO ATTUALE,MEDIO,False,False,True,False,,False,False,False,False
2024-05-26,3749.23,3882.82,3731.03,3823.83,3823.83,3216.0708,2807.7020500000003,70.4249730439307,182.8382390921331,57883.65812154,100149.5370395675,MANTIENI STATO ATTUALE,ALTO,False,False,True,False,,False,False,False,False
2024-05-27,3823.55,3973.9,3821.01,3890.72,3890.72,3224.8118,2816.5491500000003,72.02157661458182,180.69907915698073,71151.44619506,100601.66912596949,MANTIENI STATO ATTUALE,ALTO,False,False,True,False,,False,False,False,False
2024-05-28,3890.72,3926.6,3769.47,3839.98,3839.98,3227.7202,2825.3562,68.97952823131608,179.01557350291068,100613.04720901,103004.6437309795,MANTIENI STATO ATTUALE,MEDIO,False,False,True,False,,False,False,False,False
2024-05-29,3840.18,3884.24,3740.75,3762.11,3762.11,3232.8707999999997,2833.8976000000002,64.47839268913029,176.47803253841704,108846.32940744,105616.4451023645,ACQUISTA,MEDIO,True,False,True,False,standard,True,False,False,False
2024-05-30,3762.07,3824.07,3700.4,3746.74,3746.74,3236.8856,2842.401,63.596284225585755,172.7060302142444,96742.8620579,106502.7808365655,MANTIENI STATO ATTUALE,MEDIO,False,False,True,False,,True,False,False,False
2024-05-31,3746.64,3846.0,3720.52,3758.44,3758.44,3241.9931999999994,2850.9232500000003,64.0000287244491,169.33274234179837,83743.90660225,109347.91843233249,MANTIENI STATO ATTUALE,MEDIO,False,False,True,False,,True,False,False,False
2024-06-01,3758.44,3829.99,3748.31,3812.48,3812.48,3253.4565999999995,2860.0876000000003,65.88218744350152,163.07183217452703,33739.89750423,109842.33663054349,MANTIENI STATO ATTUALE,MEDIO,False,False,True,False,,True,False,False,False
2024-06-02,3812.49,3835.0,3750.59,3778.88,3778.88,3268.8064,2868.6851,63.65381813107409,157.4531298763465,44725.20926266,107981.119744356,MANTIENI STATO ATTUALE,MEDIO,False,False,True,False,,True,False,False,False
2024-06-03,3778.88,3850.06,3757.32,3766.09,3766.09,3280.967,2877.70675,62.783297177992736,152.83076345660746,66419.59243831,107059.924675144,MANTIENI STATO ATTUALE,MEDIO,False,False,True,False,,True,False,False,False
2024-06-04,3766.12,3832.56,3730.56,3810.29,3810.29,3295.1102,2886.9503500000005,64.58577101340853,149.19999463827835,57771.03645715,104827.1887393585,MANTIENI STATO ATTUALE,MEDIO,False,False,True,False,,True,False,False,False
2024-06-05,3810.24,3888.9,3777.25,3866.57,3866.57,3310.7366,2896.4644,66.79123658035309,146.51785216411562,67943.79281961,104232.01887246099,MANTIENI STATO ATTUALE,MEDIO,False,False,True,False,,True,False,False,False
2024-06-06,3866.42,3879.15,3758.19,3812.09,3812.09,3327.2788,2905.4633999999996,62.719384684795344,144.69229129525024,53756.6117727,102900.94635398849,MANTIENI STATO ATTUALE,MEDIO,False,False,True,False,,True,False,False,False
2024-06-07,3812.04,3839.71,3575.23,3676.35,3676.35,3339.4893999999995,2913.7324000000003,53.90212197407609,153.24855620273237,110370.11489481,106625.07242834149,MANTIENI STATO ATTUALE,MEDIO,False,False,True,False,,True,False,False,False
2024-06-08,3676.31,3707.99,3658.0,3680.84,3680.84,3351.9476,2922.46935,54.13182495570657,145.87294504539435,28751.32754441,106248.652317321,MANTIENI STATO ATTUALE,MEDIO,False,False,True,False,,True,False,False,False
2024-06-09,3680.89,3721.16,3666.2,3706.27,3706.27,3362.9328000000005,2930.6810000000005,55.48476657163939,139.3791632564376,19656.41005708,93187.41253909751,MANTIENI STATO ATTUALE,MEDIO,False,False,True,False,,True,False,False,False
2024-06-10,3706.4,3712.6,3643.02,3665.86,3665.86,3373.288,2938.6964000000003,52.81863287343805,134.39350873812063,43724.86169828,82714.08160262348,MANTIENI STATO ATTUALE,MEDIO,False,False,True,False,,True,False,False,False
2024-06-11,3665.86,3671.47,3381.0,3497.31,3497.31,3379.205,2945.7699,43.442077251771735,145.54182954254057,137575.16363517,81943.16687018951,VENDI,BASSO,False,False,True,False,,False,False,True,True
2024-06-12,3497.27,3657.05,3461.52,3559.14,3559.14,3385.998,2953.1455,47.14860938942789,149.11241314664485,98483.84286884,71369.29635645999,MANTIENI STATO ATTUALE,MEDIO,False,False,True,False,,False,False,False,False
2024-06-13,3559.14,3560.6,3425.87,3467.65,3467.65,3392.5728,2960.1683000000003,42.69037075856946,148.0850979218845,108846.17560996,71202.363246903,MANTIENI STATO ATTUALE,BASSO,False,False,True,False,,False,False,False,False
2024-06-14,3467.9,3529.83,3360.62,3479.53,3479.53,3399.0562,2967.4285999999997,43.4382725675871,149.59401949889278,102617.12125958,74668.1203707995,MANTIENI STATO ATTUALE,BASSO,False,False,True,False,,False,False,False,False
2024-06-15,3479.53,3591.87,3470.96,3566.69,3566.69,3407.79,2975.0166499999996,48.72523393291881,147.54516096325756,56700.50673905,74608.96280167499,MANTIENI STATO ATTUALE,BASSO,False,False,True,False,,False,False,False,False
2024-06-16,3566.82,3651.51,3538.74,3622.1,3622.1,3415.1711999999998,2982.9816000000005,51.80915748164575,145.0612208944535,44147.59671264,73258.770327554,MANTIENI STATO ATTUALE,MEDIO,False,False,True,False,,False,False,False,False
2024-06-17,3622.53,3640.0,3463.38,3509.55,3509.55,3420.1101999999996,2990.2638500000003,45.78538183256015,147.31541940199256,111781.88622712,73817.2122784595,MANTIENI STATO ATTUALE,BASSO,False,False,True,False,,False,False,False,False
2024-06-18,3509.81,3515.87,3351.0,3482.06,3482.06,3425.4408000000003,2997.2321500000003,44.42669250374422,148.56931801613595,129044.70825538,74827.13122085649,MANTIENI STATO ATTUALE,BASSO,False,False,True,False,,False,False,False,False
2024-06-19,3482.07,3585.77,3464.44,3559.14,3559.14,3436.3956,3004.19905,48.99695436297011,146.6236524435548,103693.89596402,75174.6829161625,MANTIENI STATO ATTUALE,BASSO,False,False,True,False,,False,False,False,False
2024-06-20,3559.24,3624.28,3483.5,3510.73,3510.73,3447.2478,3010.7820500000003,46.41521010383065,146.2062486975866,108383.66568546,76406.670870323,ACQUISTA,BASSO,True,False,True,False,standard,True,False,False,False
2024-06-21,3510.73,3545.99,3444.7,3517.19,3517.19,3457.8652,3017.1515499999996,46.817919328528774,142.99794521918756,103321.37276566,79885.7446333945,MANTIENI STATO ATTUALE,BASSO,True,False,True,False,,True,False,False,False
2024-06-22,3517.18,3520.03,3473.78,3494.09,3494.09,3465.6816000000003,3023.15215,45.50107084285374,136.0873777035313,30077.22258147,79153.345299335,MANTIENI STATO ATTUALE,BASSO,False,False,True,False,,True,False,False,False
2024-06-23,3494.09,3519.79,3405.07,3418.42,3418.42,3471.7018,3029.0802500000004,41.393782001620345,134.56113643899334,43942.98809967,78029.515082403,MANTIENI STATO ATTUALE,BASSO,False,False,True,False,,True,False,False,False
2024-06-24,3418.42,3432.5,3233.75,3350.59,3350.59,3475.9745999999996,3034.0503499999995,38.075860400086185,139.14605526477953,171526.13894959,83717.270207025,VENDI,BASSO,False,False,True,False,,False,True,False,False
2024-06-25,3350.6,3430.6,3334.79,3393.6,3393.6,3482.5928,3039.2254000000003,41.28937322477354,136.05062274586672,105747.82411729,85607.47177190901,VENDI,BASSO,False,False,True,False,,False,True,False,False
2024-06-26,3393.59,3425.44,3323.0,3369.31,3369.31,3489.8633999999997,3044.36555,40.0260751945553,133.6498639783048,82891.50854776,87064.21661066201,VENDI,BASSO,False,False,True,False,,False,True,False,False
2024-06-27,3369.76,3474.12,3359.23,3445.58,3445.58,3499.3186000000005,3049.8319999999994,45.64927816788365,132.30987369414018,76984.49380219,85394.93555603099,MANTIENI STATO ATTUALE,BASSO,False,False,True,False,,False,False,False,False
2024-06-28,3445.57,3484.72,3360.01,3373.62,3373.62,3506.0726,3055.5798,41.678668322266695,131.76702557313016,102502.65124597,89082.501741109,VENDI,BASSO,False,False,True,False,,False,True,False,False
2024-06-29,3373.75,3403.09,3366.21,3373.26,3373.26,3515.3492000000006,3061.4344,41.6591460801955,124.98938088933515,24185.37815898,89308.950146204,VENDI,BASSO,False,False,True,False,,False,True,False,False
2024-06-30,3373.34,3453.93,3347.21,3432.37,3432.37,3525.7616000000003,3067.2927999999997,46.12159949625118,123.68442511152548,33619.80014887,88803.6970687335,VENDI,BASSO,False,False,True,False,,False,True,False,False
2024-07-01,3432.37,3518.85,3420.5,3438.59,3438.59,3535.9784000000004,3072.9060000000004,46.58460004665724,121.87482331784508,61636.24032048,85006.750902999,VENDI,BASSO,False,False,True,False,,False,True,False,False
2024-07-02,3438.59,3460.56,3396.76,3416.17,3416.17,3545.2975999999994,3078.8853,45.08080589616735,117.7266216522847,43494.06793371,82257.26215624249,VENDI,BASSO,False,False,True,False,,False,True,False,False
2024-07-03,3416.17,3427.04,3248.0,3291.73,3291.73,3553.5242,3084.2075,37.789205516422015,122.10614867712152,87308.24050746,81180.36540111751,VENDI,BASSO,False,False,True,False,,False,True,False,False
2024-07-04,3291.88,3309.58,3050.0,3058.89,3058.89,3554.0380000000005,3088.5281999999993,28.50032669145608,131.92570948589855,128764.42789612,82487.7307329445,VENDI,MEDIO,False,False,True,False,,False,True,False,False
2024-07-05,3059.08,3108.7,2809.41,2981.74,2981.74,3554.7706,3092.3433499999996,26.202091267862784,143.88030166547722,246354.98758317,91970.4547751505,VENDI,MEDIO,False,False,True,False,,False,True,False,False
2024-07-06,2981.74,3082.05,2955.67,3067.39,3067.39,3554.2506,3096.7939499999998,32.691303476663975,142.63028011794316,53153.51902767,92420.75089090201,VENDI,MEDIO,False,False,True,False,,False,True,False,False
2024-07-07,3067.38,3073.49,2921.13,2930.78,2930.78,3550.3863999999994,3100.43785,28.401572001432186,143.32526010951864,43012.58338564,88982.285748828,VENDI,MEDIO,False,False,True,False,,False,True,False,False
2024-07-08,2930.78,3095.94,2822.64,3018.48,3018.48,3549.3379999999997,3104.33065,34.356686934256075,152.6091701016959,142216.07981425,89640.8543267715,VENDI,MEDIO,False,False,True,False,,False,True,False,False
2024-07-09,3018.47,3113.5,3003.55,3066.51,3066.51,3537.4378,3108.0314499999995,37.42624972606162,149.56208652300333,59915.93941771,87451.956499456,VENDI,MEDIO,False,False,True,False,,False,True,False,False
2024-07-10,3066.35,3150.72,3023.8,3100.3,3100.3,3523.6564000000003,3111.9850500000002,39.567259297271825,147.94479462850308,67608.08879775,85413.17765507051,VENDI,MEDIO,False,False,True,False,,False,True,False,False
2024-07-11,3100.35,3220.48,3055.0,3099.29,3099.29,3510.9224,3116.15485,39.52372794176096,149.1973092978957,77797.90457066,84137.0042453205,VENDI,MEDIO,False,False,True,False,,False,True,False,False
2024-07-12,3099.35,3158.3,3045.8,3135.05,3135.05,3498.0068,3120.4724499999998,41.95853960092026,146.5760729194746,49238.51060916,85095.06864670501,VENDI,BASSO,False,False,True,False,,False,True,False,False
2024-07-13,3134.84,3203.05,3114.15,3176.71,3176.71,3487.0032,3125.2014499999996,44.749312432693436,142.4563534252264,26046.02798174,84200.2206408085,VENDI,BASSO,False,False,True,False,,False,True,False,False
2024-07-14,3176.61,3270.12,3164.66,3246.38,3246.38,3476.9495999999995,3129.53005,49.15249815684909,139.81375675199598,38866.26158568,77567.22677261301,VENDI,BASSO,False,False,True,False,,False,True,False,False
2024-07-15,3246.38,3496.03,3233.86,3485.87,3485.87,3470.1904000000004,3135.2346999999995,60.73621096431552,148.5534884125677,110069.74915363,77783.32302442999,ACQUISTA,MEDIO,True,False,True,False,standard,True,False,False,False
2024-07-16,3485.35,3499.99,3348.0,3446.67,3446.67,3461.3094,3140.9712,58.39138661229767,148.7989535259557,90433.49001457,78160.42209777051,MANTIENI STATO ATTUALE,BASSO,True,False,True,False,,True,False,False,False
2024-07-17,3446.67,3518.38,3376.92,3387.45,3387.45,3452.2588,3146.4527,54.940563113997015,148.27474255981602,69258.00394095,77774.0976047085,MANTIENI STATO ATTUALE,BASSO,False,False,True,False,,True,False,False,False
2024-07-18,3387.1,3490.0,3367.65,3425.58,3425.58,3445.5282,3152.1752500000002,56.714348224755554,146.42297523411486,62188.79112524,75758.404598672,MANTIENI STATO ATTUALE,BASSO,False,False,True,False,,True,False,False,False
2024-07-19,3425.58,3541.85,3375.99,3505.75,3505.75,3440.7083999999995,3157.9402,60.25682915046518,147.81133414596383,82780.35096942,78688.153239194,MANTIENI STATO ATTUALE,MEDIO,True,False,True,False,,True,False,False,False
2024-07-20,3505.83,3540.79,3482.03,3519.06,3519.06,3435.9208000000003,3163.7546999999995,60.82997904693556,141.45052456410926,29367.4769642,78475.5370799605,MANTIENI STATO ATTUALE,MEDIO,False,False,True,False,,True,False,False,False
2024-07-21,3518.99,3547.57,3413.01,3536.2,3536.2,3430.3952000000004,3170.3832500000003,61.59800680469151,140.95834423810146,41195.37901679,77453.49401477599,MANTIENI STATO ATTUALE,MEDIO,False,False,True,False,,True,False,False,False
2024-07-22,3536.21,3563.02,3423.94,3441.1,3441.1,3423.6396000000004,3176.2414000000003,55.13805953179781,140.8241767925228,55522.37465033,78054.909350607,MANTIENI STATO ATTUALE,BASSO,False,False,True,False,,True,False,False,False
2024-07-23,3441.09,3541.2,3390.0,3482.9,3482.9,3417.9758,3182.3041500000004,57.25973973653218,141.56530702162829,134627.15575407,80420.85511293748,MANTIENI STATO ATTUALE,BASSO,True,False,True,False,,True,False,False,False
2024-07-24,3482.89,3488.05,3299.16,3334.99,3334.99,3408.4698,3187.7697500000004,48.51607550711267,144.94564223436916,108661.70978004,79415.7192071335,VENDI,BASSO,False,False,True,False,,False,True,False,False
2024-07-25,3335.0,3342.07,3086.13,3174.3,3174.3,3394.6244,3192.5278,41.16216546263143,152.87381064619993,201536.44580506,77174.79211822801,VENDI,MEDIO,False,False,True,False,,False,True,False,False
2024-07-26,3174.3,3286.65,3169.59,3274.95,3274.95,3383.8815999999997,3197.24,46.620005311973884,150.31568131432851,88789.0006109,78956.56619738949,VENDI,BASSO,False,False,True,False,,False,True,False,False
2024-07-27,3274.84,3327.6,3190.57,3249.25,3249.25,3375.3396,3201.7616000000003,45.46042293460694,149.36670407759075,55872.3354621,79599.5538012125,VENDI,BASSO,False,False,True,False,,False,True,False,False
2024-07-28,3249.24,3283.98,3198.23,3269.98,3269.98,3367.1223999999997,3205.1876500000003,46.6138983928459,144.82265378633429,30497.48961316,74013.624291158,VENDI,BASSO,False,False,True,False,,False,True,False,False
2024-07-29,3270.15,3396.61,3256.68,3317.55,3317.55,3359.348,3208.68385,49.26555939695197,144.47317851588187,111549.61997732,76595.3083191385,MANTIENI STATO ATTUALE,BASSO,False,False,True,False,,False,False,False,False
2024-07-30,3317.42,3365.68,3232.55,3278.27,3278.27,3351.5962000000004,3212.4650500000002,47.181617391614324,143.66295147903313,86408.39509467,77535.3236339845,VENDI,BASSO,False,False,True,False,,False,True,False,False
2024-07-31,3278.42,3348.0,3213.0,3231.81,3231.81,3346.2862,3215.7335,44.76940290059394,143.04416923053077,87723.99196968,78031.6280039355,VENDI,BASSO,False,False,True,False,,False,True,False,False
2024-08-01,3231.81,3242.14,3077.17,3200.54,3200.54,3339.1142,3219.3829000000005,43.16964261871151,144.61029999977856,115192.55494313,81329.330220634,VENDI,MEDIO,False,False,True,False,,False,True,False,False
2024-08-02,3200.53,3215.75,2964.01,2985.84,2985.84,3329.478,3221.7624,34.14730806162483,152.2624214283658,124022.20884018,86228.139263556,VENDI,MEDIO,False,False,True,False,,False,True,False,False
2024-08-03,2985.88,3016.19,2857.35,2901.72,2901.72,3317.9218,3223.33685,31.380071392002463,152.73224846919683,77878.90239055,88178.7713037995,VENDI,MEDIO,False,False,True,False,,False,True,False,False
2024-08-04,2901.98,2933.13,2626.17,2688.31,2688.31,3300.3542,3224.1387,25.691754527820265,163.74851643568277,110939.31000409,88222.2493463225,VENDI,MEDIO,False,False,True,False,,False,True,False,False
2024-08-05,2688.38,2696.41,2116.02,2420.37,2420.37,3276.3196000000003,3223.89645,20.634346038774538,193.50862240456257,750156.04400364,121208.377045776,VENDI,MEDIO,False,False,True,False,,False,True,False,False
2024-08-06,2420.79,2556.62,2415.69,2462.52,2462.52,3255.3790000000004,3223.7584,23.195670977154236,189.7530065185224,240973.21880433,129794.137788945,VENDI,MEDIO,False,False,True,False,,False,True,False,False
2024-08-07,2462.26,2552.77,2308.94,2343.66,2343.66,3232.611,3223.1245,21.125258218105316,193.6156489100565,212737.26981056,137321.561723211,VENDI,MEDIO,False,False,True,False,,False,True,False,False
2024-08-08,2342.82,2725.35,2321.07,2683.59,2683.59,3215.1,3224.2648500000005,38.13302613386331,208.66310255933817,223682.42122768,144366.665236124,VENDI,ALTO,False,False,True,False,,False,True,False,False
2024-08-09,2683.33,2708.87,2553.08,2599.94,2599.94,3196.8842,3225.70785,36.07174307527833,204.88645237652833,119799.43778503,148888.2632771655,VENDI,ALTO,False,False,True,False,,False,True,False,False
2024-08-10,2600.1,2645.74,2577.61,2610.69,2610.69,3178.7542,3227.55725,36.54644340631893,195.11813434963344,32933.24488872,148475.156570762,VENDI,ALTO,False,False,True,False,,False,True,False,False
2024-08-11,2610.38,2720.0,2539.86,2555.58,2555.58,3159.9839999999995,3229.1648499999997,35.10721513237567,194.0482676103739,54293.38934167,148413.70730532898,VENDI,ALTO,False,False,True,False,,False,True,False,False
2024-08-12,2555.09,2750.0,2509.58,2723.0,2723.0,3146.0756,3231.69335,42.51367568007938,197.3605342096329,117387.83172402,147551.7411038265,VENDI,ALTO,False,False,True,False,,False,True,False,False
2024-08-13,2723.23,2739.0,2611.59,2703.49,2703.49,3133.1336000000006,3233.8741000000005,41.913330417638875,192.3640674803734,87846.22008954,146510.9666193015,VENDI,ALTO,False,False,True,False,,False,True,False,False
2024-08-14,2703.49,2782.61,2633.76,2661.67,2661.67,3118.495,3235.8421000000003,40.59019288142964,189.25591980320385,127821.69398089,142825.229028093,VENDI,ALTO,False,False,True,False,,False,True,False,False
2024-08-15,2661.98,2675.79,2516.07,2570.5,2570.5,3102.5188,3237.4120500000004,37.78943343472356,187.14621124583212,112161.44239141,143993.8511171185,VENDI,ALTO,False,False,True,False,,False,True,False,False
2024-08-16,2570.22,2631.06,2551.29,2593.75,2593.75,3085.4822,3238.7937000000006,38.946402218709174,179.47648187112983,73034.64702326,144851.9666951765,VENDI,ALTO,False,False,True,False,,False,True,False,False
2024-08-17,2593.75,2627.67,2588.17,2614.64,2614.64,3070.3026,3240.1521,40.025654970903624,169.47816173747773,16028.49990746,144128.51720989152,VENDI,ALTO,False,False,True,False,,False,True,False,False
2024-08-18,2614.64,2687.92,2594.34,2612.68,2612.68,3055.091,3241.8075,39.9542912232033,164.05686447051505,43718.56501864,140736.9644619575,VENDI,ALTO,False,False,True,False,,False,True,False,False
2024-08-19,2612.33,2648.71,2563.98,2637.15,2637.15,3039.1865999999995,3243.4752000000003,41.36000122759576,158.39065986547826,54465.58022979,139139.8237187135,VENDI,ALTO,False,False,True,False,,False,True,False,False
2024-08-20,2637.63,2697.11,2555.26,2573.04,2573.04,3021.8756,3244.80025,38.797334444829794,157.20918416080121,83115.06804761,138909.37752260998,VENDI,ALTO,False,False,True,False,,False,True,False,False
2024-08-21,2572.69,2664.7,2536.49,2631.14,2631.14,3006.175,3246.4761,42.28727641421269,155.13781386360114,68713.01543658,136585.40054728248,VENDI,ALTO,False,False,True,False,,False,True,False,False
2024-08-22,2631.18,2645.42,2584.59,2623.3,2623.3,2992.8064,3248.1485,41.93974166681929,148.40154144477248,45949.34305893,132681.75725822002,VENDI,ALTO,False,False,True,False,,False,True,False,False
2024-08-23,2623.26,2800.89,2621.38,2764.73,2764.73,2986.9231999999993,3250.4776,49.93341902268794,150.62357419871728,97692.03219144,133672.4137482645,VENDI,ALTO,False,False,True,False,,False,True,False,False
2024-08-24,2764.89,2820.86,2732.75,2769.0,2769.0,2982.6683999999996,3252.46215,50.156543297434304,146.15831889880891,52952.63243867,130773.0798699935,VENDI,ALTO,False,False,True,False,,False,True,False,False
2024-08-25,2768.95,2793.09,2734.52,2747.57,2747.57,2976.272,3254.0772500000003,48.97685104990614,139.90201040603688,28841.52308192,94707.3538239075,VENDI,ALTO,False,False,True,False,,False,True,False,False
2024-08-26,2747.06,2763.51,2667.25,2680.77,2680.77,2971.2718000000004,3255.3821999999996,45.3928543990568,136.78472394846284,60514.38739416,85684.412253399,VENDI,ALTO,False,False,True,False,,False,True,False,False
2024-08-27,2680.75,2700.29,2393.38,2458.22,2458.22,2960.0666,3255.2341,35.953303085261126,148.93652938071548,110269.50067621,80561.0237966815,VENDI,ALTO,False,False,True,False,,False,True,False,False
2024-08-28,2457.84,2555.23,2418.63,2528.51,2528.51,2949.3066,3255.37125,40.184181424332465,148.05534871066436,115962.75554378,75175.0405124865,VENDI,ALTO,False,False,True,False,,False,True,False,False
2024-08-29,2528.76,2597.0,2503.09,2527.71,2527.71,2937.8547999999996,3255.46925,40.15167130565564,144.18782380275977,78636.42412331,73116.8898294005,VENDI,ALTO,False,False,True,False,,False,True,False,False
2024-08-30,2527.76,2551.26,2430.25,2525.74,2525.74,2926.3838,3254.7928,40.06571114724354,142.53226495970551,85657.73143674,75753.1141568015,VENDI,ALTO,False,False,True,False,,False,True,False,False
2024-08-31,2525.7,2533.92,2492.03,2512.62,2512.62,2913.9352000000003,3254.14775,39.45981125454561,135.34353174829798,14398.21727088,73758.35555326201,VENDI,ALTO,False,False,True,False,,False,True,False,False
2024-09-01,2512.49,2516.27,2399.2,2425.9,2425.9,2898.919,3252.38945,35.62492811573769,134.0382794805624,40597.47657667,69918.8377958945,VENDI,ALTO,False,False,True,False,,False,True,False,False
2024-09-02,2425.78,2564.02,2423.56,2537.81,2537.81,2884.7476,3250.9488,43.28494610544009,134.49697380337938,52519.15338901,68152.484460868,VENDI,ALTO,False,False,True,False,,False,True,False,False
2024-09-03,2537.99,2553.75,2410.52,2424.18,2424.18,2863.5137999999993,3249.0502500000002,38.301430207135574,135.1207613888523,59281.30494802,64725.4650092245,VENDI,ALTO,False,False,True,False,,False,True,False,False
2024-09-04,2424.16,2490.21,2307.12,2450.46,2450.46,2843.5896000000002,3247.3684,40.02136731133615,138.54713557536286,112229.09718802,64728.84774905499,VENDI,ALTO,False,False,True,False,,False,True,False,False
2024-09-05,2450.26,2465.98,2347.19,2367.8,2367.8,2823.1965999999998,3244.7971000000002,36.56835870739375,137.13591160569408,73779.98448771,64766.1146222775,VENDI,ALTO,False,False,True,False,,False,True,False,False
2024-09-06,2367.5,2409.19,2150.0,2224.46,2224.46,2799.1742,3241.1922499999996,31.493908630516017,145.85406077671593,158686.218366,71899.0005452045,VENDI,ALTO,False,False,True,False,,False,True,False,False
2024-09-07,2224.55,2311.27,2221.01,2272.88,2272.88,2774.5168,3237.47885,34.78596062286674,141.88305643552192,48605.25284293,72143.334936419,VENDI,ALTO,False,False,True,False,,False,True,False,False
2024-09-08,2273.03,2334.03,2240.82,2297.47,2297.47,2750.085,3234.12435,36.456014093452666,138.40640954727039,48917.56725194,71865.9342875265,VENDI,ALTO,False,False,True,False,,False,True,False,False
2024-09-09,2297.35,2381.46,2273.0,2360.1,2360.1,2726.563,3231.0760000000005,40.62653440306296,136.26738029389392,91965.44801791,72308.4532860415,VENDI,ALTO,False,False,True,False,,False,True,False,False
2024-09-10,2359.71,2399.99,2320.91,2388.26,2388.26,2705.5062,3228.4083499999997,42.455291823616385,132.18256741575863,63305.03364559,72038.054196492,VENDI,ALTO,False,False,True,False,,False,True,False,False
2024-09-11,2388.71,2389.58,2276.66,2340.54,2340.54,2682.6589999999997,3225.1477499999996,40.19586860216125,130.80666974320445,83110.11059986,73896.09257353851,VENDI,ALTO,False,False,True,False,,False,True,False,False
2024-09-12,2340.24,2392.13,2314.76,2361.63,2361.63,2663.1918,3221.39005,41.673255763687116,126.989764761547,67554.09932317,72389.195930125,VENDI,ALTO,False,False,True,False,,False,True,False,False
2024-09-13,2361.75,2466.49,2336.57,2440.96,2440.96,2648.525,3217.70315,46.97911433428292,127.19906727857932,84983.24145206,73990.7263807945,VENDI,ALTO,False,False,True,False,,False,True,False,False
2024-09-14,2440.99,2442.56,2378.8,2418.19,2418.19,2631.3898,3213.5749,45.69424288179694,122.66770533010936,29335.9983637,74015.4501448835,VENDI,ALTO,False,False,True,False,,False,True,False,False
2024-09-15,2418.3,2430.91,2285.0,2316.37,2316.37,2612.7322,3208.2235499999997,40.37638168379089,124.32786923510153,48995.2967581,73439.4956130805,VENDI,ALTO,False,False,True,False,,False,True,False,False
2024-09-16,2316.01,2335.18,2251.99,2295.21,2295.21,2593.2368,3202.9907000000003,39.351430249609926,121.38945000402285,83080.821853,72080.06167191999,VENDI,ALTO,False,False,True,False,,False,True,False,False
2024-09-17,2295.35,2394.0,2263.05,2342.1,2342.1,2573.7278,3197.5212,42.81562667427923,122.07234643230692,87006.28326236,70632.238057849,VENDI,ALTO,False,False,True,False,,False,True,False,False
2024-09-18,2342.09,2376.26,2277.05,2374.59,2374.59,2555.6542,3192.2739500000002,45.153314395895244,120.43932168714214,95717.21636064,71486.27766971549,VENDI,ALTO,False,False,True,False,,False,True,False,False
2024-09-19,2374.78,2495.27,2372.73,2465.84,2465.84,2540.3348,3187.1555,51.18860509847553,120.58937013806056,110765.46794849,72741.66449530299,VENDI,ALTO,False,False,True,False,,False,True,False,False
2024-09-20,2465.79,2573.26,2437.49,2562.02,2562.02,2527.5644,3181.79945,56.6084798845764,121.67370084248483,95098.81621245,76776.6944423815,MANTIENI STATO ATTUALE,ALTO,False,False,True,False,,False,False,False,False
2024-09-21,2562.1,2623.26,2528.75,2613.16,2613.16,2520.1108,3177.0782,59.20243755404245,119.73343649659307,45981.75244353,77045.90823572449,MANTIENI STATO ATTUALE,ALTO,False,False,True,False,,False,False,False,False
2024-09-22,2612.77,2632.92,2525.0,2580.92,2580.92,2513.6947999999998,3170.8737,56.89335961183786,118.88961960397928,40733.97945098,76456.649538823,MANTIENI STATO ATTUALE,ALTO,False,False,True,False,,False,False,False,False
2024-09-23,2580.93,2704.62,2539.64,2646.72,2646.72,2512.863,3164.7308999999996,60.29695815847559,122.18178963226649,103739.53519625,78679.5610512345,MANTIENI STATO ATTUALE,ALTO,False,False,True,False,,False,False,False,False
2024-09-24,2646.93,2671.85,2591.67,2653.31,2653.31,2517.5218000000004,3158.53445,60.632216292410156,119.1816618013903,101399.56360844,78138.08437225551,MANTIENI STATO ATTUALE,ALTO,False,False,True,False,,False,False,False,False
2024-09-25,2653.53,2673.77,2553.93,2579.25,2579.25,2519.8564,3151.8629499999997,55.01032164608494,119.22868595843386,75241.26087497,78211.1481916185,MANTIENI STATO ATTUALE,ALTO,False,False,True,False,,False,False,False,False
2024-09-26,2579.84,2667.81,2558.84,2632.53,2632.53,2525.6338,3145.6158,58.02560996312078,118.49592267568858,76698.05571684,74111.7400591605,MANTIENI STATO ATTUALE,ALTO,False,False,True,False,,False,False,False,False
2024-09-27,2632.63,2729.39,2615.45,2695.37,2695.37,2525.8694,3138.7616000000003,61.318490770777515,118.1704996274251,100248.85127199,76693.9199806135,MANTIENI STATO ATTUALE,ALTO,False,False,True,False,,False,False,False,False
2024-09-28,2695.37,2705.26,2650.16,2675.79,2675.79,2527.3864,3132.2388499999997,59.74574053127382,113.66546393975192,24386.06817246,75467.3450266395,MANTIENI STATO ATTUALE,ALTO,False,False,True,False,,False,False,False,False
2024-09-29,2675.88,2683.77,2634.38,2657.89,2657.89,2528.3304,3125.4898,58.274208521889896,109.07435937262677,27101.55183847,72224.15021766748,MANTIENI STATO ATTUALE,ALTO,False,False,True,False,,False,False,False,False
2024-09-30,2657.9,2663.97,2573.89,2601.27,2601.27,2529.2441999999996,3119.0939000000003,53.763432427749564,107.71761941743914,73292.74710664,72723.53589072,MANTIENI STATO ATTUALE,ALTO,False,False,True,False,,False,False,False,False
2024-10-01,2601.33,2657.98,2413.11,2447.55,2447.55,2523.7352,3112.6169,43.841328224586675,117.5142180304792,155891.69082296,76362.614901875,VENDI,ALTO,False,False,True,False,,False,True,False,False
2024-10-02,2447.54,2498.47,2351.92,2363.76,2363.76,2516.9406,3106.8352,39.55607504143683,119.58820245687353,91854.68404245,77577.644137839,VENDI,ALTO,False,False,True,False,,False,True,False,False
2024-10-03,2363.51,2403.08,2309.17,2349.97,2349.97,2510.7066,3100.37995,38.88247295945241,117.75404513852541,75055.04033974,77081.234082223,VENDI,ALTO,False,False,True,False,,False,True,False,False
2024-10-04,2349.73,2440.96,2338.96,2414.43,2414.43,2507.5852,3094.8487999999993,43.708029396708476,116.62875620005933,63427.16619712,78785.79247389399,VENDI,ALTO,False,False,True,False,,False,True,False,False
2024-10-05,2414.43,2428.22,2389.68,2414.51,2414.51,2504.0004,3091.1364999999996,43.71396912555711,111.05098790005509,17445.77099774,77208.316185876,VENDI,ALTO,False,False,True,False,,False,True,False,False
2024-10-06,2414.89,2457.57,2406.0,2439.84,2439.84,2500.5044,3085.7523000000006,45.6687572530406,106.80234590719402,17368.14003888,73922.68209517,VENDI,ALTO,False,False,True,False,,False,True,False,False
2024-10-07,2439.36,2520.39,2402.32,2421.68,2421.68,2496.6844,3080.4018,44.47616565603158,107.60717834239443,73870.56676745,73265.8962704245,VENDI,ALTO,False,False,True,False,,False,True,False,False
2024-10-08,2421.68,2464.51,2399.24,2439.48,2439.48,2492.731,3075.9121499999997,45.96563458565806,104.58309417508057,60536.06425091,71506.838664938,VENDI,ALTO,False,False,True,False,,False,True,False,False
2024-10-09,2439.47,2472.09,2349.63,2368.66,2368.66,2488.6434,3071.1052,41.226989085257664,105.86001601971769,69323.07080214,69434.7188076205,VENDI,ALTO,False,False,True,False,,False,True,False,False
2024-10-10,2368.35,2418.41,2327.83,2384.32,2384.32,2483.707,3065.75345,42.635260944331776,104.76858630402357,87146.39549393,69037.0977716945,VENDI,ALTO,False,False,True,False,,False,True,False,False
2024-10-11,2384.42,2471.1,2379.84,2438.77,2438.77,2480.0164,3059.9921999999997,47.35837724211907,103.80368728230758,79629.60253014,70719.490276025,MANTIENI STATO ATTUALE,ALTO,False,False,True,False,,False,False,False,False
2024-10-12,2439.15,2489.67,2433.43,2475.79,2475.79,2474.2376,3054.4327999999996,50.3514248186236,100.40628104785705,26831.83205704,70024.382906328,MANTIENI STATO ATTUALE,ALTO,False,False,True,False,,False,False,False,False
2024-10-13,2475.79,2484.44,2435.88,2467.67,2467.67,2468.2110000000002,3049.2733500000004,49.684147303979515,96.70297525872441,28115.6827349,66243.1902832605,MANTIENI STATO ATTUALE,ALTO,False,False,True,False,,False,False,False,False
2024-10-14,2467.95,2653.03,2442.42,2628.74,2628.74,2465.8344,3044.61155,60.78567571783334,104.83919131167268,134863.19504511,67916.371855094,MANTIENI STATO ATTUALE,ALTO,False,False,True,False,,False,False,False,False
2024-10-15,2628.75,2687.63,2536.47,2606.63,2606.63,2464.3516,3040.0893,58.86568595012762,108.14782050369608,147272.65006204,71517.9413144475,MANTIENI STATO ATTUALE,ALTO,False,False,True,False,,False,False,False,False
2024-10-16,2606.73,2646.91,2588.05,2610.54,2610.54,2467.3979999999997,3035.6044499999994,59.111649050726214,104.6272618962892,97943.12619857,72580.194838534,MANTIENI STATO ATTUALE,ALTO,False,False,True,False,,False,False,False,False
2024-10-17,2610.56,2647.43,2574.29,2604.91,2604.91,2468.926,3030.4015999999997,58.568590330632,102.37817176083996,67668.26380459,70951.165465164,MANTIENI STATO ATTUALE,ALTO,False,False,True,False,,False,False,False,False
2024-10-18,2604.9,2676.07,2594.79,2641.98,2641.98,2471.2113999999997,3026.08225,61.10251726484292,100.87115949220856,82644.360255,73864.080069291,MANTIENI STATO ATTUALE,ALTO,False,False,True,False,,False,False,False,False
2024-10-19,2642.0,2662.99,2630.82,2647.97,2647.97,2473.656,3022.9239000000002,61.51213347519446,95.96393381419364,17748.96060487,73396.450507611,MANTIENI STATO ATTUALE,ALTO,False,False,True,False,,False,False,False,False
2024-10-20,2647.97,2758.08,2635.16,2746.22,2746.22,2478.328,3020.0928500000005,67.54856132163668,97.88936711317982,42114.940021,71837.560153329,MANTIENI STATO ATTUALE,ALTO,False,False,True,False,,False,False,False,False
2024-10-21,2745.91,2768.22,2653.94,2665.35,2665.35,2483.117,3016.7726500000003,59.30379702871888,99.06012660509552,67046.17608835,67395.2844165985,MANTIENI STATO ATTUALE,ALTO,False,False,True,False,,False,False,False,False
2024-10-22,2665.25,2670.37,2603.37,2620.84,2620.84,2484.7776,3013.28055,55.302835510227425,96.77011756187441,70709.73288592,66338.036858772,MANTIENI STATO ATTUALE,ALTO,False,False,True,False,,False,False,False,False
2024-10-23,2620.84,2626.29,2448.36,2521.94,2521.94,2486.7327999999998,3009.12695,47.615838825112846,102.56725202174052,78368.44781749,66503.7072326595,MANTIENI STATO ATTUALE,ALTO,False,False,True,False,,False,False,False,False
2024-10-24,2521.91,2559.24,2504.7,2533.99,2533.99,2488.4034,3004.52855,48.554124945153646,99.13673402018762,73450.47584406,67004.8727150065,MANTIENI STATO ATTUALE,ALTO,False,False,True,False,,False,False,False,False
2024-10-25,2534.0,2564.84,2379.35,2436.01,2436.01,2489.7676,2998.2358000000004,41.97116262714727,105.3048244473171,137844.37834249,73024.80308224399,VENDI,ALTO,False,False,True,False,,False,True,False,False
2024-10-26,2435.81,2503.73,2425.54,2479.49,2479.49,2494.8682,2993.1103500000004,45.502266262248035,103.36805127250875,40555.3054383,74184.161352215,MANTIENI STATO ATTUALE,ALTO,False,False,True,False,,False,False,False,False
2024-10-27,2479.49,2524.39,2460.47,2504.69,2504.69,2499.5044,2987.9038,47.49638710370155,100.55033332447242,30629.2909461,72022.0975611475,MANTIENI STATO ATTUALE,ALTO,False,False,True,False,,False,False,False,False
2024-10-28,2504.72,2588.0,2468.81,2565.66,2565.66,2504.8682,2983.2168,52.06636146884463,101.88173808701012,94688.91402615,73729.7400499095,MANTIENI STATO ATTUALE,ALTO,False,False,True,False,,False,False,False,False
2024-10-29,2565.66,2681.78,2559.3,2637.85,2637.85,2510.4232,2980.2095,56.85488609011502,103.35304250936655,115494.41095118,76038.3070573615,MANTIENI STATO ATTUALE,ALTO,False,False,True,False,,False,False,False,False
2024-10-30,2638.11,2721.09,2598.87,2658.16,2658.16,2515.8212,2978.44335,58.12242250277215,104.7006823301261,123666.92523955,77864.3335446425,MANTIENI STATO ATTUALE,ALTO,False,False,True,False,,False,False,False,False
2024-10-31,2658.15,2668.12,2500.0,2514.84,2514.84,2519.3072,2975.22725,47.514376020942024,109.23063359225993,93810.99937796,78573.4033870335,MANTIENI STATO ATTUALE,ALTO,False,False,True,False,,False,False,False,False
2024-11-01,2514.74,2585.26,2464.83,2510.27,2510.27,2522.2799999999997,2972.26295,47.21844027389082,110.03058833566996,81541.95205262,81308.9093868125,MANTIENI STATO ATTUALE,ALTO,False,False,True,False,,False,False,False,False
2024-11-02,2510.27,2522.48,2469.7,2493.44,2493.44,2523.3296,2969.3039000000003,46.08018617667039,105.94126059740783,25043.70021838,81155.3102609865,MANTIENI STATO ATTUALE,ALTO,False,False,True,False,,False,False,False,False
2024-11-03,2493.5,2496.01,2409.53,2456.57,2456.57,2524.0972,2966.66185,43.60052140095101,104.55117055473585,56798.1927346,77252.060145461,VENDI,ALTO,False,False,True,False,,False,True,False,False
2024-11-04,2456.15,2489.44,2355.43,2397.0,2397.0,2525.7098,2963.31775,39.86768535173155,106.65537265796902,63678.82358185,73072.3688214515,VENDI,ALTO,False,False,True,False,,False,True,False,False
2024-11-05,2396.62,2479.58,2379.3,2422.24,2422.24,2528.2504,2960.1393,42.128467171702454,106.19998889668551,88639.61877167,72607.19345010651,VENDI,ALTO,False,False,True,False,,False,True,False,False
2024-11-06,2422.24,2746.83,2420.14,2724.27,2724.27,2535.8938,2957.9755999999998,61.016214229448266,121.94927540406513,248257.23507707,81636.64201373051,ACQUISTA,ALTO,False,True,True,True,breakout_protected,True,False,False,False
2024-11-07,2724.27,2920.62,2701.52,2897.65,2897.65,2546.355,2956.72335,67.56126076104806,128.88861287520334,235254.1674329,89267.13237262549,MANTIENI STATO ATTUALE,ALTO,False,False,True,False,,True,False,False,False
2024-11-08,2897.65,2986.13,2888.99,2964.09,2964.09,2556.32,2955.5365,69.66317124018155,126.62085481268883,182093.85658108,97484.377171436,MANTIENI STATO ATTUALE,MEDIO,False,False,True,False,,True,False,False,False
2024-11-09,2964.09,3158.83,2956.8,3127.97,3127.97,2567.639,2955.0789,74.11798321284179,132.0072223260682,114010.46176319,101079.1532585455,MANTIENI STATO ATTUALE,ALTO,False,False,True,False,,True,False,False,False
2024-11-10,3127.96,3251.25,3069.19,3186.07,3186.07,2579.0972,2955.3147000000004,75.49202963330535,135.58242073134903,169077.54310611,106180.7216094335,MANTIENI STATO ATTUALE,ALTO,False,False,True,False,,True,False,False,False
2024-11-11,3186.03,3391.61,3108.1,3375.78,3375.78,2594.9944,2956.4168,79.34748000267632,146.14867639339556,264362.44195086,115863.3570626805,MANTIENI STATO ATTUALE,ALTO,False,False,True,False,,True,False,False,False
2024-11-12,3375.79,3446.98,3210.57,3247.21,3247.21,2607.0042000000003,2957.0028500000003,71.17541383240149,152.59591379386728,277504.30741055,125820.1500423335,MANTIENI STATO ATTUALE,ALTO,False,False,True,False,,True,False,False,False
2024-11-13,3247.54,3339.0,3120.8,3191.45,3191.45,2617.767,2956.6949,67.90883731731978,157.28191995144817,227462.32128441,133520.742314351,MANTIENI STATO ATTUALE,MEDIO,False,False,True,False,,True,False,False,False
2024-11-14,3191.34,3242.75,3028.32,3059.04,3059.04,2627.3628,2955.6771000000003,60.77577462239007,161.36392566920188,148297.67622951,134043.407208702,MANTIENI STATO ATTUALE,MEDIO,False,False,True,False,,True,False,True,False
2024-11-15,3058.89,3131.68,3012.94,3090.76,3090.76,2636.5274,2955.05325,61.81065240182188,158.31935954997314,148569.2491386,139444.10439371702,MANTIENI STATO ATTUALE,MEDIO,False,False,True,False,,True,False,True,False
2024-11-16,3090.76,3220.0,3072.9,3134.25,3134.25,2645.305,2955.6675,63.242578603439064,157.51797672497506,76918.18159684,141758.54892625398,MANTIENI STATO ATTUALE,MEDIO,False,False,True,False,,True,False,False,False
2024-11-17,3134.48,3161.96,3036.64,3076.79,3076.79,2653.325,2956.2108499999995,60.039438631611034,155.2181212446197,76318.32370264,140840.0194100785,MANTIENI STATO ATTUALE,MEDIO,False,False,True,False,,True,False,True,False
2024-11-18,3076.79,3226.8,3050.83,3209.21,3209.21,2664.3514,2957.3253000000004,64.50162281727623,156.70039829857546,139240.77207001,142027.33746602,MANTIENI STATO ATTUALE,MEDIO,False,False,True,False,,True,False,False,False
2024-11-19,3209.42,3222.83,3070.0,3111.7,3111.7,2674.56,2957.3674499999997,59.254541327107944,156.42394127724864,123941.60602607,142041.071505346,MANTIENI STATO ATTUALE,MEDIO,False,False,True,False,,True,False,False,False
2024-11-20,3111.63,3161.97,3031.38,3072.24,3072.24,2687.0538,2957.1416,57.22577756874079,154.57865975744514,128820.64743852,143791.553908374,MANTIENI STATO ATTUALE,MEDIO,False,False,True,False,,True,False,True,False
2024-11-21,3072.33,3390.35,3034.15,3359.9,3359.9,2706.9766000000004,2958.25635,66.28745264123839,168.98018406048476,263174.60425898,152873.186518692,MANTIENI STATO ATTUALE,MEDIO,False,False,True,False,,True,False,False,False
2024-11-22,3360.11,3429.69,3260.78,3331.77,3331.77,2726.6126,2959.60175,64.84084756578662,168.97517091330727,168501.02810417,160046.05291298148,MANTIENI STATO ATTUALE,MEDIO,False,False,True,False,,True,False,False,False
2024-11-23,3332.16,3500.0,3316.55,3397.51,3397.51,2746.2742000000003,2961.5604000000003,66.67139282157326,170.00908727664248,144344.7907436,164423.3828134315,MANTIENI STATO ATTUALE,MEDIO,False,False,True,False,,True,False,False,False
2024-11-24,3397.51,3453.9,3286.25,3365.16,3365.16,2765.2871999999998,2963.5221,64.88123849274078,169.8405810425966,83921.83934738,165435.533601708,MANTIENI STATO ATTUALE,MEDIO,False,False,True,False,,True,False,False,False
2024-11-25,3365.17,3546.99,3304.11,3414.72,3414.72,2784.7848,2965.4161,66.37096664540084,175.05768239669683,237872.13228768,172897.1592775085,MANTIENI STATO ATTUALE,MEDIO,False,False,True,False,,True,False,False,False
2024-11-26,3414.64,3462.89,3252.6,3323.67,3323.67,2802.8246000000004,2967.4873,61.231958351314645,177.5742765112185,163133.91511773,168640.99327954152,MANTIENI STATO ATTUALE,MEDIO,False,False,True,False,,True,False,False,False
2024-11-27,3323.67,3688.54,3300.76,3657.63,3657.63,2827.1876,2971.2167,70.3118953245951,192.58897104613143,215323.88671149,167644.479243471,MANTIENI STATO ATTUALE,ALTO,False,False,True,False,,True,False,False,False
2024-11-28,3657.2,3665.28,3530.02,3579.11,3579.11,2851.3965999999996,2974.4734999999996,66.3755976210025,188.49404454283635,106524.93169029,163866.0329989315,MANTIENI STATO ATTUALE,MEDIO,False,False,True,False,,True,False,False,False
2024-11-29,3579.48,3650.0,3536.44,3593.67,3593.67,2875.5836,2977.6908000000003,66.74734780252274,183.14161278977662,137566.64651708,165043.84223662602,MANTIENI STATO ATTUALE,MEDIO,False,False,True,False,,True,False,False,False
2024-11-30,3593.38,3740.63,3569.63,3706.35,3706.35,2900.9352000000003,2981.82055,69.55286653446323,182.27435473336402,93227.76397971,161251.353280306,MANTIENI STATO ATTUALE,MEDIO,False,False,True,False,,True,False,False,False
2024-12-01,3706.35,3748.29,3661.12,3710.24,3710.24,2925.6241999999997,2985.2057499999996,69.64807172280548,175.48118653812375,81383.91544408,152102.426954967,MANTIENI STATO ATTUALE,MEDIO,False,False,True,False,,True,False,False,False
2024-12-02,3710.08,3762.72,3556.03,3644.52,3644.52,2949.1612,2988.7027999999996,65.89898433565403,177.7103874996863,175600.09449684,147007.2163092815,MANTIENI STATO ATTUALE,MEDIO,False,False,True,False,,True,False,False,False
2024-12-03,3644.51,3671.71,3502.29,3617.59,3617.59,2968.9381999999996,2991.3238,64.3699297704276,177.11821696399446,171602.2838125,144214.214435686,MANTIENI STATO ATTUALE,MEDIO,False,False,True,False,,True,False,False,False
2024-12-04,3617.82,3899.21,3616.92,3843.33,3843.33,2993.6722000000004,2994.9204999999997,70.54051392433323,184.63048718085201,271861.29252455,150392.39525043798,MANTIENI STATO ATTUALE,ALTO,False,False,True,False,,True,False,False,False
2024-12-05,3843.84,3960.0,3681.0,3788.93,3788.93,3017.24,2998.51065,67.50641518738166,191.371166667934,279984.20786923,156963.1431869695,MANTIENI STATO ATTUALE,MEDIO,False,False,True,False,,True,False,False,False
2024-12-06,3789.07,4096.0,3781.2,4004.83,4004.83,3045.2384,3000.2272000000003,72.55228176835075,200.18751190593872,238314.83515241,165032.975864748,MANTIENI STATO ATTUALE,ALTO,False,False,True,False,,True,False,False,False
2024-12-07,4005.37,4030.27,3973.19,4000.01,4000.01,3072.3989999999994,3001.2804000000006,72.28241471453128,189.96554676980026,68451.91637822,164639.65549852702,MANTIENI STATO ATTUALE,ALTO,False,False,True,False,,True,False,False,False
2024-12-08,4000.02,4018.5,3926.45,4006.75,4006.75,3099.5745999999995,3002.6342000000004,72.4368070932957,182.97157914338598,53096.54067022,160332.44392853748,MANTIENI STATO ATTUALE,ALTO,False,False,True,False,,True,False,False,False
2024-12-09,4007.38,4008.8,3501.0,3713.57,3713.57,3118.9215999999997,3002.2978999999996,57.44697527156146,206.1736092045727,249048.23608556,166587.775431512,MANTIENI STATO ATTUALE,MEDIO,True,False,True,False,,True,False,False,False
2024-12-10,3713.56,3782.0,3516.0,3630.34,3630.34,3138.2214000000004,3001.8151499999994,54.02880967769739,210.4469228328175,224597.72358534,171376.629238853,MANTIENI STATO ATTUALE,MEDIO,True,False,True,False,,True,False,False,False
2024-12-11,3630.37,3851.87,3564.36,3835.08,3835.08,3162.5062,3002.2452500000004,60.288460934945256,215.9514283447591,159702.34530659,166203.0162912335,MANTIENI STATO ATTUALE,MEDIO,False,False,True,False,,True,False,False,False
2024-12-12,3835.08,3989.22,3799.19,3882.68,3882.68,3189.7210000000005,3002.5394999999994,61.59767553252417,214.09989774870488,155214.19673209,165538.6747226295,MANTIENI STATO ATTUALE,MEDIO,False,False,True,False,,True,False,False,False
2024-12-13,3882.62,3969.32,3854.0,3907.87,3907.87,3217.1985999999997,3002.6252499999996,62.305903953726386,207.04419076665454,122136.22549054,164428.2464599765,MANTIENI STATO ATTUALE,MEDIO,False,False,True,False,,True,False,False,False
2024-12-14,3907.7,3945.29,3824.44,3869.25,3869.25,3245.8634,3002.7715999999996,60.46476324634307,200.88746285475062,47709.20178216,162617.6145817155,MANTIENI STATO ATTUALE,MEDIO,False,False,True,False,,True,False,False,False
2024-12-15,3869.5,3973.71,3831.09,3957.7,3957.7,3275.4276,3003.74955,63.15047802295558,196.72550122226843,56559.95110714,153552.0055226885,MANTIENI STATO ATTUALE,MEDIO,False,False,True,False,,True,False,False,False
2024-12-16,3957.7,4109.0,3881.93,3987.6,3987.6,3305.0857999999994,3004.95385,64.03979331143725,198.89296542067785,189528.18368088,154871.718950846,MANTIENI STATO ATTUALE,MEDIO,True,False,True,False,,True,False,False,False
2024-12-17,3987.59,4041.76,3848.76,3893.54,3893.54,3331.6433999999995,3005.62935,59.1996161277485,198.47203931920086,125248.61133174,150367.9551818585,MANTIENI STATO ATTUALE,MEDIO,False,False,True,False,,True,False,False,False
2024-12-18,3893.44,3907.71,3615.79,3624.84,3624.84,3351.3832,3004.69115,48.03139687983191,205.14689365354369,187093.0728241,154396.362238549,VENDI,MEDIO,False,False,True,False,,False,False,True,True
2024-12-19,3624.92,3718.3,3322.19,3414.35,3414.35,3366.507,3002.8684999999996,41.43664958597965,218.78711553543343,304672.23375305,162751.6416003475,MANTIENI STATO ATTUALE,BASSO,False,False,True,False,,False,False,False,False
2024-12-20,3414.35,3497.29,3095.65,3470.47,3470.47,3385.6196,3001.3903999999998,43.65779827836107,231.84803585433102,318980.65790952,174039.286296838,MANTIENI STATO ATTUALE,BASSO,False,False,True,False,,False,False,False,False
2024-12-21,3470.47,3553.49,3291.31,3337.09,3337.09,3402.156,2999.0244000000002,39.79470867249413,234.01460472187878,95122.34009357,174726.20752931252,MANTIENI STATO ATTUALE,BASSO,False,False,True,False,,False,False,False,False
2024-12-22,3337.05,3400.23,3217.84,3278.6,3278.6,3417.8592,2996.08455,38.19848170123676,230.32713295603028,72542.86862482,169573.3462357115,VENDI,BASSO,False,False,True,False,,False,True,False,False
2024-12-23,3278.69,3462.14,3213.85,3418.12,3418.12,3437.0902,2994.1147,43.97167963978201,231.6101948877424,176709.65124672,169828.7146074225,MANTIENI STATO ATTUALE,BASSO,False,False,True,False,,False,False,False,False
2024-12-24,3418.12,3537.52,3353.08,3491.13,3491.13,3458.9728000000005,2993.1886,46.773717518703435,228.2408952529037,103337.99180753,161402.5495715715,MANTIENI STATO ATTUALE,BASSO,False,False,True,False,,False,False,False,False
2024-12-25,3491.13,3543.83,3437.42,3493.95,3493.95,3480.407,2992.2541499999998,46.88421222426999,219.53868844912486,41327.45699372,149469.712027796,MANTIENI STATO ATTUALE,BASSO,False,False,True,False,,False,False,False,False
2024-12-26,3494.36,3512.49,3301.06,3330.86,3330.86,3492.5388000000003,2990.3770999999997,41.516393270670676,218.9594964170445,103793.19567204,142743.6300537775,VENDI,BASSO,False,False,True,False,,False,True,False,False
2024-12-27,3331.17,3437.87,3301.27,3328.6,3328.6,3501.1578000000004,2988.6908000000003,41.445579903302935,213.07667524439844,121870.90269822,145414.5793697775,VENDI,BASSO,False,False,True,False,,False,True,False,False
2024-12-28,3328.34,3421.11,3317.12,3397.87,3397.87,3509.8334000000004,2988.1936000000005,44.566545662200646,205.2847698697986,35155.97941995,144517.551307264,VENDI,BASSO,False,False,True,False,,False,True,False,False
2024-12-29,3397.86,3408.32,3320.0,3350.23,3350.23,3514.2786000000006,2987.1490500000004,42.87402182876916,196.93014345052728,30260.81890531,133578.18044825149,VENDI,BASSO,False,False,True,False,,False,True,False,False
2024-12-30,3350.24,3430.0,3293.1,3355.66,3355.66,3517.6704,2986.5891,43.13908684326634,192.64227606120392,98737.16292017,127285.152414993,VENDI,BASSO,False,False,True,False,,False,True,False,False
2024-12-31,3355.44,3447.0,3310.0,3330.32,3330.32,3516.7612,2985.84305,42.156049247274474,188.6678277711179,94223.76498048,124011.2233986875,VENDI,BASSO,False,False,True,False,,False,True,False,False
2025-01-01,3330.52,3366.83,3308.2,3353.32,3353.32,3518.8834,2984.7762,43.41641203246205,179.37941150175237,113635.9777943,121932.312451798,VENDI,BASSO,False,False,True,False,,False,True,False,False
2025-01-02,3353.32,3506.11,3347.19,3452.39,3452.39,3524.1022000000003,2983.9276499999996,48.61051874220637,177.91802496591293,86207.50853825,120135.87660418349,VENDI,BASSO,False,False,True,False,,False,True,False,False
2025-01-03,3452.39,3629.9,3420.62,3607.68,3607.68,3535.075,2984.4183000000003,55.50522008148113,180.15816603977632,102329.32252706,122866.8826414285,MANTIENI STATO ATTUALE,MEDIO,False,False,True,False,,False,False,False,False
2025-01-04,3607.68,3670.34,3571.29,3656.4,3656.4,3546.3878000000004,2985.29,57.43472181763231,174.36472560836376,49524.86729196,122515.12845066951,MANTIENI STATO ATTUALE,MEDIO,False,False,True,False,,False,False,False,False
2025-01-05,3656.4,3674.92,3593.46,3635.46,3635.46,3556.4120000000003,2985.6715999999997,56.30457752553525,167.72867377919493,36837.72295697,114880.60541447399,MANTIENI STATO ATTUALE,MEDIO,False,False,True,False,,False,False,False,False
2025-01-06,3635.48,3746.0,3609.58,3688.74,3688.74,3568.6510000000003,2986.5616499999996,58.540006256456834,165.49233993782389,106106.62657887,113923.5061768305,MANTIENI STATO ATTUALE,MEDIO,False,False,True,False,,False,False,False,False
2025-01-07,3688.73,3702.24,3356.0,3380.29,3380.29,3572.0726,2985.8771500000003,44.383609008836316,178.40288708512216,149342.34303939,112035.969687595,VENDI,BASSO,True,False,True,False,,False,True,False,False
2025-01-08,3380.32,3414.59,3206.95,3326.29,3326.29,3576.3644,2985.03815,42.44828453406451,180.49125229332776,130070.303195,103305.8731596925,VENDI,BASSO,False,False,True,False,,False,True,False,False
2025-01-09,3326.51,3356.78,3157.0,3218.81,3218.81,3579.2958000000003,2984.0401,38.81996981966285,181.8690199866615,128267.34648667,93770.20758855001,VENDI,BASSO,False,False,True,False,,False,True,False,False
2025-01-10,3219.2,3321.91,3194.4,3266.53,3266.53,3577.4284,2983.6198000000004,41.22220518014862,177.98623284475707,115536.39025356,94790.9100965495,VENDI,BASSO,False,False,True,False,,False,True,False,False
2025-01-11,3266.37,3318.91,3217.61,3282.01,3282.01,3576.4332,2983.06185,42.01755393577785,172.50864478441727,31509.24900704,92739.22911566049,VENDI,BASSO,False,False,True,False,,False,True,False,False
2025-01-12,3282.0,3298.2,3223.07,3266.02,3266.02,3573.8034,2982.5454,41.39446677724666,165.55302729981602,39914.90204276,85899.4916554625,VENDI,BASSO,False,False,True,False,,False,True,False,False
2025-01-13,3266.09,3336.26,2913.75,3136.08,3136.08,3569.2218000000007,2980.9979000000003,36.63950806122271,183.90709677840061,175346.06715095,89499.89542263349,VENDI,BASSO,False,False,True,False,,False,True,False,False
2025-01-14,3136.65,3256.46,3124.2,3223.97,3223.97,3565.4068000000007,2980.24965,41.53172829926599,180.2180184370863,99770.14179138,92422.02966251649,VENDI,BASSO,False,False,True,False,,False,True,False,False
2025-01-15,3224.35,3475.14,3185.25,3451.58,3451.58,3567.965,2980.64125,51.89141458375969,188.05173140586584,148647.52185627,94664.745971728,VENDI,BASSO,True,False,True,False,,False,True,False,False
2025-01-16,3451.57,3460.6,3262.69,3307.73,3307.73,3560.967,2980.0180500000006,46.307016614779904,188.75589344830396,136122.61797511,95377.3317355725,VENDI,BASSO,True,False,True,False,,False,True,False,False
2025-01-17,3307.83,3527.0,3307.09,3475.47,3475.47,3558.8942000000006,2980.2024499999998,52.699349975642356,190.98118677342512,150453.58019826,101142.211774488,VENDI,BASSO,True,False,True,False,,False,True,False,False
2025-01-18,3475.54,3496.48,3224.29,3304.07,3304.07,3553.1022,2979.64195,46.59499212878646,196.78181628960905,151938.03835066,107226.07274675548,VENDI,BASSO,True,False,True,False,,False,True,False,False
2025-01-19,3304.09,3445.0,3125.45,3210.03,3210.03,3543.1757999999995,2979.2334499999997,43.61023087466837,205.55097226892272,298299.62598353,117204.19589992349,VENDI,BASSO,False,False,True,False,,False,True,False,False
2025-01-20,3211.85,3448.0,3139.61,3280.4,3280.4,3534.579,2980.3410000000003,46.3782613132577,212.8966171068568,290972.59781939,127041.637541869,VENDI,BASSO,True,False,True,False,,False,True,False,False
2025-01-21,3280.43,3368.0,3200.98,3327.57,3327.57,3528.24,2982.07015,48.213326796047966,209.61971588493847,151693.96697671,128944.5370009895,VENDI,BASSO,True,False,True,False,,False,True,False,False
2025-01-22,3327.56,3366.1,3220.01,3241.35,3241.35,3520.7151999999996,2982.93995,45.17040044739762,205.08187903601427,92936.50329584,129280.98673886902,VENDI,BASSO,False,False,True,False,,False,True,False,False
2025-01-23,3241.35,3349.15,3181.94,3338.67,3338.67,3510.6220000000003,2984.9794,49.07715198086034,202.37674481915613,143070.07538594,131318.02438181298,VENDI,BASSO,True,False,True,False,,False,True,False,False
2025-01-24,3339.26,3428.25,3275.41,3309.72,3309.72,3501.0378,2986.4356,47.98191168108716,198.83840590350212,156732.03584317,136678.3828093735,VENDI,BASSO,False,False,True,False,,False,True,False,False
2025-01-25,3309.83,3350.27,3269.06,3318.37,3318.37,3487.3086,2987.6949,48.35278805509617,190.43637691039484,54942.68192937,137583.6307579935,VENDI,BASSO,False,False,True,False,,False,True,False,False
2025-01-26,3318.38,3361.16,3227.68,3231.48,3231.48,3471.938,2988.3508,44.89046744138138,186.36806427393807,73002.88372238,135928.44361516897,VENDI,BASSO,False,False,True,False,,False,True,False,False
2025-01-27,3231.31,3253.54,3001.0,3181.93,3181.93,3455.4416,2988.764,42.99956814845628,191.09463111151393,210052.48844331,138963.950885365,VENDI,BASSO,False,False,True,False,,False,True,False,False
2025-01-28,3182.06,3223.56,3037.75,3076.06,3076.06,3442.6914,2988.46905,39.20015920872786,190.7171574606915,114845.18340866,138202.694896048,VENDI,BASSO,False,False,True,False,,False,True,False,False
2025-01-29,3076.05,3181.99,3053.94,3114.03,3114.03,3432.3652,2988.15565,41.206629223501814,186.24093192778494,146256.01605527,139102.128374478,VENDI,BASSO,False,False,True,False,,False,True,False,False
2025-01-30,3114.03,3283.5,3090.89,3247.48,3247.48,3420.6131999999993,2988.1611500000004,47.73498715688452,186.6958653615146,115394.80466779,139095.0490951895,VENDI,BASSO,False,False,True,False,,False,True,False,False
2025-01-31,3247.32,3438.96,3213.36,3299.99,3299.99,3408.9594,2987.2317500000004,50.08368029364812,189.4747321214064,175027.24810392,146270.94905003352,VENDI,BASSO,False,False,True,False,,False,True,False,False
2025-02-01,3300.0,3330.9,3101.28,3116.78,3116.78,3393.1376,2985.5823,42.848595174514394,192.34225125559166,78248.09835402,148187.6088655965,VENDI,BASSO,False,False,True,False,,False,True,False,False
2025-02-02,3116.44,3162.35,2750.0,2869.25,2869.25,3373.1376,2982.9913,35.406520686966715,208.05709045162084,185502.0852722,148695.409771659,VENDI,MEDIO,False,False,True,False,,False,True,False,False
2025-02-03,2869.69,2924.6,2150.0,2883.62,2883.62,3351.656,2980.2814999999996,36.10037666215464,248.5244411336479,740839.23312985,180748.8643385825,VENDI,MEDIO,False,False,True,False,,False,True,False,False
2025-02-04,2883.1,2891.9,2633.67,2732.07,2732.07,3326.5454000000004,2976.4130999999998,32.17498606626073,249.21769533838736,364753.54972783,191554.1657321605,VENDI,MEDIO,False,False,True,False,,False,True,False,False
2025-02-05,2732.07,2827.94,2699.6,2788.3,2788.3,3304.4406,2972.7592999999997,34.9991319514958,240.58357424278827,192546.34864221,194375.3522655155,VENDI,MEDIO,False,False,True,False,,False,True,False,False
2025-02-06,2788.56,2858.92,2656.53,2687.1,2687.1,3285.6858,2968.5138,32.38549708446146,237.85546179687483,169430.89789344,195324.2181502745,VENDI,MEDIO,False,False,True,False,,False,True,False,False
2025-02-07,2687.18,2799.59,2563.0,2622.95,2622.95,3269.8578,2964.42305,30.81460937998365,237.76507166852664,182738.50499497,196864.24148249,VENDI,MEDIO,False,False,True,False,,False,True,False,False
2025-02-08,2623.02,2668.11,2588.13,2632.62,2632.62,3253.1008,2960.1716499999998,31.355136039037433,226.49470940648902,128631.57438449,188380.838902538,VENDI,MEDIO,False,False,True,False,,False,True,False,False
2025-02-09,2633.12,2698.72,2522.16,2627.87,2627.87,3238.9164,2956.6360499999996,31.226081871394726,222.92794444888267,91400.38607088,178402.2283151125,VENDI,MEDIO,False,False,True,False,,False,True,False,False
2025-02-10,2627.82,2694.49,2560.35,2661.87,2661.87,3226.5818,2954.0739000000003,33.34099324957954,216.58594841681963,109998.03360165,176317.4316463595,VENDI,MEDIO,False,False,True,False,,False,True,False,False
2025-02-11,2661.84,2725.74,2560.49,2602.03,2602.03,3210.26,2950.7093,31.504703722300917,212.91909495847537,129799.77478026,178160.5952205805,VENDI,MEDIO,False,False,True,False,,False,True,False,False
2025-02-12,2602.08,2796.89,2548.0,2738.58,2738.58,3195.2090000000003,2948.15595,39.6701458009595,215.48844531858427,162873.98962217,179150.790932392,VENDI,MEDIO,False,False,True,False,,False,True,False,False
2025-02-13,2738.84,2758.18,2613.25,2676.09,2676.09,3178.8518,2945.1865000000003,37.46878098269386,210.4485563672568,127721.98336554,177700.2883085105,VENDI,MEDIO,False,False,True,False,,False,True,False,False
2025-02-14,2676.29,2793.44,2664.64,2726.32,2726.32,3166.761,2942.23035,40.33484782152393,204.61651662673847,128927.50134811,181399.52927944748,VENDI,MEDIO,False,False,True,False,,False,True,False,False
2025-02-15,2726.36,2739.55,2664.22,2693.58,2693.58,3154.0606,2939.3069,39.07760956182731,195.38176543911433,40084.20408191,179753.595297424,VENDI,MEDIO,False,False,True,False,,False,True,False,False
2025-02-16,2693.58,2726.58,2652.55,2661.51,2661.51,3139.3334000000004,2936.4554,37.83361086083533,186.7137821934633,52326.61083108,171867.30141681252,VENDI,MEDIO,False,False,True,False,,False,True,False,False
2025-02-17,2661.51,2849.53,2638.43,2744.1,2744.1,3127.2107999999994,2934.1731999999993,42.876932304476526,188.45565489393022,137419.86385484,172996.03543912148,VENDI,MEDIO,False,False,True,False,,False,True,False,False
2025-02-18,2744.11,2756.5,2604.48,2670.59,2670.59,3113.5094,2932.59695,39.783321431037706,185.85310811579234,133442.2018924,172355.34473097802,VENDI,MEDIO,False,False,True,False,,False,True,False,False
2025-02-19,2670.57,2736.29,2654.68,2715.27,2715.27,3101.2084000000004,2931.6647000000003,42.49894290278162,178.4071718218072,100984.73251454,171634.84112331548,VENDI,MEDIO,False,False,True,False,,False,True,False,False
2025-02-20,2715.3,2771.9,2707.15,2738.65,2738.65,3088.915,2931.9163999999996,43.92404231819494,170.28880240596382,88538.81529699,167310.41948296898,VENDI,MEDIO,False,False,True,False,,False,True,False,False
2025-02-21,2738.64,2846.53,2614.08,2661.69,2661.69,3073.1009999999997,2933.123,40.37668280680491,174.728887948395,298706.61877983,178333.34550425952,VENDI,MEDIO,False,False,True,False,,False,True,False,False
2025-02-22,2661.68,2797.81,2652.08,2763.5,2763.5,3056.2174,2934.6279,46.52890539507605,172.65753880922392,83103.0458881,173213.39353505446,VENDI,MEDIO,False,False,True,False,,False,True,False,False
2025-02-23,2763.53,2855.23,2745.5,2819.63,2819.63,3039.482,2937.00775,49.61565104326522,168.16271460856507,95606.18967107,140951.7413621155,VENDI,MEDIO,False,False,True,False,,False,True,False,False
2025-02-24,2819.77,2839.81,2471.74,2513.35,2513.35,3017.0398000000005,2936.1565499999997,37.04798478769961,182.441806422239,199034.77624736,132665.802688092,VENDI,MEDIO,False,False,True,False,,False,True,False,False
2025-02-25,2513.33,2530.99,2319.86,2492.37,2492.37,2993.1124,2935.6187,36.36841840252396,184.49096310636477,367833.55676734,141430.1630943485,VENDI,MEDIO,False,False,True,False,,False,True,False,False
2025-02-26,2492.54,2504.18,2251.01,2332.93,2332.93,2972.1652000000004,2934.2299000000003,31.62136234219436,189.39660859876724,225247.77404589,144221.006901971,VENDI,MEDIO,False,False,True,False,,False,True,False,False
2025-02-27,2332.98,2379.47,2227.04,2305.21,2305.21,2951.7436,2932.9780499999997,30.86700849283345,186.75613655599815,161479.6523548,143158.06426996252,VENDI,MEDIO,False,False,True,False,,False,True,False,False
2025-02-28,2305.41,2312.05,2073.34,2236.36,2236.36,2932.0946000000004,2930.5448499999998,29.015522897035638,190.4671268019983,349901.13722453,154221.5424119645,VENDI,MEDIO,False,False,True,False,,False,True,False,False
2025-03-01,2236.74,2280.48,2142.04,2216.51,2216.51,2911.0942,2928.10995,28.48502501867479,186.7509034589984,87043.0102361,154003.67362022548,VENDI,ALTO,False,False,True,False,,False,True,False,False
2025-03-02,2216.82,2551.49,2172.59,2518.39,2518.39,2895.8217999999997,2927.39355,44.964830225115804,200.4758389262128,315998.58200778,164303.701040532,VENDI,ALTO,False,False,True,False,,False,True,False,False
2025-03-03,2518.4,2523.84,2094.27,2147.53,2147.53,2873.452,2925.2787,34.45922782354758,216.83970757434045,322327.3085523,173930.077729134,VENDI,ALTO,False,False,True,False,,False,True,False,False
2025-03-04,2147.64,2222.15,1991.21,2170.92,2170.92,2854.1488,2923.1645499999995,35.48305512721498,217.8468713190304,432432.0996775,187407.9832319005,VENDI,ALTO,False,False,True,False,,False,True,False,False
2025-03-05,2171.0,2273.29,2154.64,2241.53,2241.53,2834.5,2921.2990000000004,38.60119604090279,210.76138051052826,165354.51710988,189289.60991911747,VENDI,ALTO,False,False,True,False,,False,True,False,False
2025-03-06,2241.63,2320.0,2176.0,2202.42,2202.42,2809.5168,2919.2477000000003,37.5195483349169,205.99271047406194,155071.09381971,190596.78954269752,VENDI,ALTO,False,False,True,False,,False,True,False,False
2025-03-07,2202.03,2258.02,2102.21,2140.81,2140.81,2786.1784,2916.7659999999996,35.816914278575354,202.4082311544861,262699.28057767,201727.5433674855,VENDI,ALTO,False,False,True,False,,False,True,False,False
2025-03-08,2140.81,2234.05,2104.67,2203.03,2203.03,2760.7295999999997,2914.9159500000005,38.83565309060288,197.19192892916567,57548.29986961,201988.62781941198,VENDI,ALTO,False,False,True,False,,False,True,False,False
2025-03-09,2203.03,2211.66,1988.3,2020.02,2020.02,2735.0486000000005,2911.8603500000004,33.800047026319845,199.06107686279668,127517.5417569,201493.51171451499,VENDI,ALTO,False,False,True,False,,False,True,False,False
2025-03-10,2020.02,2152.48,1809.49,1864.12,1864.12,2708.1304000000005,2908.06445,30.20683876226245,209.34171422973978,362167.30853475,212929.76704663248,VENDI,ALTO,False,False,True,False,,False,True,False,False
2025-03-11,1864.52,1962.83,1754.13,1923.08,1923.08,2680.9839999999995,2903.8562,33.10328786779793,209.29587749904408,340034.80127314,224882.2704845625,VENDI,ALTO,False,False,True,False,,False,True,False,False
2025-03-12,1923.02,1956.15,1829.49,1907.93,1907.93,2652.5912,2899.55085,32.72744614503357,203.39331482054095,227178.14493919,231814.2369666725,VENDI,ALTO,False,False,True,False,,False,True,False,False
2025-03-13,1907.88,1922.09,1820.86,1863.81,1863.81,2625.0404000000003,2895.1320499999997,31.602171985404553,196.09593519050233,156763.1076532,224717.061410341,VENDI,ALTO,False,False,True,False,,False,True,False,False
2025-03-14,1863.8,1946.0,1860.46,1911.65,1911.65,2596.5,2891.28645,34.242347976382476,188.19908267689502,95560.30533948,225339.92438291,VENDI,ALTO,False,False,True,False,,False,True,False,False
2025-03-15,1911.55,1957.51,1903.69,1937.61,1937.61,2569.0578,2888.6834,35.69294698001046,178.60057677140253,37624.28395569,222440.829097141,VENDI,ALTO,False,False,True,False,,False,True,False,False
2025-03-16,1937.4,1940.96,1860.49,1886.8,1886.8,2540.4264,2885.47485,34.10705190842752,171.59124985915952,50658.46951025,215022.0137602855,VENDI,ALTO,False,False,True,False,,False,True,False,False
2025-03-17,1886.79,1952.24,1879.8,1926.28,1926.28,2514.3224,2882.4677,36.4691049667747,164.50901772636243,80268.22626745,200643.747235291,VENDI,ALTO,False,False,True,False,,False,True,False,False
2025-03-18,1926.2,1935.7,1871.64,1931.25,1931.25,2489.3088000000002,2879.4952500000004,36.776356570198224,157.3340878887651,98061.93923964,194284.45549497852,VENDI,ALTO,False,False,True,False,,False,True,False,False
2025-03-19,1931.24,2070.6,1927.63,2057.06,2057.06,2468.9287999999997,2877.21745,44.14091120139968,156.30808161099617,196188.24544574,196019.8851495255,VENDI,ALTO,False,False,True,False,,False,True,False,False
2025-03-20,2056.93,2068.58,1951.12,1982.67,1982.67,2446.3016000000002,2875.0013,41.09289163103003,153.5332186387822,117335.61367471,184391.6089720345,VENDI,ALTO,False,False,True,False,,False,True,False,False
2025-03-21,1982.45,1995.27,1936.0,1964.98,1964.98,2420.6516,2872.1371500000005,40.37884220114776,146.8001315931549,82472.92563047,184163.10474175302,VENDI,ALTO,False,False,True,False,,False,True,False,False
2025-03-22,1965.04,2005.99,1963.76,1980.35,1980.35,2394.2587999999996,2869.9179999999997,41.33271028399385,139.33083647935814,40334.50630982,170379.90095685498,VENDI,ALTO,False,False,True,False,,False,True,False,False
2025-03-23,1980.43,2020.54,1976.6,2005.97,2005.97,2372.0425999999998,2867.69555,42.9705706693607,132.51720530226112,48751.22482465,156701.0967704725,VENDI,ALTO,False,False,True,False,,False,True,False,False
2025-03-24,2006.14,2104.21,1977.42,2081.62,2081.62,2356.29,2866.2646499999996,47.620601680345516,132.1081192092425,140535.73445256,142106.27850922552,VENDI,ALTO,False,False,True,False,,False,True,False,False
2025-03-25,2081.61,2098.11,2037.39,2066.78,2066.78,2339.9532,2865.47625,46.81421340266525,127.00896783715375,78429.61811816,137760.0335596395,VENDI,ALTO,False,False,True,False,,False,True,False,False
2025-03-26,2066.75,2079.35,1981.4,2009.72,2009.72,2325.5062,2864.16045,43.74676134180498,124.93332727735704,122121.17620874,136112.537679091,VENDI,ALTO,False,False,True,False,,False,True,False,False
2025-03-27,2009.65,2037.61,1986.83,2003.32,2003.32,2309.8066,2862.6897000000004,43.40323892447941,119.6366610432601,85676.54038226,127261.40066932052,VENDI,ALTO,False,False,True,False,,False,True,False,False
2025-03-28,2003.18,2015.78,1860.86,1896.23,1896.23,2293.9892,2860.3703499999997,38.02291728322882,122.1568995401701,231796.08413787,135973.78988273352,VENDI,ALTO,False,False,True,False,,False,True,False,False
2025-03-29,1896.21,1912.8,1797.51,1827.39,1827.39,2278.078,2857.5660000000003,35.01786272111792,121.66640671587224,103414.81225118,134768.6534074475,VENDI,ALTO,False,False,True,False,,False,True,False,False
2025-03-30,1827.43,1848.27,1767.1,1807.31,1807.31,2261.5718,2854.89985,34.16955431338998,118.77380623616709,100497.70390842,121685.17317613101,VENDI,ALTO,False,False,True,False,,False,True,False,False
2025-03-31,1807.51,1854.2,1776.43,1822.03,1822.03,2245.455,2852.20185,35.40491114267161,115.84496293358372,139811.10321108,111673.98827302801,VENDI,ALTO,False,False,True,False,,False,True,False,False
2025-04-01,1822.05,1928.2,1817.71,1905.13,1905.13,2230.3202,2849.5227,42.01980929260142,115.46246558118489,145912.60901118,107610.71147662748,VENDI,ALTO,False,False,True,False,,False,True,False,False
2025-04-02,1905.13,1956.55,1781.21,1794.7,1794.7,2214.1736,2846.40525,36.648818890046705,119.73943232538596,257321.35292484,112638.6237402095,VENDI,ALTO,False,False,True,False,,False,True,False,False
2025-04-03,1794.77,1845.09,1750.0,1816.36,1816.36,2195.7292,2843.9052,38.31430429034798,117.9787585878584,186281.09068551,117174.66300751102,VENDI,ALTO,False,False,True,False,,False,True,False,False
2025-04-04,1816.33,1835.49,1758.5,1816.39,1816.39,2178.5352000000003,2841.5110999999997,38.31672309634669,115.05099011729709,215577.6441354,126072.3310164965,VENDI,ALTO,False,False,True,False,,False,True,False,False
2025-04-05,1816.34,1826.71,1764.1,1805.09,1805.09,2160.1106,2838.8260500000006,37.71680312918683,111.30520510891874,40241.31817836,125551.473449902,VENDI,ALTO,False,False,True,False,,False,True,False,False
2025-04-06,1805.16,1816.28,1535.06,1579.77,1579.77,2137.8344,2834.85195,28.22669813010708,123.4419761725674,269650.3588939,135020.5800812245,VENDI,ALTO,False,False,True,False,,False,True,False,False
2025-04-07,1579.8,1638.82,1411.0,1552.64,1552.64,2115.657,2830.2859499999995,27.334856629911926,130.8975493030983,698812.70148075,165058.11819328,VENDI,ALTO,False,False,True,False,,False,True,False,False
2025-04-08,1552.37,1618.25,1444.37,1471.94,1471.94,2090.2138,2824.83555,24.82249866119031,133.96772435287698,261089.46902982,168303.179372484,VENDI,ALTO,False,False,True,False,,False,True,False,False
2025-04-09,1472.11,1688.99,1383.26,1669.27,1669.27,2070.1874,2820.1160999999997,39.4720669580287,146.2364583276715,398819.27794972,182377.36258623452,VENDI,ALTO,False,False,True,False,,False,True,False,False
2025-04-10,1669.15,1669.52,1471.63,1521.51,1521.51,2046.3122,2814.81905,34.11176152695997,149.9259970185521,228219.61361863,189664.69698564248,VENDI,ALTO,False,False,True,False,,False,True,False,False
2025-04-11,1521.08,1590.84,1504.0,1566.13,1566.13,2022.8618,2809.4161000000004,36.898503098906204,145.4198543743698,143453.42676045,194820.643008174,VENDI,ALTO,False,False,True,False,,False,True,False,False
2025-04-12,1565.95,1668.88,1544.36,1643.85,1643.85,2002.505,2804.3688,41.536807392267725,143.9270076333434,87012.16952171,196733.690243027,VENDI,ALTO,False,False,True,False,,False,True,False,False
2025-04-13,1643.82,1649.37,1562.0,1597.04,1597.04,1979.1758,2799.45775,39.64657258312817,139.88722137381887,111889.23396001,195301.3652183995,VENDI,ALTO,False,False,True,False,,False,True,False,False
2025-04-14,1597.04,1691.0,1595.06,1624.03,1624.03,1955.2637999999997,2794.4152499999996,41.30513447525394,136.7481341328318,130644.29007707,197912.098816345,VENDI,ALTO,False,False,True,False,,False,True,False,False
2025-04-15,1623.61,1660.98,1583.15,1588.64,1588.64,1936.7695999999999,2788.8815999999997,39.762148602417724,132.53969598048667,112545.45377041,197433.3126944285,VENDI,ALTO,False,False,True,False,,False,True,False,False
2025-04-16,1588.48,1613.22,1538.02,1577.27,1577.27,1918.4676000000002,2783.389,39.254789856051914,128.44400341045193,119238.8795804,199111.42965433552,VENDI,ALTO,False,False,True,False,,False,True,False,False
2025-04-17,1577.3,1616.85,1562.35,1583.83,1583.83,1903.4856,2778.0187,39.73260049764671,123.16228888113393,92253.60889083,192134.3058919835,VENDI,ALTO,False,False,True,False,,False,True,False,False
2025-04-18,1583.86,1600.74,1573.7,1588.57,1588.57,1889.1528000000003,2772.9552000000003,40.0992366794629,116.29641110391007,37357.55064718,188831.4428117835,VENDI,ALTO,False,False,True,False,,False,True,False,False
2025-04-19,1588.61,1630.98,1585.02,1612.87,1612.87,1876.6830000000002,2768.7817999999997,42.0457213552164,111.27238173934506,48914.4709325,186252.2811629875,VENDI,ALTO,False,False,True,False,,False,True,False,False
2025-04-20,1612.97,1619.14,1565.64,1587.32,1587.32,1864.0991999999999,2764.8995999999997,40.553556211743015,107.14578304367757,64780.491809,182500.7505928835,VENDI,ALTO,False,False,True,False,,False,True,False,False
2025-04-21,1587.42,1658.55,1563.06,1579.55,1579.55,1845.3224,2761.0475,40.08762669268297,106.31322711198632,143500.37227559,182380.138756104,VENDI,ALTO,False,False,True,False,,False,True,False,False
2025-04-22,1579.54,1778.92,1538.75,1757.0,1757.0,1837.5118,2757.7603500000005,53.28736488072124,115.87442517541588,332380.92058947,186133.1171393355,VENDI,ALTO,False,False,True,False,,False,True,False,False
2025-04-23,1757.09,1835.74,1746.09,1795.92,1795.92,1830.0118,2754.6674000000003,55.59800742143142,114.00125194860047,267882.65660226,190213.195435173,MANTIENI STATO ATTUALE,ALTO,False,False,True,False,,False,False,False,False
2025-04-24,1795.81,1803.33,1723.01,1770.41,1770.41,1820.5894,2751.3202499999998,53.72225739435699,111.59544823798615,161354.7148951,187502.048973158,VENDI,ALTO,False,False,True,False,,False,True,False,False
2025-04-25,1770.42,1828.9,1740.0,1785.95,1785.95,1812.26,2748.1416000000004,54.7243450560141,109.97434479241572,191388.58108656,195059.412118568,MANTIENI STATO ATTUALE,ALTO,False,False,True,False,,False,False,False,False
2025-04-26,1785.8,1841.66,1779.84,1821.6,1821.6,1805.8758000000003,2745.0522,57.02344751438405,106.53474873581462,75293.67103679,185341.5777257125,MANTIENI STATO ATTUALE,ALTO,False,False,True,False,,False,False,False,False
2025-04-27,1821.77,1857.85,1782.9,1791.88,1791.88,1797.6528,2742.1683000000003,54.53711232010334,104.27869525468499,68093.85600352,153805.635451851,MANTIENI STATO ATTUALE,ALTO,False,False,True,False,,False,False,False,False
2025-04-28,1791.89,1829.0,1744.9,1800.26,1800.26,1793.2576000000001,2739.248,55.13117301642164,102.83735987935034,208134.44795148,151157.88439793402,MANTIENI STATO ATTUALE,ALTO,False,False,True,False,,False,False,False,False
2025-04-29,1800.31,1843.28,1780.6,1798.21,1798.21,1791.9393999999998,2736.0452,54.942037500145744,99.96897703082533,144125.8069908,138423.210849988,MANTIENI STATO ATTUALE,ALTO,False,False,True,False,,False,False,False,False
2025-04-30,1798.2,1817.43,1732.44,1793.79,1793.79,1789.3536000000001,2732.6352,54.50783940322357,98.8990501000521,132367.23008547,133630.59167333,MANTIENI STATO ATTUALE,ALTO,False,False,True,False,,False,False,False,False
2025-05-01,1793.92,1874.48,1792.67,1838.82,1838.82,1787.9714,2729.49095,58.13755121588017,97.67840366433408,139494.50395249,133432.645532932,MANTIENI STATO ATTUALE,ALTO,False,False,True,False,,False,False,False,False
2025-05-02,1838.78,1871.95,1813.43,1842.98,1842.98,1787.5548000000001,2725.5621499999997,58.467238695424626,94.88137483116736,93279.26608996,133746.0003613445,MANTIENI STATO ATTUALE,ALTO,False,False,True,False,,False,False,False,False
2025-05-03,1842.98,1849.27,1810.38,1834.03,1834.03,1786.0024000000003,2721.69915,57.41950323190546,90.8819909146554,45010.41020982,130402.059173835,MANTIENI STATO ATTUALE,ALTO,False,False,True,False,,False,False,False,False
2025-05-04,1834.11,1850.21,1803.01,1809.0,1809.0,1783.4302000000002,2717.6914500000003,54.479198980954926,87.76184870646574,40428.72920351,125891.28113015699,MANTIENI STATO ATTUALE,ALTO,False,False,True,False,,False,False,False,False
2025-05-05,1808.82,1833.51,1781.7,1820.15,1820.15,1782.0972,2713.7676500000002,55.57064325694222,85.19385951314676,85196.59584097,124523.838233685,MANTIENI STATO ATTUALE,ALTO,False,False,True,False,,False,False,False,False
2025-05-06,1820.2,1820.64,1751.45,1817.06,1817.06,1779.9128,2709.64305,55.17581455080944,84.05072669077914,91421.48339979,123132.9684246545,MANTIENI STATO ATTUALE,ALTO,False,False,True,False,,False,False,False,False
2025-05-07,1817.06,1850.94,1787.01,1811.35,1811.35,1777.5148000000002,2705.45995,54.40654811959353,82.61353192715207,138712.13157438,125455.894558832,MANTIENI STATO ATTUALE,ALTO,False,False,True,False,,False,False,False,False
2025-05-08,1811.36,2225.52,1808.61,2207.09,2207.09,1780.5154,2702.7643,77.65691185433771,106.49185107521264,329557.78516842,140065.906284894,MANTIENI STATO ATTUALE,ALTO,False,False,True,False,,False,False,False,False
2025-05-09,2206.84,2490.66,2184.39,2345.29,2345.29,1787.7678,2701.164,81.25238521875936,120.76171885555459,367944.3292584,156017.399201189,MANTIENI STATO ATTUALE,ALTO,False,False,True,False,,False,False,False,False
2025-05-10,2345.42,2600.6,2317.73,2583.8,2583.8,1800.1441999999997,2700.9788,85.56861167711912,132.34088179444353,190174.27767839,162287.0884946585,MANTIENI STATO ATTUALE,ALTO,False,False,True,False,,False,False,False,False
2025-05-11,2583.09,2609.0,2436.47,2514.79,2514.79,1810.833,2700.94305,79.84099111846753,135.21153309484043,143648.21932596,162294.480847177,MANTIENI STATO ATTUALE,ALTO,False,False,True,False,,False,False,False,False
2025-05-12,2514.79,2625.0,2407.41,2495.83,2495.83,1820.6302000000003,2700.7522499999995,78.29046314900906,141.09570930235185,246104.50649036,157980.66014222152,MANTIENI STATO ATTUALE,ALTO,False,False,True,False,,False,False,False,False
2025-05-13,2495.61,2739.05,2415.65,2679.88,2679.88,1832.5953999999997,2701.9716,81.95411391977714,154.11744435218387,209696.06797506,155071.3307108615,MANTIENI STATO ATTUALE,ALTO,False,False,True,False,,False,False,False,False
2025-05-14,2679.82,2725.0,2547.75,2610.31,2610.31,1843.4660000000001,2702.6257,76.68605331434117,155.7697697555993,176653.34640214,155836.26228621352,MANTIENI STATO ATTUALE,ALTO,False,False,True,False,,False,False,False,False
2025-05-15,2610.47,2647.1,2475.0,2548.84,2548.84,1854.2484,2702.84645,72.26588101791208,156.9362147730565,162116.56760589,154372.66161218,MANTIENI STATO ATTUALE,ALTO,False,False,True,False,,False,False,False,False
2025-05-16,2549.16,2648.88,2530.31,2538.02,2538.02,1864.9424000000001,2702.70825,71.48481927589933,154.19577086069532,122465.4564135,156731.2508810155,MANTIENI STATO ATTUALE,ALTO,False,False,True,False,,False,False,False,False
2025-05-17,2537.9,2539.48,2446.89,2476.11,2476.11,1876.5400000000002,2701.89955,67.02124484846485,149.79535865635995,78215.46124074,157237.3311428765,MANTIENI STATO ATTUALE,ALTO,False,False,True,False,,False,False,False,False
2025-05-18,2476.11,2588.25,2323.0,2498.24,2498.24,1889.9569999999999,2701.09995,67.79533760088664,158.04211875233426,134969.08574025,153579.063032315,MANTIENI STATO ATTUALE,ALTO,False,False,True,False,,False,False,False,False
2025-05-19,2498.63,2547.73,2349.73,2528.71,2528.71,1904.385,2701.1693,68.87850340365905,160.89625312716754,216868.76047746,157216.210706648,MANTIENI STATO ATTUALE,ALTO,False,False,True,False,,False,False,False,False
2025-05-20,2529.28,2588.58,2444.4,2525.05,2525.05,1918.4454,2701.2432,68.58012473309563,159.70223504665557,129646.38919276,157080.1686620125,MANTIENI STATO ATTUALE,ALTO,False,False,True,False,,False,False,False,False
2025-05-21,2525.05,2617.15,2452.79,2551.73,2551.73,1931.3774000000003,2701.5346499999996,69.61349105441124,160.03493254332304,218788.745073,161044.880718038,MANTIENI STATO ATTUALE,ALTO,False,False,True,False,,False,False,False,False
2025-05-22,2552.12,2692.99,2545.4,2665.39,2665.39,1948.7912,2702.57875,73.59734937767081,159.1460087902285,196307.76694511,166196.3057607955,MANTIENI STATO ATTUALE,ALTO,False,False,True,False,,False,False,False,False
2025-05-23,2665.59,2734.04,2500.0,2527.02,2527.02,1963.0044,2703.22885,62.802449188225964,164.49557959092647,201851.50906055,174038.360703332,MANTIENI STATO ATTUALE,ALTO,False,False,True,False,,False,False,False,False
2025-05-24,2526.83,2577.57,2515.72,2530.99,2530.99,1977.2964,2703.7726000000002,62.970267859225544,157.1637524772889,40630.87226987,174048.46785665,MANTIENI STATO ATTUALE,ALTO,False,False,True,False,,False,False,False,False
2025-05-25,2531.34,2555.3,2463.37,2552.32,2552.32,1992.241,2702.9128499999997,63.912309400844606,152.50419872891115,58254.46870874,172701.3615000385,MANTIENI STATO ATTUALE,ALTO,False,False,True,False,,False,False,False,False
2025-05-26,2552.44,2600.8,2526.98,2564.32,2564.32,2011.9319999999998,2701.2462,64.46009526046873,146.88389881970323,56978.02353915,170979.1885070065,MANTIENI STATO ATTUALE,ALTO,False,False,True,False,,False,False,False,False
2025-05-27,2564.71,2713.78,2510.54,2662.04,2662.04,2034.12,2699.73595,68.63531682761744,150.9093346182959,166072.34229434,172347.1990430045,MANTIENI STATO ATTUALE,ALTO,False,False,True,False,,False,False,False,False
2025-05-28,2662.18,2690.33,2609.9,2682.16,2682.16,2058.3243999999995,2697.5069,69.43159578080949,145.87509643127476,115559.76273561,161647.29792136402,MANTIENI STATO ATTUALE,ALTO,False,False,True,False,,False,False,False,False
2025-05-29,2682.44,2789.5,2618.88,2631.68,2631.68,2077.5726,2694.73495,64.97458293634952,147.64258954332655,191128.81924232,152806.52242056,MANTIENI STATO ATTUALE,ALTO,False,False,True,False,,False,False,False,False
2025-05-30,2631.41,2649.91,2507.8,2531.94,2531.94,2097.7812,2690.51575,57.16620537258259,147.24740457594606,129873.34038728,149791.4755560045,MANTIENI STATO ATTUALE,ALTO,False,False,True,False,,False,False,False,False
2025-05-31,2531.92,2551.67,2476.84,2529.31,2529.31,2117.0448,2686.92625,56.971782132149514,142.07473282052135,51370.13572435,145177.571375924,MANTIENI STATO ATTUALE,ALTO,False,False,True,False,,False,False,False,False
2025-06-01,2529.31,2550.0,2470.5,2540.38,2540.38,2134.9754000000003,2683.6709,57.62505484314812,137.60510904762697,53153.06712416,135529.999407614,MANTIENI STATO ATTUALE,ALTO,False,False,True,False,,False,False,False,False
2025-06-02,2540.4,2616.87,2476.13,2609.29,2609.29,2155.2204,2681.42215,61.539542404856576,137.82902982993932,127353.9733552,131412.894676621,MANTIENI STATO ATTUALE,ALTO,False,False,True,False,,False,False,False,False
2025-06-03,2609.29,2657.74,2575.75,2595.03,2595.03,2174.6404,2678.9435,60.29819864490636,133.84052769922937,175792.32687578,131369.843700303,MANTIENI STATO ATTUALE,ALTO,False,False,True,False,,False,False,False,False
2025-06-04,2595.03,2681.0,2584.05,2609.07,2609.07,2195.0490000000004,2676.3176000000003,61.129559423257014,131.20549000642725,105615.84491827,128544.807565922,MANTIENI STATO ATTUALE,ALTO,False,False,True,False,,False,False,False,False
2025-06-05,2609.19,2642.53,2392.16,2415.34,2415.34,2211.8104000000003,2673.0103500000005,46.62224673014456,139.7172407202539,205698.4186583,132706.455678162,MANTIENI STATO ATTUALE,ALTO,False,False,True,False,,False,False,False,False
2025-06-06,2415.31,2533.09,2384.0,2478.24,2478.24,2229.6986,2669.3554999999997,50.71215864415866,140.38672352595006,127162.33645658,135153.799438954,MANTIENI STATO ATTUALE,ALTO,False,False,True,False,,False,False,False,False
2025-06-07,2478.38,2545.0,2457.88,2526.14,2526.14,2248.45,2666.4277,53.62620119768371,136.58195755981075,35850.95849949,130197.89307691599,MANTIENI STATO ATTUALE,ALTO,False,False,True,False,,False,False,False,False
2025-06-08,2525.94,2549.57,2492.84,2510.78,2510.78,2266.4082,2663.6204000000002,52.55321105020503,130.87824630553857,33630.83013396,121035.996559741,MANTIENI STATO ATTUALE,ALTO,False,False,True,False,,False,False,False,False
2025-06-09,2510.77,2695.2,2479.09,2681.29,2681.29,2288.2876,2660.2273499999997,61.71177285821114,136.96622871228578,117024.8957477,120404.92188748802,MANTIENI STATO ATTUALE,MEDIO,False,False,True,False,,False,False,False,False
2025-06-10,2681.25,2827.18,2657.11,2816.5,2816.5,2313.0266,2657.651,67.1300706139388,139.33078380426537,268557.67044312,122893.36815599402,MANTIENI STATO ATTUALE,MEDIO,False,False,True,False,,False,False,False,False
2025-06-11,2816.69,2880.0,2743.0,2772.39,2772.39,2333.3344,2654.5254,63.95059758539855,139.16429924681785,179356.72494173,122045.81605582501,MANTIENI STATO ATTUALE,MEDIO,False,False,True,False,,False,False,False,False
2025-06-12,2772.39,2785.93,2615.0,2643.8,2643.8,2350.292,2650.9186,55.6724494666745,141.43327787204512,152072.49988479,119556.86559703699,MANTIENI STATO ATTUALE,ALTO,False,False,True,False,,False,False,False,False
2025-06-13,2643.81,2646.79,2439.17,2580.21,2580.21,2366.488,2646.7460499999997,52.08204847474226,146.16090088118474,283876.86464992,131719.16521603952,MANTIENI STATO ATTUALE,ALTO,False,False,True,False,,False,False,False,False
2025-06-14,2580.25,2580.86,2490.0,2531.97,2531.97,2381.4084,2642.78755,49.47532798909922,142.2108365325287,67625.03115586,132187.6933383955,MANTIENI STATO ATTUALE,ALTO,False,False,True,False,,False,False,False,False
2025-06-15,2531.98,2559.94,2492.42,2548.03,2548.03,2395.937,2637.2395500000002,50.36598147333825,136.87577678020523,48636.95574774,131770.639948825,MANTIENI STATO ATTUALE,ALTO,False,False,True,False,,False,False,False,False
2025-06-16,2547.95,2681.97,2515.23,2545.27,2545.27,2411.0047999999997,2632.07035,50.2021956889054,139.00893558161914,177468.3139788,132340.438533048,MANTIENI STATO ATTUALE,ALTO,False,False,True,False,,False,False,False,False
2025-06-17,2545.41,2619.44,2454.0,2510.7,2510.7,2425.2136,2626.6555,48.09263298338077,140.89686875436064,163609.0001351,134742.9004030225,MANTIENI STATO ATTUALE,ALTO,False,False,True,False,,False,False,False,False
2025-06-18,2510.64,2548.52,2466.38,2525.54,2525.54,2439.7602,2620.7514499999997,49.08178290288229,136.69994955762058,92285.01272137,129800.71007697501,MANTIENI STATO ATTUALE,ALTO,False,False,True,False,,False,False,False,False
2025-06-19,2525.49,2548.35,2485.37,2521.52,2521.52,2454.3148,2614.80785,48.81043738338819,131.4342388749334,51487.65047448,125881.425581335,MANTIENI STATO ATTUALE,ALTO,False,False,True,False,,False,False,False,False
2025-06-20,2521.79,2569.2,2367.58,2407.2,2407.2,2465.6824,2608.62125,41.74293237330404,136.44750752672388,140932.28117073,130359.532853654,VENDI,ALTO,False,False,True,False,,False,True,False,False
2025-06-21,2407.2,2449.05,2217.06,2297.28,2297.28,2474.7684,2602.0197,36.30036727729507,143.27197127481506,107608.7542578,133082.317210336,VENDI,ALTO,False,False,True,False,,False,True,False,False
2025-06-22,2297.26,2315.15,2113.0,2228.46,2228.46,2482.6569999999997,2593.94535,33.36703707603834,147.47754475518542,224937.83363588,137961.51022437,VENDI,ALTO,False,False,True,False,,False,True,False,False
2025-06-23,2228.46,2440.0,2189.11,2413.0,2413.0,2494.7369999999996,2587.0657,45.97406600978219,154.86414870124358,219164.75168992,140130.131465077,VENDI,ALTO,False,False,True,False,,False,True,False,False
2025-06-24,2412.81,2483.38,2377.79,2449.87,2449.87,2507.3314,2579.2909,48.08737929402046,151.34456665115476,156696.78441766,142684.1784400465,VENDI,ALTO,False,False,True,False,,False,True,False,False
2025-06-25,2449.74,2470.19,2391.15,2420.09,2420.09,2519.3920000000003,2571.3913000000002,46.50504617388435,146.17995474750086,123451.65827947,138571.840421105,VENDI,ALTO,False,False,True,False,,False,True,False,False
2025-06-26,2420.09,2521.67,2395.0,2417.4,2417.4,2531.513,2563.44455,46.356660756094136,144.78638655125079,114621.88775791,137944.81798617152,VENDI,ALTO,False,False,True,False,,False,True,False,False
2025-06-27,2417.21,2464.69,2381.26,2424.2,2424.2,2535.8552,2556.9977000000003,46.81860776828078,140.40378751187572,96456.08851832,140975.07448711302,VENDI,ALTO,False,False,True,False,,False,True,False,False
2025-06-28,2424.24,2448.97,2407.03,2437.08,2437.08,2537.691,2551.0314,47.736655350532935,133.370659832456,29496.9317339,140768.37956711,VENDI,ALTO,False,False,True,False,,False,True,False,False
2025-06-29,2437.08,2526.27,2413.36,2500.69,2500.69,2536.0288,2544.35945,52.13155556746826,131.9091841301377,47090.69337747,137271.6694485985,MANTIENI STATO ATTUALE,ALTO,False,False,True,False,,False,False,False,False
2025-06-30,2500.7,2524.85,2433.97,2486.15,2486.15,2535.456,2537.3768,51.07430487413473,128.97852812084216,115164.67938137,129602.01989551101,MANTIENI STATO ATTUALE,ALTO,False,False,True,False,,False,False,False,False
2025-07-01,2486.16,2501.45,2386.96,2405.32,2405.32,2533.6458,2529.86405,45.544542217427434,127.9436332550677,78850.04742822,124576.6860198355,VENDI,MEDIO,False,False,True,False,,False,True,False,False
2025-07-02,2405.41,2619.98,2372.62,2571.13,2571.13,2531.4708,2523.37345,56.05528684858793,136.47337373684857,167801.93789726,125363.15792045901,ACQUISTA,BASSO,True,False,True,False,standard,True,False,False,False
2025-07-03,2571.13,2637.96,2557.21,2592.13,2592.13,2531.1072,2516.5456,57.18250149046869,132.49313275564512,115059.14879727,116922.2721278265,MANTIENI STATO ATTUALE,BASSO,False,False,True,False,,True,False,False,False
2025-07-04,2592.14,2603.7,2475.0,2508.8,2508.8,2530.3064,2509.1516,51.533679255459376,132.22219470167045,77877.16679488,117434.87890977753,MANTIENI STATO ATTUALE,MEDIO,False,False,True,False,,True,False,False,False
2025-07-05,2508.79,2530.42,2488.4,2517.01,2517.01,2529.8862,2502.26895,52.036407082485155,125.77918079440828,22282.7328538,116117.16776508049,MANTIENI STATO ATTUALE,BASSO,False,False,True,False,,True,False,False,False
2025-07-06,2517.02,2605.38,2504.27,2570.84,2570.84,2531.7808,2496.9989499999997,55.30960995785736,124.01709645195056,41033.07311666,109295.40572197348,MANTIENI STATO ATTUALE,BASSO,False,False,True,False,,True,False,False,False
2025-07-07,2570.81,2591.15,2512.76,2542.38,2542.38,2532.6636000000003,2492.6391,53.2408899200932,120.75801813395408,79624.16907512,105096.1641689745,MANTIENI STATO ATTUALE,BASSO,False,False,True,False,,True,False,False,False
2025-07-08,2542.39,2628.95,2523.58,2616.52,2616.52,2534.4197999999997,2488.36935,57.6814178232845,119.65887398152879,100288.23984643,105496.32552522751,MANTIENI STATO ATTUALE,BASSO,False,False,True,False,,True,False,False,False
2025-07-09,2616.35,2797.83,2590.47,2769.83,2769.83,2539.3154,2485.53305,65.06871420761087,125.9232401257053,186502.61069478,112247.0735362425,MANTIENI STATO ATTUALE,MEDIO,False,False,True,False,,True,False,False,False
2025-07-10,2769.83,3000.0,2756.22,2951.22,2951.22,2547.3052,2483.89615,71.42457831646543,134.34158011672636,236543.69036785,117027.6439960985,MANTIENI STATO ATTUALE,ALTO,False,False,True,False,,True,False,False,False
2025-07-11,2951.87,3040.8,2913.58,2959.12,2959.12,2553.1798,2481.60115,71.66638066790517,133.8328958226745,230285.8494589,123161.49875615351,MANTIENI STATO ATTUALE,ALTO,False,False,True,False,,True,False,False,False
2025-07-12,2959.22,2981.01,2905.29,2944.37,2944.37,2561.5268,2478.86735,70.467417504713,129.68197469248346,63678.56454793,115098.53530175603,MANTIENI STATO ATTUALE,ALTO,False,False,True,False,,True,False,False,False
2025-07-13,2944.48,3022.0,2937.0,2973.38,2973.38,2570.3746,2476.2644999999998,71.47808756858672,126.4904050715918,70227.25148441,107651.66029148051,MANTIENI STATO ATTUALE,ALTO,False,False,True,False,,True,False,False,False
2025-07-14,2973.48,3083.52,2964.2,3014.53,3014.53,2579.6188,2474.68285,72.8950656429371,125.97823328076382,192451.97265422,109439.4197033085,MANTIENI STATO ATTUALE,ALTO,False,False,True,False,,True,False,False,False
2025-07-15,3014.41,3144.81,2933.0,3138.01,3138.01,2591.0926,2473.7299000000003,76.64464407802454,132.10907376070926,179476.73196827,112240.6733877485,MANTIENI STATO ATTUALE,ALTO,False,False,True,False,,True,False,False,False
2025-07-16,3138.79,3425.89,3101.25,3373.12,3373.12,2605.3142,2473.60615,81.80560773383618,145.86128277780145,292334.52407204,121126.30520345499,MANTIENI STATO ATTUALE,ALTO,False,False,True,False,,True,False,False,False
2025-07-17,3373.2,3526.73,3311.01,3479.77,3479.77,2621.2664,2474.2538499999996,83.57831295437364,150.85119115081562,274593.74925785,130033.18824043148,MANTIENI STATO ATTUALE,ALTO,False,False,True,False,,True,False,False,False
2025-07-18,3479.78,3677.4,3461.68,3549.67,3549.67,2639.6262,2475.2239,84.63496847161,155.48467749718594,337824.83515568,145449.58341152052,MANTIENI STATO ATTUALE,ALTO,False,False,True,False,,True,False,False,False
2025-07-19,3549.66,3610.85,3508.66,3594.3,3594.3,2660.8733999999995,2476.5438,85.28596953650369,151.67791481881554,83316.75149516,147260.886317405,MANTIENI STATO ATTUALE,ALTO,False,False,True,False,,True,False,False,False
2025-07-20,3594.31,3825.36,3581.22,3758.6,3758.6,2685.4592,2478.5702,87.40209716564586,158.28234947461448,146787.12978622,148842.0088376475,MANTIENI STATO ATTUALE,ALTO,False,False,True,False,,True,False,False,False
2025-07-21,3758.66,3860.8,3703.76,3763.75,3763.75,2709.9266,2480.127,87.46296103118544,158.19361022642772,221705.85764009,155984.799348241,MANTIENI STATO ATTUALE,ALTO,False,False,True,False,,True,False,False,False
2025-07-22,3763.75,3801.63,3617.47,3748.62,3748.62,2732.7131999999997,2480.8316999999997,86.14617963586625,160.04835235311148,225021.75942135,158845.7904244455,MANTIENI STATO ATTUALE,ALTO,False,False,True,False,,True,False,False,False
2025-07-23,3748.62,3766.79,3528.43,3630.34,3630.34,2753.4194,2480.7014,76.45547874663555,165.6420414707464,211546.24270422,163670.14511979301,MANTIENI STATO ATTUALE,ALTO,False,False,True,False,,True,False,False,False
2025-07-24,3630.41,3775.0,3507.78,3708.6,3708.6,2775.41,2481.0670999999998,78.20265223418848,172.89760993712164,224420.86882496,170997.330221297,MANTIENI STATO ATTUALE,ALTO,False,False,True,False,,True,False,False,False
2025-07-25,3708.88,3747.76,3574.39,3725.84,3725.84,2801.62,2481.2526000000003,78.5797490136314,172.93135208447012,217042.92308788,180735.33973300102,MANTIENI STATO ATTUALE,ALTO,False,False,True,False,,True,False,False,False
2025-07-26,3725.84,3795.0,3699.02,3743.06,3743.06,2826.9164,2483.0664500000003,78.97108218537966,167.43482693557942,72302.973587,182298.83475651802,MANTIENI STATO ATTUALE,ALTO,False,False,True,False,,True,False,False,False
2025-07-27,3743.05,3880.23,3731.71,3873.92,3873.92,2853.8720000000003,2485.8046,81.70624628663447,166.08376786875232,77968.55076879,182216.0538412015,MANTIENI STATO ATTUALE,ALTO,False,False,True,False,,True,False,False,False
2025-07-28,3873.92,3941.86,3753.15,3799.46,3799.46,2879.6456,2488.7078500000002,75.67483755076898,167.69992730669858,199027.60346952,187153.022022356,MANTIENI STATO ATTUALE,ALTO,False,False,True,False,,True,False,False,False
2025-07-29,3799.44,3886.01,3715.14,3793.4,3793.4,2901.8878000000004,2491.3422,75.18837604208727,167.92636107050583,138313.68335934,184743.57565558402,MANTIENI STATO ATTUALE,ALTO,False,False,True,False,,True,False,False,False
2025-07-30,3793.5,3833.68,3676.67,3810.44,3810.44,2921.7666000000004,2493.98435,75.66213893528175,167.14662099404111,119425.78709017,178887.6804917,MANTIENI STATO ATTUALE,ALTO,False,False,True,False,,True,False,False,False
2025-07-31,3810.45,3878.32,3680.01,3698.07,3698.07,2940.2801999999997,2496.1446,66.62724274940169,169.3725766373239,101490.47064491,172447.9115510005,MANTIENI STATO ATTUALE,ALTO,False,False,True,False,,True,False,False,False
2025-08-01,3697.85,3724.7,3429.44,3486.39,3486.39,2957.132,2497.89615,53.634449949110135,178.3645354489436,214413.30257873,179984.64845254048,MANTIENI STATO ATTUALE,MEDIO,False,False,True,False,,True,False,True,False
2025-08-02,3486.29,3536.77,3368.03,3392.8,3392.8,2973.3838,2498.7403,49.07756578247141,177.67706863116192,125995.90627221,182773.0811919305,MANTIENI STATO ATTUALE,MEDIO,False,False,True,False,,True,False,True,False
2025-08-03,3392.81,3521.96,3354.56,3497.31,3497.31,2992.6906,2498.96895,53.79815845872696,176.94299230036464,56152.10527646,175958.0878230425,MANTIENI STATO ATTUALE,MEDIO,False,False,True,False,,True,False,True,False
2025-08-04,3497.31,3737.27,3491.5,3720.87,3720.87,3016.1474,2501.03465,61.92849239878814,181.8592071360529,128256.57360012,173397.07990463503,MANTIENI STATO ATTUALE,ALTO,False,False,True,False,,True,False,False,False
2025-08-05,3720.86,3721.53,3546.05,3611.57,3611.57,3037.4734,2501.71515,56.677177560004736,181.4035494834777,114099.28155356,164485.31777871103,MANTIENI STATO ATTUALE,ALTO,False,False,True,False,,True,False,False,False
2025-08-06,3611.79,3699.81,3563.44,3683.8,3683.8,3060.9354000000003,2503.6138,59.142809167116056,178.186867377515,123751.95784805,156943.22820822097,MANTIENI STATO ATTUALE,ALTO,False,False,True,False,,True,False,False,False
2025-08-07,3683.78,3928.65,3647.87,3911.28,3911.28,3088.6502,2507.12005,65.75338619798987,185.51494827912109,215879.45364256,150845.959132565,MANTIENI STATO ATTUALE,ALTO,False,False,True,False,,True,False,False,False
2025-08-08,3910.92,4071.21,3880.19,4011.0,4011.0,3118.4398000000006,2510.77305,68.18360600869784,185.90816625918384,283924.61832068,160876.352473841,MANTIENI STATO ATTUALE,ALTO,False,False,True,False,,True,False,False,False
2025-08-09,4010.72,4326.34,4007.14,4262.46,4262.46,3155.545,2515.4475,73.32423368011665,195.429011526385,201072.28837789,163590.6104034245,MANTIENI STATO ATTUALE,ALTO,False,False,True,False,,True,False,False,False
2025-08-10,4262.45,4333.13,4161.16,4251.91,4251.91,3194.6376,2520.5003,72.7928330711791,193.75336784592895,135684.68640911,159289.55184187548,MANTIENI STATO ATTUALE,ALTO,False,False,True,False,,True,False,False,False
2025-08-11,4251.89,4365.97,4165.86,4224.48,4224.48,3234.558,2524.92935,71.34507320195348,194.20741299979122,256938.33538629,160885.38064012252,MANTIENI STATO ATTUALE,ALTO,False,False,True,False,,True,False,False,False
2025-08-12,4224.45,4638.0,4219.92,4589.88,4589.88,3278.0956,2531.33015,77.70603338500675,210.1983120712347,344450.27634218,167530.5823220205,MANTIENI STATO ATTUALE,ALTO,False,False,True,False,,True,False,False,False
2025-08-13,4589.71,4786.36,4562.87,4751.46,4751.46,3324.1274000000003,2538.4956,79.8374687679365,211.1477183518608,324934.36944854,172556.2573531995,MANTIENI STATO ATTUALE,ALTO,False,False,True,False,,True,False,False,False
2025-08-14,4751.54,4792.0,4446.15,4550.59,4550.59,3366.7374000000004,2545.0911499999997,70.77813799371593,220.76930989815648,344363.7591017,178922.29915389052,MANTIENI STATO ATTUALE,ALTO,False,False,True,False,,True,False,False,False
2025-08-15,4550.83,4671.6,4370.0,4442.56,4442.56,3407.2406,2551.3943,66.41339176911549,226.54293061971677,241688.82570246,187391.59175966348,MANTIENI STATO ATTUALE,ALTO,False,False,True,False,,True,False,False,False
2025-08-16,4442.55,4495.15,4376.02,4425.13,4425.13,3447.2592000000004,2558.13965,65.7093078076893,218.8705784325941,81370.11239552,187561.669841,MANTIENI STATO ATTUALE,ALTO,False,False,True,False,,True,False,False,False
2025-08-17,4425.49,4577.71,4397.65,4475.47,4475.47,3488.027,2564.94685,66.80390980046707,216.09839425883743,104186.64462627,182819.6218988375,MANTIENI STATO ATTUALE,ALTO,False,False,True,False,,True,False,False,False
2025-08-18,4475.47,4484.57,4227.01,4315.37,4315.37,3524.3206,2570.2863,60.220004572232966,219.0599375260633,224168.99724414,187112.3875930775,MANTIENI STATO ATTUALE,ALTO,True,False,True,False,,True,False,False,False
2025-08-19,4315.95,4356.88,4066.2,4075.89,4075.89,3556.1153999999997,2574.1658,51.96929801576005,224.17565627420166,266984.37093954,194490.316785546,VENDI,ALTO,False,False,True,False,,False,False,True,True
2025-08-20,4075.13,4378.23,4062.24,4336.41,4336.41,3594.7371999999996,2580.26395,58.612481508935645,230.73382368318724,204393.53249278,199635.4698779395,MANTIENI STATO ATTUALE,ALTO,False,False,True,False,,False,False,False,False
2025-08-21,4336.42,4340.41,4203.81,4224.43,4224.43,3627.8032000000003,2587.0398499999997,55.085686957908905,224.00997913438812,135477.16502351,195688.6630001785,MANTIENI STATO ATTUALE,ALTO,False,False,True,False,,False,False,False,False
2025-08-22,4224.17,4886.1,4204.86,4831.24,4831.24,3672.5854000000004,2596.7779499999997,66.7583425502373,256.66926633907474,382321.64289869,208504.94983150248,MANTIENI STATO ATTUALE,ALTO,False,False,True,False,,False,False,False,False
2025-08-23,4830.18,4830.91,4660.55,4776.73,4776.73,3717.9439999999995,2607.00125,65.1210935602773,250.52789017199797,97399.85594592,210567.3373649755,MANTIENI STATO ATTUALE,ALTO,False,False,True,False,,False,False,False,False
2025-08-24,4776.73,4955.9,4710.0,4779.87,4779.87,3763.2012,2616.9591,65.17407819632307,250.1973265882838,158333.15493157,212071.16643154802,MANTIENI STATO ATTUALE,ALTO,False,False,True,False,,False,False,False,False
2025-08-25,4779.52,4797.7,4335.66,4377.02,4377.02,3799.3248,2625.4087,53.8679060699692,265.3289461176921,257426.71057578,219237.53788265897,ACQUISTA,ALTO,True,False,True,False,standard,True,False,False,False
2025-08-26,4377.02,4634.71,4311.68,4601.64,4601.64,3840.51,2635.3021500000004,58.22000553135962,269.4504499664284,241823.89422103,225141.134701308,MANTIENI STATO ATTUALE,ALTO,True,False,True,False,,True,False,False,False
2025-08-27,4601.63,4664.43,4481.39,4506.95,4506.95,3878.3186,2644.6738,55.82891927944165,263.2782749688264,182804.11996722,223487.368017541,MANTIENI STATO ATTUALE,ALTO,False,False,True,False,,True,False,False,False
2025-08-28,4506.95,4635.0,4428.0,4511.3,4511.3,3913.1479999999997,2654.0909500000002,55.91848654601654,259.2583981853388,139168.54135212,216249.564169113,MANTIENI STATO ATTUALE,ALTO,False,False,True,False,,True,False,False,False
2025-08-29,4511.3,4516.95,4268.0,4360.2,4360.2,3941.3276,2662.5826,51.97596776726854,258.52208402924316,187412.576106,215566.57855551847,MANTIENI STATO ATTUALE,ALTO,False,False,True,False,,True,False,False,False
2025-08-30,4360.21,4415.29,4257.17,4374.58,4374.58,3969.6367999999998,2671.44535,52.32049944944065,251.35050659858294,66655.29676488,212115.109073307,MANTIENI STATO ATTUALE,ALTO,False,False,True,False,,True,False,False,False
2025-08-31,4374.48,4498.95,4373.06,4391.91,4391.91,3998.5876000000003,2679.712,52.76034642184186,242.38904184154129,83463.56830359,203441.370719172,MANTIENI STATO ATTUALE,ALTO,False,False,True,False,,True,False,False,False
2025-09-01,4391.9,4490.0,4209.01,4314.76,4314.76,4025.4152000000004,2687.9053499999995,50.525722256539765,245.14625313857405,119463.39453363,192192.0266287445,MANTIENI STATO ATTUALE,ALTO,False,False,True,False,,True,False,False,False
2025-09-02,4314.87,4417.24,4256.27,4326.57,4326.57,4051.6560000000004,2695.9066,50.868768880625865,239.13366362867586,144877.84602714,183189.2004576745,MANTIENI STATO ATTUALE,ALTO,False,False,True,False,,True,False,False,False
2025-09-03,4326.52,4495.45,4283.09,4452.4,4452.4,4077.9438,2704.7007,54.48956179358925,237.2212590837704,143077.06609651,173124.865807415,MANTIENI STATO ATTUALE,ALTO,False,False,True,False,,True,False,False,False
2025-09-04,4452.39,4484.7,4265.3,4298.37,4298.37,4096.4488,2712.885,49.66455032823507,235.9483120063582,177760.02779911,169928.42591224748,MANTIENI STATO ATTUALE,ALTO,False,False,True,False,,True,False,False,False
2025-09-05,4298.09,4490.0,4253.0,4307.65,4307.65,4113.006399999999,2720.7027500000004,49.95209036334818,236.0234325773326,209546.87120895,176337.26385291902,MANTIENI STATO ATTUALE,ALTO,False,False,True,False,,True,False,False,False
2025-09-06,4307.65,4328.69,4237.13,4274.15,4274.15,4127.496,2728.72055,48.866863959103185,225.70461596466598,41875.25454685,173221.69434894802,MANTIENI STATO ATTUALE,ALTO,False,False,True,False,,True,False,False,False
2025-09-07,4274.24,4336.44,4270.13,4305.56,4305.56,4141.721200000001,2736.6719999999996,49.96448610825286,214.3192862529041,37354.50429946,163880.969701714,MANTIENI STATO ATTUALE,ALTO,False,False,True,False,,True,False,False,False
2025-09-08,4305.01,4384.24,4278.78,4305.84,4305.84,4152.666,2744.5079500000006,49.974795050054674,206.54362294912525,135970.0065259,157330.251481032,MANTIENI STATO ATTUALE,ALTO,False,False,True,False,,True,False,False,False
2025-09-09,4305.85,4382.03,4276.33,4309.93,4309.93,4163.5896,2752.7491499999996,50.13640543547833,199.34050702418773,110554.67476563,152638.3085946745,MANTIENI STATO ATTUALE,ALTO,False,False,True,False,,True,False,False,False
2025-09-10,4309.94,4454.5,4283.77,4350.0,4350.0,4175.617200000001,2760.68165,51.77997663951773,197.29689937960288,133832.27705062,152556.06419603,MANTIENI STATO ATTUALE,ALTO,False,False,True,False,,True,False,False,False
2025-09-11,4350.38,4480.92,4339.12,4460.51,4460.51,4192.2206,2768.8860499999996,56.07966973945381,193.33283513820268,128739.9909512,139876.98159865552,MANTIENI STATO ATTUALE,ALTO,False,False,True,False,,True,False,False,False
2025-09-12,4460.52,4744.75,4452.17,4714.66,4714.66,4212.3418,2779.8926,64.02458204942143,200.42191834261678,195085.25198337,144761.251400528,MANTIENI STATO ATTUALE,ALTO,True,False,True,False,,True,False,False,False
2025-09-13,4714.66,4768.6,4607.0,4669.0,4669.0,4231.205,2790.7757500000002,61.859567271346926,197.64892417528705,74925.80480158,140590.88389402852,MANTIENI STATO ATTUALE,ALTO,False,False,True,False,,True,False,False,False
2025-09-14,4669.0,4694.53,4579.44,4605.93,4605.93,4248.4624,2802.1407499999996,58.8969306762081,191.75185816276658,46791.47622757,130059.12217661801,MANTIENI STATO ATTUALE,ALTO,False,False,True,False,,True,False,False,False
2025-09-15,4605.93,4672.0,4464.68,4524.56,4524.56,4261.4752,2813.2375,55.22231214982139,192.86386829399754,117720.34314937,123853.944623035,MANTIENI STATO ATTUALE,ALTO,False,False,True,False,,True,False,False,False
2025-09-16,4524.68,4538.85,4425.0,4502.7,4502.7,4275.54,2824.5692,54.243193389802286,187.22002055871204,119821.33855279,120704.8055523135,MANTIENI STATO ATTUALE,ALTO,False,False,True,False,,True,False,False,False
2025-09-17,4502.7,4619.18,4416.02,4592.17,4592.17,4291.5154,2836.4475,57.55991480841632,188.35859051880402,164384.79307111,121965.618138263,MANTIENI STATO ATTUALE,ALTO,True,False,True,False,,True,False,False,False
2025-09-18,4592.17,4646.81,4555.02,4589.4,4589.4,4307.094599999999,2846.80255,57.421139529107066,181.46083405317518,125688.22234093,118879.4004500095,MANTIENI STATO ATTUALE,ALTO,True,False,True,False,,True,False,False,False
2025-09-19,4589.4,4622.25,4437.45,4471.0,4471.0,4322.5532,2858.4199,51.685078486394765,181.69934590651982,97288.06053699,120411.038638615,MANTIENI STATO ATTUALE,ALTO,False,False,True,False,,True,False,False,False
2025-09-20,4470.99,4513.01,4456.79,4482.69,4482.69,4342.4792,2869.97875,52.192866163243124,172.73653548462556,39081.2744386,118191.9239453655,MANTIENI STATO ATTUALE,ALTO,False,False,True,False,,True,False,False,False
2025-09-21,4482.43,4501.1,4445.26,4447.03,4447.03,4363.5638,2881.00625,50.45097136536945,164.38678295000946,37295.56770455,114083.5326039115,MANTIENI STATO ATTUALE,ALTO,False,False,True,False,,True,False,False,False
2025-09-22,4447.34,4458.0,4058.85,4202.42,4202.42,4377.666,2891.00625,40.47278856796836,181.15558416786595,211133.84496602,117396.3325508555,VENDI,ALTO,False,False,True,False,,False,True,False,False
2025-09-23,4202.3,4233.0,4117.78,4165.19,4165.19,4386.5524000000005,2901.12815,39.20194229264194,176.44589958444698,100228.30178808,115253.894335434,VENDI,ALTO,False,False,True,False,,False,True,False,False
2025-09-24,4165.18,4208.22,4076.0,4153.9,4153.9,4397.399,2910.8825,38.804025504356666,173.2869067569865,83346.81253793,110533.233572375,VENDI,ALTO,False,False,True,False,,False,True,False,False
2025-09-25,4153.9,4162.65,3825.0,3875.7,3875.7,4401.236999999999,2920.1609,30.569764367385744,185.027127702916,282687.98643677,114190.289333766,VENDI,MEDIO,False,False,True,False,,False,True,False,False
2025-09-26,3875.74,4071.17,3869.14,4034.27,4034.27,4403.6968,2931.01165,38.57120903124952,186.24161858127914,155666.90690747,119879.871951797,VENDI,MEDIO,False,False,True,False,,False,True,False,False
2025-09-27,4034.2,4040.95,3974.5,4020.35,4020.35,4403.8838,2941.498,38.15550913851179,177.68507439690205,41729.01532417,120098.5975030325,VENDI,MEDIO,False,False,True,False,,False,True,False,False
2025-09-28,4020.34,4145.96,3967.22,4143.25,4143.25,4401.499599999999,2952.6746,43.90390443640914,177.7604262256948,61349.14384314,116367.5543688945,VENDI,ALTO,False,False,True,False,,False,True,False,False
2025-09-29,4143.36,4239.99,4084.0,4217.25,4217.25,4400.8064,2964.4418,47.0926934136809,176.2053957810023,111587.56348085,116419.1988046555,VENDI,ALTO,False,False,True,False,,False,True,False,False
2025-09-30,4217.16,4248.99,4093.0,4145.99,4145.99,4399.2366,2975.6135,44.47107456376958,174.7614389395021,112394.45769006,115347.3078366275,VENDI,MEDIO,False,False,True,False,,False,True,False,False
2025-10-01,4145.98,4358.96,4123.35,4350.52,4350.52,4394.4494,2987.67805,52.62330849832528,179.10776472953768,151382.25097815,116479.42083797502,ACQUISTA,ALTO,True,False,True,False,standard,True,False,False,False
2025-10-02,4350.52,4521.03,4335.01,4487.49,4487.49,4389.17,3000.6814999999997,57.159250994773814,179.60149582028495,153389.71044144,114394.6437608785,MANTIENI STATO ATTUALE,ALTO,True,False,True,False,,True,False,False,False
2025-10-03,4487.3,4596.19,4430.08,4515.89,4515.89,4388.476,3013.6295499999997,58.05595819394829,178.63781754740745,194121.46395236,120354.42671841751,MANTIENI STATO ATTUALE,ALTO,True,False,True,False,,True,False,False,False
2025-10-04,4515.89,4521.34,4442.6,4490.01,4490.01,4389.425,3026.4233499999996,56.88742647945229,171.50225915116405,51384.17568724,120584.06169140102,MANTIENI STATO ATTUALE,ALTO,False,False,True,False,,True,False,False,False
2025-10-05,4489.86,4619.31,4469.69,4515.4,4515.4,4391.2303999999995,3038.7150500000002,57.7851489176779,169.93924064036668,85645.8875434,118980.3389111025,MANTIENI STATO ATTUALE,ALTO,False,False,True,False,,True,False,False,False
2025-10-06,4515.4,4739.46,4489.11,4686.32,4686.32,4395.4474,3052.2332999999994,63.321953501184176,175.68286630891197,180142.07592977,121996.3757799515,MANTIENI STATO ATTUALE,ALTO,True,False,True,False,,True,False,False,False
2025-10-07,4686.33,4759.16,4432.47,4449.8,4449.8,4398.1359999999995,3064.6574,52.9687783684776,186.46909014398966,198779.53212198,123716.11273249499,MANTIENI STATO ATTUALE,ALTO,True,False,True,False,,True,False,False,False
2025-10-08,4449.81,4559.89,4411.13,4527.3,4527.3,4407.1642,3077.39215,55.53422864764801,183.77558370513327,133876.75247388,124125.53923914248,MANTIENI STATO ATTUALE,ALTO,True,False,True,False,,True,False,False,False
2025-10-09,4526.93,4532.97,4266.83,4370.9,4370.9,4407.854,3089.2168,49.64846403730181,189.65875629762377,141076.62781726,126314.967603156,MANTIENI STATO ATTUALE,ALTO,False,False,True,False,,True,False,False,False
2025-10-10,4370.72,4397.03,3510.0,3836.15,3836.15,4400.088400000001,3097.98945,35.71194350215558,239.4709879906506,386709.49939687,143696.3788510695,VENDI,MEDIO,False,False,True,False,,False,True,False,False
2025-10-11,3836.89,3887.34,3648.28,3750.6,3750.6,4378.4756,3106.4085499999997,34.06452194644548,239.44163170560412,155467.48573337,149604.9747525105,VENDI,MEDIO,False,False,True,False,,False,True,False,False
2025-10-12,3750.8,4200.28,3698.71,4156.21,4156.21,4366.0652,3117.1410000000005,46.634280852569496,258.16508658377523,151733.45389149,146634.95519878398,VENDI,MEDIO,False,False,True,False,,False,True,False,False
2025-10-13,4156.38,4295.57,4045.49,4244.69,4244.69,4355.3616,3128.3478499999997,48.92179888323738,257.58758039921986,153339.31784774,149290.506001767,VENDI,MEDIO,False,False,True,False,,False,True,False,False
2025-10-14,4244.69,4267.41,3892.16,4126.39,4126.39,4350.348999999999,3139.49865,46.077869155976046,265.99203894213275,243536.31872992,157299.9813113665,VENDI,MEDIO,False,False,True,False,,False,True,False,False
2025-10-15,4126.26,4218.58,3930.31,3987.53,3987.53,4338.0668,3150.29935,42.92366134829539,267.58332187483757,157726.70619812,151051.91729943402,VENDI,MEDIO,False,False,True,False,,False,True,False,False
2025-10-16,3987.28,4090.0,3826.72,3894.91,3894.91,4325.826,3160.7373500000003,40.911973274067634,267.27594174092064,161382.6010111,151337.7020046155,VENDI,MEDIO,False,False,True,False,,False,True,False,False
2025-10-17,3895.0,3952.8,3673.64,3832.99,3832.99,4312.259800000001,3170.79215,39.57656865684327,268.1248030451406,202879.86788105,159395.2446324595,VENDI,MEDIO,False,False,True,False,,False,True,False,False
2025-10-18,3832.86,3930.25,3820.14,3890.4,3890.4,4302.8638,3180.7185,41.483699928303764,256.8380313990591,45567.63757722,158606.16931916348,VENDI,MEDIO,False,False,True,False,,False,True,False,False
2025-10-19,3890.4,4032.4,3829.23,3983.89,3983.89,4295.05,3191.66445,44.55284064401807,253.0046005848406,89989.11920544,157526.247105393,VENDI,MEDIO,False,False,True,False,,False,True,False,False
2025-10-20,3984.11,4086.0,3908.36,3980.42,3980.42,4286.8202,3202.4847499999996,44.45963229675466,247.62141482878056,100967.70620232,156954.90953100598,VENDI,MEDIO,False,False,True,False,,False,True,False,False
2025-10-21,3980.43,4113.15,3838.88,3874.57,3874.57,4278.0164,3212.77565,41.60056296756754,249.52488519815336,167898.09575775,157780.70176998602,VENDI,MEDIO,False,False,True,False,,False,True,False,False
2025-10-22,3874.8,3891.6,3711.49,3806.12,3806.12,4267.6074,3222.7807999999995,39.8173687359601,244.566679112571,144557.44893026,157339.088694427,VENDI,BASSO,False,False,True,False,,False,True,False,False
2025-10-23,3806.25,3936.1,3796.77,3858.41,3858.41,4255.7276,3234.1739999999995,41.86734792348128,237.04977346167308,112678.89994476,153266.96049404697,VENDI,BASSO,False,False,True,False,,False,True,False,False
2025-10-24,3858.41,4024.31,3847.36,3936.1,3936.1,4248.4821999999995,3246.0913,44.87191792374364,232.756932500125,122248.90258364,156810.19683886698,VENDI,MEDIO,False,False,True,False,,False,True,False,False
2025-10-25,3936.1,3965.44,3911.88,3954.52,3954.52,4241.4196,3258.5042,45.58996086348231,219.95715160725894,25280.14115745,153791.9095195695,VENDI,MEDIO,False,False,True,False,,False,True,False,False
2025-10-26,3954.5,4178.82,3919.34,4158.81,4158.81,4239.1128,3270.9519,52.914887964407434,222.78021220674043,65472.37802493,148058.4246243275,MANTIENI STATO ATTUALE,MEDIO,False,False,True,False,,False,False,False,False
2025-10-27,4159.05,4254.23,4094.72,4120.1,4120.1,4235.4036,3283.94485,51.500094513155865,218.2609113348304,131419.43492108,144690.4197642825,VENDI,MEDIO,False,False,True,False,,False,True,False,False
2025-10-28,4120.0,4177.54,3931.8,3980.25,3980.25,4228.8918,3296.01545,46.64756564980025,220.22370338234253,112997.59147629,143646.461714403,VENDI,MEDIO,False,False,True,False,,False,True,False,False
2025-10-29,3980.2,4038.7,3838.0,3904.2,3904.2,4220.7771999999995,3307.3171999999995,44.20816028559534,218.82915314074663,118300.54341506,142507.657494293,VENDI,BASSO,False,False,True,False,,False,True,False,False
2025-10-30,3904.17,3949.34,3676.04,3804.02,3804.02,4209.8576,3318.3520999999996,41.15503610218389,222.71992791640758,139553.89852977,130149.87745093802,VENDI,BASSO,False,False,True,False,,False,True,False,False
2025-10-31,3804.24,3903.62,3795.51,3845.79,3845.79,4197.5632,3329.4609,42.92496707415048,214.53350449380704,123546.29718716,128553.81802362748,VENDI,BASSO,False,False,True,False,,False,True,False,False
2025-11-01,3846.44,3908.94,3829.2,3872.16,3872.16,4180.7132,3340.8785000000003,44.06871975871551,204.9053970299637,26667.45704268,122300.51818118701,VENDI,BASSO,False,False,True,False,,False,True,False,False
2025-11-02,3872.07,3916.5,3838.27,3905.97,3905.97,4165.4526000000005,3352.522,45.574656937379146,195.8571543849663,31963.95389787,116231.7499836935,VENDI,BASSO,False,False,True,False,,False,True,False,False
2025-11-03,3906.01,3914.06,3552.4,3602.88,3602.88,4145.3916,3362.6172500000002,36.17225523137128,207.70021478604014,167062.25570553,112408.04683247399,VENDI,BASSO,False,False,True,False,,False,True,False,False
2025-11-04,3602.88,3653.6,3055.0,3286.21,3286.21,4120.624599999999,3371.10545,29.357446520050047,235.62162801560868,314015.40004056,120222.48152459599,VENDI,MEDIO,False,False,True,False,,False,True,False,False
2025-11-05,3286.41,3481.76,3165.58,3423.89,3423.89,4099.048400000001,3380.16055,35.083819854696586,241.3757974430652,205596.700027,122433.186475391,VENDI,BASSO,False,False,True,False,,False,True,False,False
2025-11-06,3423.9,3455.93,3243.6,3313.46,3313.46,4073.4741999999997,3388.79125,32.788043045995906,239.3010976257034,188062.26831086,121692.30649688149,VENDI,MEDIO,False,False,True,False,,False,True,False,False
2025-11-07,3313.47,3472.1,3191.02,3433.71,3433.71,4050.3603999999996,3398.06205,37.57811838406087,242.28530493815316,175288.79692612,128178.3644643265,VENDI,BASSO,False,False,True,False,,False,True,False,False
2025-11-08,3433.92,3487.39,3354.41,3400.46,3400.46,4028.9496000000004,3406.27935,36.79720673003006,234.47778315685653,75557.97738948,127456.80737352851,VENDI,MEDIO,False,False,True,False,,False,True,False,False
2025-11-09,3400.47,3622.45,3356.85,3582.92,3582.92,4010.9541999999997,3415.21435,43.71007453197829,236.7007986456525,97906.75276072,127303.75970144852,VENDI,BASSO,False,False,True,False,,False,True,False,False
2025-11-10,3582.92,3658.38,3505.14,3566.49,3566.49,3993.3434,3424.1947500000006,43.251324646819214,230.73931302810593,124625.79870813,125140.14484896751,VENDI,BASSO,False,False,True,False,,False,True,False,False
2025-11-11,3566.41,3647.38,3403.41,3416.54,3416.54,3977.6258,3432.3477,39.20695260729261,231.68436209752696,122912.10083045,124057.877443977,VENDI,MEDIO,False,False,True,False,,False,True,False,False
2025-11-12,3416.54,3587.94,3371.59,3414.06,3414.06,3962.6031999999996,3440.31,39.14176246074259,230.58905051913217,130120.8908459,124929.97698903401,VENDI,MEDIO,False,False,True,False,,False,True,False,False
2025-11-13,3414.06,3564.4,3150.0,3229.65,3229.65,3944.1182,3447.49885,34.5424821248958,243.71840405347987,207375.27877133,129186.2957984185,VENDI,MEDIO,False,False,True,False,,False,True,False,False
2025-11-14,3229.68,3255.0,3067.74,3109.49,3109.49,3928.7940000000003,3454.045,31.91128194138018,239.68566090680278,193349.98553734,137589.788017413,VENDI,MEDIO,False,False,True,False,,False,True,False,False
2025-11-15,3109.89,3228.54,3108.21,3166.3,3166.3,3911.4345999999996,3460.8854499999998,34.453424543275574,231.16025655631688,60465.46978573,137339.442605453,VENDI,MEDIO,False,False,True,False,,False,True,False,False
2025-11-16,3166.3,3246.44,3001.13,3092.25,3092.25,3892.8726,3467.3777499999997,32.737661301455404,232.17095251657997,113366.47629324,136436.794674061,VENDI,MEDIO,False,False,True,False,,False,True,False,False
2025-11-17,3092.24,3221.13,2955.01,3027.89,3027.89,3870.5654000000004,3473.3231,31.27964482207406,234.59588447968142,195102.07233124,140542.0187168085,VENDI,MEDIO,False,False,True,False,,False,True,False,False
2025-11-18,3027.89,3168.98,2943.75,3121.74,3121.74,3848.6552,3479.7169,35.77169082861741,233.92689273113274,200616.77009048,144657.83005057948,VENDI,MEDIO,False,False,True,False,,False,True,False,False
2025-11-19,3121.5,3124.1,2868.5,3023.1,3023.1,3826.1974,3485.6622500000003,33.30734166040148,235.4749718217661,245497.12319725,149954.99128395348,VENDI,MEDIO,False,False,True,False,,False,True,False,False
2025-11-20,3023.11,3061.05,2786.9,2830.59,2830.59,3795.7988,3490.7702000000004,29.09464024302298,238.2374738344971,215908.80878084,154573.11686363752,VENDI,MEDIO,False,False,True,False,,False,True,False,False
2025-11-21,2830.31,2882.31,2620.0,2763.99,2763.99,3761.3288000000002,3495.4894,27.785331960456944,239.9569399891759,289458.97165947,167712.692594477,VENDI,MEDIO,False,False,True,False,,False,True,False,False
2025-11-22,2763.99,2797.86,2702.71,2768.5,2768.5,3726.381,3500.2466000000004,28.021552899987682,229.6135871328062,93138.03438977,170771.396619072,VENDI,MEDIO,False,False,True,False,,False,True,False,False
2025-11-23,2768.4,2857.19,2766.72,2801.14,2801.14,3692.6036,3505.19555,29.811005848607536,219.67475948046294,103122.45973534,167574.4068205625,VENDI,MEDIO,False,False,True,False,,False,True,False,False
2025-11-24,2801.14,2985.82,2762.0,2952.59,2952.59,3661.3474,3508.92305,37.56697383539246,219.9708480890013,183914.24759294,161069.3491981815,VENDI,MEDIO,False,False,True,False,,False,True,False,False
2025-11-25,2952.58,2979.0,2854.98,2958.17,2958.17,3626.7844,3511.98745,37.83951430062381,213.11721608264406,129153.15107452,157247.1717505575,VENDI,MEDIO,False,False,True,False,,False,True,False,False
2025-11-26,2958.17,3044.78,2887.88,3026.43,3026.43,3598.317,3514.2006,41.21988115890707,209.1017006481695,105309.10876742,153109.5137733855,VENDI,MEDIO,False,False,True,False,,False,True,False,False
2025-11-27,3026.34,3071.58,2983.79,3014.86,3014.86,3568.0682,3516.70095,40.81472904240046,200.43657917330026,73449.92905273,148017.570379716,VENDI,MEDIO,False,False,True,False,,False,True,False,False
2025-11-28,3014.9,3099.0,2993.63,3031.86,3031.86,3541.2873999999997,3519.3811,41.7211349100526,193.64610923235026,128095.41347223,150644.4421838535,VENDI,MEDIO,False,False,True,False,,False,True,False,False
2025-11-29,3031.86,3053.53,2963.0,2990.31,2990.31,3524.3706,3520.93325,40.104510693311084,186.28067285861098,59997.88078648,148748.9985851415,VENDI,MEDIO,False,False,True,False,,False,True,False,False
2025-11-30,2990.3,3053.78,2976.98,2991.9,2991.9,3509.1965999999998,3522.8412,40.20000223693098,178.46062479728164,42972.80053891,144666.3486766805,VENDI,ALTO,False,False,True,False,,False,True,False,False
2025-12-01,2991.68,3000.07,2716.82,2798.3,2798.3,3482.0383999999995,3524.0885,33.24906793205628,185.9455801689044,173487.80302209,147195.1337862625,VENDI,ALTO,False,False,True,False,,False,True,False,False
2025-12-02,2798.25,3034.84,2781.87,2996.7,2996.7,3457.0786,3526.3819,43.94569960177391,190.7330387282684,128062.03226086,147092.1908570105,VENDI,ALTO,False,False,True,False,,False,True,False,False
2025-12-03,2996.6,3214.99,2986.28,3189.79,3189.79,3438.3466000000003,3529.9502999999995,52.00644852218256,193.44567881910635,166820.22275226,145064.438056057,VENDI,ALTO,False,False,True,False,,False,True,False,False
2025-12-04,3189.8,3241.57,3067.09,3134.13,3134.13,3421.2786000000006,3533.1297499999996,49.784036065686344,192.09098747488446,146083.73369148,142701.125463764,VENDI,ALTO,False,False,True,False,,False,True,False,False
2025-12-05,3134.09,3194.24,2985.36,3022.61,3022.61,3403.8326,3535.5992500000007,45.581155594421645,193.29020265524986,139256.13602594,146640.6587757745,VENDI,ALTO,False,False,True,False,,False,True,False,False
2025-12-06,3022.51,3068.83,3012.66,3039.13,3039.13,3387.9554,3538.1696500000003,46.30432198272118,183.49590246558915,36886.93732815,142816.68182752,VENDI,ALTO,False,False,True,False,,False,True,False,False
2025-12-07,3039.12,3150.2,2910.08,3061.0,3061.0,3371.3674,3540.7160000000003,47.302712848800745,187.5404808609042,73740.78542865,136748.6174823905,VENDI,ALTO,False,False,True,False,,False,True,False,False
2025-12-08,3060.71,3180.0,3040.27,3124.93,3124.93,3354.1882,3543.0137,50.21668682995798,184.12544651369677,118930.55246979,132664.306601356,VENDI,ALTO,False,False,True,False,,False,True,False,False
2025-12-09,3124.93,3398.0,3090.92,3318.54,3318.54,3340.9506,3546.9713,57.823098799842334,192.9079146198613,135391.03238959,127159.002060973,MANTIENI STATO ATTUALE,ALTO,False,False,True,False,,False,False,False,False
2025-12-10,3318.24,3477.44,3288.78,3325.02,3325.02,3329.9595999999997,3550.9414500000003,58.05410170986473,192.60449214701404,124648.6028813,122595.991765996,MANTIENI STATO ATTUALE,ALTO,False,False,True,False,,False,False,False,False
2025-12-11,3325.26,3328.54,3145.53,3237.4,3237.4,3318.5851999999995,3554.36685,53.766015008288086,191.91917127937018,144773.67579285,115361.72697266498,VENDI,ALTO,False,False,True,False,,False,True,False,False
2025-12-12,3237.7,3266.95,3045.3,3084.91,3084.91,3303.1151999999997,3556.9698,47.22790626030728,194.0428019022723,120880.53475436,116748.85199089449,VENDI,ALTO,False,False,True,False,,False,True,False,False
2025-12-13,3084.91,3135.78,3079.05,3115.0,3115.0,3286.6932,3559.2346000000002,48.55724009316506,184.23474462353855,33885.15056189,113286.98653222198,VENDI,ALTO,False,False,True,False,,False,True,False,False
2025-12-14,3115.0,3130.35,3025.14,3063.3,3063.3,3268.8688,3561.1403000000005,46.39476197029286,178.59012000757153,52828.2429336,106732.686299255,VENDI,ALTO,False,False,True,False,,False,True,False,False
2025-12-15,3063.44,3178.0,2893.38,2964.4,2964.4,3244.9806,3562.8039000000003,42.495921945333635,186.16368286417355,188580.10039244,109704.033765151,VENDI,ALTO,False,False,True,False,,False,True,False,False
2025-12-16,2964.51,2981.8,2878.01,2961.96,2961.96,3221.8178,3564.954,42.40124955590446,180.27984837387544,108885.75640921,109882.86614724051,VENDI,ALTO,False,False,True,False,,False,True,False,False
2025-12-17,2961.99,3028.99,2790.01,2832.25,2832.25,3198.8577999999998,3566.4687,37.60511537751555,184.47271634717,153896.3781066,113905.18859993399,VENDI,ALTO,False,False,True,False,,False,True,False,False
2025-12-18,2832.25,2995.99,2773.42,2826.57,2826.57,3177.3052000000002,3567.89965,37.405585157227314,187.19395089380072,150314.12370061,115016.124111353,VENDI,ALTO,False,False,True,False,,False,True,False,False
2025-12-19,2826.57,3017.41,2806.9,2978.03,2978.03,3160.7853999999998,3569.74335,45.68195992263433,188.85938297281496,120797.81921161,118056.12103260949,VENDI,ALTO,False,False,True,False,,False,True,False,False
2025-12-20,2977.95,2992.98,2964.43,2976.6,2976.6,3143.4016,3571.6512,45.62062771616134,177.40871276047105,22537.36877657,117034.34944449249,VENDI,ALTO,False,False,True,False,,False,True,False,False
2025-12-21,2976.7,3012.25,2943.0,3001.42,3001.42,3125.9868,3573.6129499999997,46.951891707415946,169.68309042043742,38659.49857414,110292.93422209499,VENDI,ALTO,False,False,True,False,,False,True,False,False
2025-12-22,3001.37,3075.84,2962.08,3007.69,3007.69,3108.0212,3576.5746999999997,47.30285968274988,165.68858396183478,97545.57724577,108767.1114713405,VENDI,ALTO,False,False,True,False,,False,True,False,False
2025-12-23,3007.62,3033.98,2900.0,2962.85,2962.85,3095.2206,3578.9977500000005,45.00943794256376,163.423685107418,87383.52700078,104795.2766837665,VENDI,ALTO,False,False,True,False,,False,True,False,False
2025-12-24,2962.71,2976.3,2886.35,2945.07,2945.07,3088.3978,3581.0924,44.09647893632165,158.17556474260246,73342.07583396,101158.1937908905,VENDI,ALTO,False,False,True,False,,False,True,False,False
2025-12-25,2944.96,2969.34,2889.03,2902.34,2902.34,3077.9668,3583.0501999999997,41.897016232112314,152.61373868955943,31419.70884907,95766.372432047,VENDI,ALTO,False,False,True,False,,False,True,False,False
2025-12-26,2902.34,2991.8,2892.35,2925.43,2925.43,3070.2062,3584.2709000000004,43.53594646113029,148.81632878316236,65611.25452567,97202.58829192299,VENDI,ALTO,False,False,True,False,,False,True,False,False
2025-12-27,2925.58,2958.84,2915.39,2946.6,2946.6,3060.4640000000004,3584.9214,45.06592539712067,141.29016244150793,17100.49298785,94370.57366988299,VENDI,ALTO,False,False,True,False,,False,True,False,False
2025-12-28,2946.34,2958.89,2923.24,2948.92,2948.92,3051.4332,3585.80405,45.24103921093963,133.7444365528288,20908.58592207,89469.475342497,VENDI,ALTO,False,False,True,False,,False,True,False,False
2025-12-29,2948.91,3054.7,2907.07,2934.19,2934.19,3038.4586000000004,3587.256,44.27599682911469,134.73626251334102,88554.14320991,87127.63088351299,VENDI,ALTO,False,False,False,False,,False,True,False,False
2025-12-30,2934.18,3005.9,2915.01,2970.42,2970.42,3026.5371999999998,3589.20705,47.25613263531189,131.60438661953094,113086.56309377,86549.52889413651,MANTIENI STATO ATTUALE,ALTO,False,False,False,False,,False,False,False,False
2025-12-31,2970.42,3024.29,2958.07,2966.84,2966.84,3017.5432,3591.3814,46.98871705254186,126.93407328956444,84906.66933587,83556.1785712875,MANTIENI STATO ATTUALE,ALTO,False,False,False,False,,False,False,False,False
2026-01-01,2966.68,3006.97,2966.2,3000.41,3000.41,3009.2702000000004,3593.6433,49.85431401842503,120.77949662602413,31274.2034847,79075.86200780449,MANTIENI STATO ATTUALE,ALTO,False,False,False,False,,False,False,False,False
2026-01-02,3000.41,3148.99,2988.41,3125.24,3125.24,3007.1819999999993,3596.54315,58.77772782200031,123.62238972416526,156570.8612605,85210.14754273501,MANTIENI STATO ATTUALE,ALTO,False,False,False,False,,False,False,False,False
2026-01-03,3124.62,3135.93,3075.2,3125.43,3125.43,3007.5008000000003,3599.6168,58.789748308276735,119.13007617243917,39093.70486454,84523.420639282,MANTIENI STATO ATTUALE,ALTO,False,False,False,False,,False,False,False,False
2026-01-04,3125.53,3166.32,3117.71,3143.14,3143.14,3007.0376,3602.7048,59.96171487383072,114.09292787440782,45533.73655067,77371.1024471935,MANTIENI STATO ATTUALE,ALTO,False,False,False,False,,False,False,False,False
2026-01-05,3143.15,3264.66,3132.79,3225.19,3225.19,3009.6964000000003,3606.22315,64.9368571377033,115.36271874052154,116202.42497422,77736.935875444,MANTIENI STATO ATTUALE,ALTO,False,False,False,False,,False,False,False,False
2026-01-06,3225.19,3307.72,3181.62,3295.59,3295.59,3015.0503999999996,3610.6651,68.54809241231482,116.12966740191285,120521.49963554,76068.191951891,MANTIENI STATO ATTUALE,ALTO,False,False,False,False,,False,False,False,False
2026-01-07,3295.58,3295.83,3121.68,3165.64,3165.64,3015.9284000000002,3615.0069,56.898870997621174,120.2739768732048,120187.64882991,74561.868208356,MANTIENI STATO ATTUALE,ALTO,False,False,False,False,,False,False,False,False
2026-01-08,3165.67,3182.0,3050.2,3104.3,3104.3,3017.5524,3619.3861000000006,52.37435253536316,121.09726423940447,123784.90554436,74711.2225249935,MANTIENI STATO ATTUALE,ALTO,False,False,False,False,,False,False,False,False
2026-01-09,3104.29,3145.01,3053.69,3084.31,3084.31,3022.6268,3622.74265,50.952393735152974,118.97031679373274,105429.69239068,78855.838705699,MANTIENI STATO ATTUALE,ALTO,False,False,False,False,,False,False,False,False
2026-01-10,3084.3,3101.47,3074.0,3082.39,3082.39,3028.9948000000004,3625.9052500000003,50.809705508047465,112.43457987989467,21670.68894315,78006.39822414951,MANTIENI STATO ATTUALE,ALTO,False,False,False,False,,False,False,False,False
2026-01-11,3082.4,3142.41,3080.29,3118.65,3118.65,3035.9978,3629.39805,53.46038715201832,108.84068131704504,38157.04305369,75036.9715145455,MANTIENI STATO ATTUALE,ALTO,False,False,False,False,,False,False,False,False
2026-01-12,3118.82,3167.27,3062.02,3091.94,3091.94,3041.8138,3632.77075,51.26878390241921,108.58420408011325,88338.00436696,75084.69538285451,MANTIENI STATO ATTUALE,ALTO,False,False,False,False,,False,False,False,False
2026-01-13,3091.94,3375.0,3087.93,3323.38,3323.38,3049.2296,3637.2666499999996,64.75244995747667,121.33318950296231,130752.63257942,77955.2232201275,MANTIENI STATO ATTUALE,ALTO,False,True,False,False,,False,False,False,False
2026-01-14,3323.37,3405.03,3278.45,3354.82,3354.82,3057.1625999999997,3641.8553500000003,66.12372687092977,121.70796168132217,168871.62431704,84827.818993526,MANTIENI STATO ATTUALE,ALTO,False,False,False,False,,False,False,False,False
2026-01-15,3354.82,3384.32,3270.58,3317.98,3317.98,3062.9936,3645.9418,63.0294340911374,121.13882156122776,137640.67755377,88429.290144931,MANTIENI STATO ATTUALE,ALTO,False,False,False,False,,False,False,False,False
2026-01-16,3317.98,3326.59,3250.83,3294.88,3294.88,3068.594,3649.9854500000006,61.098740391817024,117.89747716399722,87030.08309374,91925.7696502255,MANTIENI STATO ATTUALE,ALTO,False,False,False,False,,False,False,False,False
2026-01-17,3294.87,3329.02,3282.3,3309.33,3309.33,3074.1433999999995,3654.5054999999998,61.88524922834543,112.81337165228312,20339.38672031,91897.3096901375,MANTIENI STATO ATTUALE,ALTO,False,False,False,False,,False,False,False,False
2026-01-18,3309.0,3367.65,3276.92,3282.55,3282.55,3079.9882000000002,3658.0626,59.48490183184722,111.23598796283433,34435.3169577,89191.368377527,MANTIENI STATO ATTUALE,ALTO,False,False,False,False,,False,False,False,False
2026-01-19,3282.5,3282.71,3162.86,3187.51,3187.51,3083.9004,3661.0395000000003,51.8052540436584,111.85127453691759,83088.29353263,87691.45489947,MANTIENI STATO ATTUALE,ALTO,False,False,False,False,,False,False,False,False
2026-01-20,3187.17,3198.16,2912.52,2936.5,2936.5,3086.6644,3663.1780000000003,37.89146933553348,124.26475492713774,128671.13095088,89879.6779802205,VENDI,ALTO,False,False,False,False,,False,True,False,False
2026-01-21,2936.5,3066.65,2863.4,2979.6,2979.6,3086.3224,3665.4909500000003,40.83008859244442,129.9065581466279,168165.2321748,96724.2294147255,VENDI,ALTO,False,False,False,False,,False,True,False,False
2026-01-22,2979.59,3035.84,2902.91,2949.36,2949.36,3081.5138,3667.38355,39.420778813685615,130.12251827901164,118196.4248216,94805.5075927805,VENDI,ALTO,False,False,False,False,,False,True,False,False
2026-01-23,2949.36,3015.0,2888.01,2952.77,2952.77,3077.8866,3669.4355,39.673644852412636,129.89876697336794,103986.36773647,98050.14073637701,VENDI,ALTO,False,False,False,False,,False,True,False,False
2026-01-24,2952.76,2966.14,2939.8,2948.86,2948.86,3076.4116000000004,3671.0972,39.47020162998352,122.50171218955592,29942.09293195,97270.558555441,VENDI,ALTO,False,False,False,False,,False,True,False,False
2026-01-25,2948.85,2956.13,2783.26,2814.28,2814.28,3071.9146,3671.31945,33.16609054977181,126.09944703315907,100921.28333024,96506.50147324201,VENDI,ALTO,False,False,False,False,,False,True,False,False
2026-01-26,2814.19,2948.49,2809.43,2926.85,2926.85,3069.2315999999996,3671.1976,41.57229867043417,127.02520081650485,135029.2158281,97231.88728286998,VENDI,ALTO,False,False,False,False,,False,True,False,False
2026-01-27,2926.89,3031.39,2895.61,3021.91,3021.91,3067.1711999999998,3671.51155,47.569481042251304,127.65054361532592,114381.14515769,96941.562099259,MANTIENI STATO ATTUALE,ALTO,False,False,False,False,,False,False,False,False
2026-01-28,3021.9,3041.67,2979.21,3006.17,3006.17,3060.9238,3671.82055,46.71447046601368,122.99407621423121,108171.16245197,96160.8749446395,MANTIENI STATO ATTUALE,ALTO,False,False,False,False,,False,False,False,False
2026-01-29,3006.17,3009.5,2750.36,2817.79,2817.79,3050.7792000000004,3671.0426,37.92794562925538,132.71878505607185,177140.15522134,99746.3980861725,VENDI,ALTO,False,False,False,False,,False,True,False,False
2026-01-30,2817.78,2824.54,2632.39,2702.69,2702.69,3040.0850000000005,3669.4833999999996,33.75083954107937,136.963871837781,206345.03143941,108980.11521098549,VENDI,ALTO,False,False,False,False,,False,True,False,False
2026-01-31,2702.68,2710.09,2238.74,2449.36,2449.36,3027.3740000000003,3666.0401500000003,26.764224268577976,160.84859527793952,236036.47844218,118874.08698041001,VENDI,ALTO,False,False,False,False,,False,True,False,False
2026-02-01,2449.44,2473.86,2218.57,2268.18,2268.18,3010.4376,3660.51545,23.083800136249067,167.59440990094384,168839.93353968,122899.183439046,VENDI,ALTO,False,False,False,False,,False,True,False,False
2026-02-02,2268.24,2395.59,2156.25,2345.11,2345.11,2996.0738,3654.8421499999995,27.63417215840633,172.71909490801931,296747.25726593,131198.9146733715,VENDI,ALTO,False,False,False,False,,False,True,False,False
2026-02-03,2344.8,2357.76,2108.24,2230.48,2230.48,2981.3954,3648.2462,25.23823557739462,178.20487384316084,330270.90869692,139268.87889236552,VENDI,ALTO,False,False,False,False,,False,True,False,False
2026-02-04,2230.48,2292.56,2072.57,2143.57,2143.57,2965.0276,3640.99255,23.56968714149889,181.1895257115065,320920.4352572,148432.86677753698,VENDI,ALTO,False,False,True,False,,False,True,False,False
2026-02-05,2143.2,2169.01,1814.19,1823.2,1823.2,2944.8466000000003,3631.31555,18.669798287796795,193.5917024463989,464003.04620229,167281.51493296452,VENDI,ALTO,False,False,True,False,,False,True,False,False
2026-02-06,1823.11,2092.83,1742.79,2061.95,2061.95,2929.5542,3622.8065500000002,30.298948109388732,204.76658084308468,451365.13255963,188832.8022249305,VENDI,ALTO,False,False,True,False,,False,True,False,False
2026-02-07,2061.95,2119.74,1993.46,2086.17,2086.17,2911.717,3614.4943,31.37100831710292,199.16039649715006,192545.45852236,196738.3093031635,VENDI,ALTO,False,False,True,False,,False,True,False,False
2026-02-08,2086.19,2150.0,2064.96,2088.42,2088.42,2893.9534,3606.7847,31.47645010478918,191.00893960449648,121252.98101963,198646.5436775135,VENDI,ALTO,False,False,True,False,,False,True,False,False
2026-02-09,2088.36,2146.76,2006.88,2103.83,2103.83,2876.0016000000005,3598.7608499999997,32.244264080645266,187.35687248988958,228127.87563129,203619.38091153398,VENDI,ALTO,False,False,True,False,,False,True,False,False
2026-02-10,2103.83,2123.22,1988.0,2021.71,2021.71,2856.282,3590.2402,30.29606485497851,183.63281016918316,213966.420435,205909.440324544,VENDI,ALTO,False,False,True,False,,False,True,False,False
2026-02-11,2021.7,2031.41,1901.31,1939.45,1939.45,2835.8140000000003,3581.22215,28.442238232761298,179.8090380142415,227202.64243775,211359.7512053515,VENDI,ALTO,False,False,True,False,,False,True,False,False
2026-02-12,1939.9,2000.29,1895.56,1946.11,1946.11,2815.8347999999996,3571.5831,28.82198925059761,174.44624958465286,172231.12506456,214771.989071756,VENDI,ALTO,False,False,True,False,,False,True,False,False
2026-02-13,1946.11,2072.06,1923.2,2047.48,2047.48,2798.7376,3562.8232000000003,34.518159690198274,172.61866032860624,216798.30582469,224114.799716393,VENDI,ALTO,False,False,True,False,,False,True,False,False
2026-02-14,2047.58,2106.41,2041.04,2085.4,2085.4,2781.937,3554.2832,36.56329164618728,164.95804173370578,70592.89786878,222598.38044332,VENDI,ALTO,False,False,True,False,,False,True,False,False
2026-02-15,2085.47,2101.78,1927.48,1965.36,1965.36,2762.3122000000003,3545.0577999999996,33.04487758810083,165.62532446701255,123812.19170979,222037.52923740452,VENDI,ALTO,False,False,True,False,,False,True,False,False
2026-02-16,1965.48,2022.48,1936.44,1997.28,1997.28,2743.2794,3536.5538500000002,34.84044353115135,159.9406584336545,97967.28653274,221216.836306157,VENDI,ALTO,False,False,True,False,,False,True,False,False
2026-02-17,1997.28,2015.5,1940.16,1990.83,1990.83,2724.4121999999998,3529.0760499999997,34.638301949216924,153.89775425982202,164705.51966895,224043.554167006,VENDI,ALTO,False,False,True,False,,False,True,False,False
2026-02-18,1990.84,2038.2,1922.59,1955.01,1955.01,2704.1040000000003,3521.8870999999995,33.47667972430983,151.16291466983475,176455.34215612,224009.313513745,VENDI,ALTO,False,False,True,False,,False,True,False,False
2026-02-19,1955.04,1986.59,1905.12,1948.16,1948.16,2683.7304000000004,3514.14135,33.24705892448023,146.18484933627514,134714.77993462,220427.8009385055,VENDI,ALTO,False,False,True,False,,False,True,False,False
2026-02-20,1948.19,1981.39,1922.31,1968.13,1968.13,2663.0847999999996,3505.3776500000004,34.65426680948815,139.96307438368405,151107.68969076,216181.36150093446,VENDI,ALTO,False,False,True,False,,False,True,False,False
2026-02-21,1968.14,1995.0,1955.04,1973.0,1973.0,2640.04,3497.1848,35.014051678966325,132.81999764199233,47046.21307684,210091.6754777925,VENDI,ALTO,False,False,True,False,,False,True,False,False
2026-02-22,1972.93,1982.78,1934.04,1956.84,1956.84,2616.6682,3488.55,34.3384306147648,126.81428352470716,54638.7090849,197986.248068741,VENDI,ALTO,False,False,True,False,,False,True,False,False
2026-02-23,1956.96,1958.13,1836.96,1855.52,1855.52,2590.9158,3478.2712,30.38028985882626,126.41112041579952,220044.05459508,192474.90536364898,VENDI,ALTO,False,False,True,False,,False,True,False,False
2026-02-24,1855.53,1868.92,1800.09,1851.94,1851.94,2563.4508,3467.4758999999995,30.247619312048798,122.29818324324242,198610.32724686,186359.39996313202,VENDI,ALTO,False,False,True,False,,False,True,False,False
2026-02-25,1852.0,2148.44,1845.98,2057.71,2057.71,2538.6932,3456.45215,45.090381965221134,135.1668844401537,303193.14292721,178318.90479937798,VENDI,ALTO,False,False,True,False,,False,True,False,False
2026-02-26,2057.7,2083.57,1975.11,2027.9,2027.9,2515.9384000000005,3445.3321,43.64154206522977,133.2592498372856,205616.57814145,166031.477078469,VENDI,ALTO,False,False,True,False,,False,True,False,False
2026-02-27,2027.59,2063.99,1887.04,1929.61,1929.61,2492.4446000000003,3433.85775,39.1721732686594,136.38001770605092,237872.58254425,168297.8332795635,VENDI,ALTO,False,False,True,False,,False,True,False,False
2026-02-28,1929.61,1984.9,1835.46,1964.71,1964.71,2470.0526,3420.7319,41.47708612906694,137.31287358419016,129828.80621692,168726.624539428,VENDI,ALTO,False,False,True,False,,False,True,False,False
2026-03-01,1964.7,2054.56,1907.99,1939.68,1939.68,2447.1984,3406.6730000000007,40.30423914748673,137.97409689960514,142846.49675678,164462.55559570252,VENDI,ALTO,False,False,True,False,,False,True,False,False
2026-03-02,1939.67,2089.49,1920.0,2027.49,2027.49,2425.3752,3394.0575,46.06609983846376,140.2252328353476,278981.4823567,167713.30869178748,VENDI,ALTO,False,False,True,False,,False,True,False,False
2026-03-03,2027.59,2041.93,1927.75,1982.87,1982.87,2403.1938,3381.75905,43.755007505676964,138.3648590613942,227239.66987917,167715.1600638585,VENDI,ALTO,False,False,True,False,,False,True,False,False
2026-03-04,1982.96,2200.0,1942.58,2127.61,2127.61,2379.2784,3370.27145,52.142457298378254,146.86879769986606,297238.17060263,173965.512340762,VENDI,ALTO,False,False,True,False,,False,True,False,False
2026-03-05,2127.6,2164.34,2054.4,2072.99,2072.99,2353.6418,3358.25905,49.16303174659705,144.23102643558994,207407.42726199,173495.968412627,VENDI,ALTO,False,False,True,False,,False,True,False,False
2026-03-06,2073.19,2093.4,1955.49,1978.49,1978.49,2326.8520000000003,3346.5746500000005,44.432533194151354,143.77952454733355,240275.16118635,181980.0815785055,VENDI,ALTO,False,False,True,False,,False,True,False,False
2026-03-07,1978.49,1996.51,1948.09,1969.61,1969.61,2300.3466,3336.04325,44.00405688417303,136.96812993680976,54989.61283322,178538.952634677,VENDI,ALTO,False,False,True,False,,False,True,False,False
2026-03-08,1969.61,2008.09,1911.64,1936.93,1936.93,2272.8986,3324.0458500000004,42.38417538714147,134.0739777984662,143369.8237907,180809.079497575,VENDI,ALTO,False,False,True,False,,False,True,False,False
2026-03-09,1936.97,2054.09,1929.61,1993.19,1993.19,2247.1114,3312.8896499999996,46.06514637970771,133.38869367000433,214052.9464571,183276.45083698252,VENDI,ALTO,False,False,True,False,,False,True,False,False
2026-03-10,1993.18,2088.83,1991.09,2036.8,2036.8,2224.0972,3298.91745,48.795982822661934,130.84235840786116,175603.57671898,183233.8625651255,VENDI,ALTO,False,False,True,False,,False,True,False,False
2026-03-11,2037.0,2086.49,2007.0,2052.25,2052.25,2206.4122,3285.29505,49.76637609222899,127.17433280729962,166606.19178915,184828.43315785198,VENDI,ALTO,False,False,True,False,,False,True,False,False
2026-03-12,2052.42,2096.09,2018.15,2074.0,2074.0,2188.3001999999997,3271.7657,51.16935663588653,123.65759474963536,154623.30875251,185004.2141109395,VENDI,ALTO,False,False,True,False,,False,True,False,False
2026-03-13,2073.78,2211.62,2070.09,2092.81,2092.81,2171.1692,3260.3446499999995,52.40733034852364,124.93419512466139,224337.3952471,193868.7732194525,VENDI,ALTO,False,False,True,False,,False,True,False,False
2026-03-14,2092.81,2106.06,2061.91,2096.7,2096.7,2154.0478,3247.81995,52.674544386218436,119.16389547289987,50376.20374437,193655.64795242602,VENDI,ALTO,False,False,True,False,,False,True,False,False
2026-03-15,2096.7,2203.09,2083.87,2178.67,2178.67,2138.644,3236.1785499999996,58.02291502901838,119.16790293912132,93011.4795932,187304.019202332,MANTIENI STATO ATTUALE,ALTO,False,False,True,False,,False,False,False,False
2026-03-16,2178.6,2386.23,2165.0,2352.94,2352.94,2129.4172,3225.3867499999997,66.65174933064762,126.45805272918409,234997.84483404,189123.395081691,MANTIENI STATO ATTUALE,ALTO,False,False,True,False,,False,False,False,False
2026-03-17,2352.94,2376.79,2296.2,2318.03,2318.03,2117.2408,3215.1759,63.821537036425894,123.1817632485281,171657.03184328,182546.5895274945,MANTIENI STATO ATTUALE,ALTO,False,False,True,False,,False,False,False,False
2026-03-18,2318.15,2351.09,2153.0,2203.47,2203.47,2100.872,3204.3203500000004,55.493920681226456,128.53235158791898,186288.76368283,181580.19880456352,MANTIENI STATO ATTUALE,ALTO,False,False,True,False,,False,False,False,False
2026-03-19,2203.46,2233.69,2098.94,2137.98,2137.98,2083.5082,3193.0507000000002,51.36754355924969,128.97646933163907,159107.97208938,177641.96828182,MANTIENI STATO ATTUALE,ALTO,False,False,True,False,,False,False,False,False
2026-03-20,2137.65,2176.62,2115.85,2145.89,2145.89,2070.0702,3182.20635,51.83340379416303,124.10457866509343,145036.3382477,178402.34488335898,MANTIENI STATO ATTUALE,ALTO,False,False,True,False,,False,False,False,False
2026-03-21,2145.89,2167.71,2070.71,2084.64,2084.64,2057.7092000000002,3170.9967000000006,47.99917928120285,122.16853733187247,33550.16550032,172937.528320536,MANTIENI STATO ATTUALE,ALTO,False,False,True,False,,False,False,False,False
2026-03-22,2084.61,2126.45,2025.65,2053.49,2053.49,2049.7918,3159.0021500000003,46.13026078770451,120.6422132367387,77364.65405327,162856.6869053645,MANTIENI STATO ATTUALE,ALTO,False,False,True,False,,False,False,False,False
2026-03-23,2053.36,2198.32,2022.32,2151.71,2151.71,2047.4624000000001,3148.26885,52.420958299725655,124.59634086268595,226656.73790984,162827.540306898,MANTIENI STATO ATTUALE,ALTO,False,False,True,False,,False,False,False,False
2026-03-24,2151.7,2175.42,2101.61,2155.56,2155.56,2043.6714000000002,3137.5084,52.654346838492046,120.9687450867798,148291.72276348,155380.2179149405,MANTIENI STATO ATTUALE,ALTO,False,False,True,False,,False,False,False,False
2026-03-25,2155.55,2199.81,2145.64,2167.98,2167.98,2042.4214,3126.97755,53.44767120865066,116.19740615200983,157354.28623851,152877.56086376653,MANTIENI STATO ATTUALE,ALTO,False,False,True,False,,False,False,False,False
2026-03-26,2167.98,2171.39,2032.63,2058.74,2058.74,2040.7248000000002,3115.7434500000004,46.12671238325525,117.80901999829483,179277.52424234,149827.67901656602,MANTIENI STATO ATTUALE,ALTO,False,False,True,False,,False,False,False,False
2026-03-27,2058.74,2076.09,1970.04,1991.55,1991.55,2044.0918000000001,3104.1719999999996,42.289795469564986,116.96908999841665,177137.48590475,155935.07267014252,VENDI,ALTO,False,False,True,False,,False,True,False,False
2026-03-28,1991.55,2044.47,1981.05,1992.98,1992.98,2042.7124,3092.5872500000005,42.3996129245057,113.14415499852976,42899.07582906,150911.5352720605,VENDI,ALTO,False,False,True,False,,False,True,False,False
2026-03-29,1992.98,2017.77,1937.59,1982.96,1982.96,2040.6482,3080.75205,41.79940022698638,110.78957249863478,51364.90577402,142777.1332379065,VENDI,ALTO,False,False,True,False,,False,True,False,False
2026-03-30,1983.04,2083.73,1978.46,2024.6,2024.6,2039.3718,3068.5725,45.266934350500854,110.39531732016087,195033.34811355,143748.621807635,MANTIENI STATO ATTUALE,ALTO,False,False,True,False,,False,False,False,False
2026-03-31,2024.58,2121.66,2010.09,2103.61,2103.61,2039.3673999999999,3055.51725,51.20719002143232,110.47922322586366,211440.25417756,145990.3249270555,MANTIENI STATO ATTUALE,ALTO,False,False,True,False,,False,False,False,False
2026-04-01,2103.41,2167.56,2080.26,2140.21,2140.21,2041.7374000000002,3042.8733,53.71327352567192,108.82356442401624,161889.43792733,146353.6313857965,MANTIENI STATO ATTUALE,ALTO,False,False,True,False,,False,False,False,False
2026-04-02,2140.1,2159.16,2015.85,2056.78,2056.78,2044.0839999999998,3030.12755,47.69910270870828,111.28688125087221,191424.47680924,144707.9854639035,MANTIENI STATO ATTUALE,ALTO,False,False,True,False,,False,False,False,False
2026-04-03,2056.78,2081.74,2040.65,2053.52,2053.52,2046.2321999999997,3017.7723499999997,47.47541457625015,106.27281830438132,60282.11864097,145203.2812087335,MANTIENI STATO ATTUALE,ALTO,False,False,True,False,,False,False,False,False
2026-04-04,2053.5,2083.32,2043.9,2065.17,2065.17,2046.586,3005.5847000000003,48.406565718360554,101.49761699692552,31874.8135356,142146.44790585348,MANTIENI STATO ATTUALE,ALTO,False,False,True,False,,False,False,False,False
2026-04-05,2065.14,2122.79,2020.97,2109.24,2109.24,2047.0628,2993.17005,51.88168537586623,101.52064435428797,53337.08165745,133063.409747024,MANTIENI STATO ATTUALE,ALTO,False,False,True,False,,False,False,False,False
2026-04-06,2109.33,2174.86,2087.83,2107.39,2107.39,2049.9034,2980.76,51.724184729260244,100.4855983289817,186313.39079438,133796.227694579,MANTIENI STATO ATTUALE,ALTO,False,False,True,False,,False,False,False,False
2026-04-07,2107.25,2272.86,2059.82,2239.68,2239.68,2054.7514,2969.6033999999995,60.87163296346027,108.52519844834015,244873.49846712,136725.4644337935,MANTIENI STATO ATTUALE,ALTO,False,False,True,False,,False,False,False,False
2026-04-08,2239.61,2271.6,2179.99,2190.24,2190.24,2058.7396,2958.14115,56.558393797515805,107.31696998774444,201960.23545395,138868.077602022,MANTIENI STATO ATTUALE,ALTO,False,False,True,False,,False,False,False,False
2026-04-09,2190.23,2245.9,2156.8,2190.15,2190.15,2063.4424000000004,2946.85675,56.550538293379155,106.0157578457627,174946.76352158,140363.598865716,MANTIENI STATO ATTUALE,ALTO,False,False,True,False,,False,False,False,False
2026-04-10,2190.3,2301.64,2175.99,2246.29,2246.29,2069.405,2937.0760999999998,60.25850461626709,107.41820371392252,196113.92072075,148491.7866267375,MANTIENI STATO ATTUALE,ALTO,False,False,True,False,,False,False,False,False
2026-04-11,2246.28,2330.56,2230.01,2285.79,2285.79,2075.7582,2927.6791000000003,62.6722557841038,106.92761773435662,71679.81618423,148207.5447332855,MANTIENI STATO ATTUALE,ALTO,False,False,True,False,,False,False,False,False
2026-04-12,2285.79,2289.58,2175.89,2191.8,2191.8,2080.1342,2917.8686,54.231704984445564,107.41064503904543,93167.72448552,141533.0940620695,MANTIENI STATO ATTUALE,ALTO,False,False,True,False,,False,False,False,False
2026-04-13,2191.77,2395.0,2174.31,2370.28,2370.28,2088.403,2910.3415000000005,64.11498650608831,115.50202753625649,223975.11564396,145317.2637060935,MANTIENI STATO ATTUALE,ALTO,False,False,True,False,,False,False,False,False
2026-04-14,2370.27,2417.4,2304.1,2323.58,2323.58,2097.7641999999996,2901.78805,60.43746933008313,115.34473985509533,193244.88521555,147111.7936549455,MANTIENI STATO ATTUALE,ALTO,False,False,True,False,,False,False,False,False
2026-04-15,2323.5,2387.08,2308.66,2360.6,2360.6,2107.9374,2893.4893000000006,62.28427756640552,112.70725843687424,134337.22308427,144864.778597042,MANTIENI STATO ATTUALE,ALTO,False,False,True,False,,False,False,False,False
2026-04-16,2360.64,2370.34,2285.32,2348.61,2348.61,2113.7554,2884.5161000000003,61.28641798992737,110.72959711995466,156324.04548823,143824.106576216,MANTIENI STATO ATTUALE,ALTO,False,False,True,False,,False,False,False,False
2026-04-17,2348.61,2466.5,2317.02,2419.81,2419.81,2121.5935999999997,2875.5289000000002,64.884231658507,113.4974830399579,198401.65083921,151599.2353267235,MANTIENI STATO ATTUALE,ALTO,False,False,True,False,,False,False,False,False
2026-04-18,2419.8,2428.51,2339.8,2351.36,2351.36,2130.0285999999996,2866.55575,59.18920262723695,111.72694853710377,58770.85463949,151969.532769997,MANTIENI STATO ATTUALE,ALTO,False,False,True,False,,False,False,False,False
2026-04-19,2351.38,2356.7,2252.06,2263.89,2263.89,2136.0122,2856.1226,52.810302681995346,111.22073792731062,79914.81620933,146213.606174786,MANTIENI STATO ATTUALE,ALTO,False,False,True,False,,False,False,False,False
2026-04-20,2263.9,2347.8,2260.51,2314.79,2314.79,2143.5144,2845.2591,55.79575807820082,109.5113995039313,157083.64716001,143495.7758239085,MANTIENI STATO ATTUALE,ALTO,False,False,True,False,,False,False,False,False
2026-04-21,2314.64,2339.58,2284.66,2328.0,2328.0,2149.5246,2834.3196500000004,56.56380002169431,105.61201382507907,145106.09601838,142656.60872846103,MANTIENI STATO ATTUALE,ALTO,False,False,True,False,,False,False,False,False
2026-04-22,2328.0,2425.0,2313.5,2375.21,2375.21,2157.3714,2823.74565,59.28635608147346,106.03258426614485,201099.52507044,143140.361141521,MANTIENI STATO ATTUALE,ALTO,False,False,True,False,,False,False,False,False
2026-04-23,2375.3,2383.04,2285.26,2331.08,2331.08,2161.4408,2812.82405,55.76758163711725,105.4431139614202,172210.87607232,148736.79901308852,MANTIENI STATO ATTUALE,ALTO,False,False,True,False,,False,False,False,False
2026-04-24,2331.2,2338.55,2299.87,2315.81,2315.81,2166.2972,2800.9715,54.56085844702005,100.67432010703305,148711.0057447,154578.6086235435,MANTIENI STATO ATTUALE,ALTO,False,False,True,False,,False,False,False,False
2026-04-25,2315.8,2323.79,2301.18,2319.97,2319.97,2173.1268,2790.32235,54.84750490402298,95.098297242245,30539.35592844,153438.722337093,MANTIENI STATO ATTUALE,ALTO,False,False,True,False,,False,False,False,False
2026-04-26,2319.93,2405.0,2307.01,2370.47,2370.47,2181.144,2779.5382,58.28755551977529,95.30484743922749,76635.40841673,147954.82321821048,MANTIENI STATO ATTUALE,ALTO,False,False,True,False,,False,False,False,False
2026-04-27,2370.47,2405.01,2263.8,2303.44,2303.44,2188.4742,2769.2009000000003,52.563190472270605,98.58378690785409,166257.737196,144024.0351546545,MANTIENI STATO ATTUALE,ALTO,False,False,True,False,,False,False,False,False
2026-04-28,2303.59,2310.97,2256.82,2289.29,2289.29,2194.3962,2761.4666,51.41526042724943,95.4099449858645,100075.8607295,138929.816418432,MANTIENI STATO ATTUALE,ALTO,False,False,True,False,,False,False,False,False
2026-04-29,2289.28,2347.49,2218.65,2251.85,2251.85,2198.6972,2753.97285,48.40314657450311,97.79780605830274,211218.07631847,140743.3820582765,MANTIENI STATO ATTUALE,ALTO,False,False,True,False,,False,False,False,False
2026-04-30,2251.98,2278.5,2230.15,2256.8,2256.8,2202.7882,2744.4757999999997,48.8299707898643,94.26581991128111,113600.48732022,136617.71038825,MANTIENI STATO ATTUALE,ALTO,False,False,True,False,,False,False,False,False
2026-05-01,2256.8,2326.59,2256.34,2295.54,2295.54,2207.219,2734.73005,52.16507947036688,92.55040420333246,136833.75963697,139875.407560887,MANTIENI STATO ATTUALE,ALTO,False,False,True,False,,False,False,False,False
2026-05-02,2295.54,2342.22,2292.7,2316.89,2316.89,2211.7006,2725.68255,53.94655315902562,89.47680390309444,25959.04817209,136514.9737452155,MANTIENI STATO ATTUALE,ALTO,False,False,True,False,,False,False,False,False
2026-05-03,2316.88,2356.38,2297.59,2322.5,2322.5,2216.2166,2717.3574,54.4268317663137,87.28488933858769,39258.04201479,127279.12006375699,MANTIENI STATO ATTUALE,ALTO,False,False,True,False,,False,False,False,False
2026-05-04,2322.48,2399.68,2308.36,2346.95,2346.95,2219.5822,2709.6175999999996,56.553438564995666,87.57311152868854,201514.06265736,127692.5789358475,MANTIENI STATO ATTUALE,ALTO,False,False,True,False,,False,False,False,False
2026-05-05,2346.96,2400.16,2344.76,2360.5,2360.5,2219.7334,2702.2551499999995,57.730634675124875,85.27503213378219,105257.66965682,126238.601264475,MANTIENI STATO ATTUALE,ALTO,False,False,True,False,,False,False,False,False
2026-05-06,2360.5,2424.0,2337.12,2350.66,2350.66,2220.386,2694.55645,56.53269868539741,85.3896726956549,155816.20226202,126213.2091031645,MANTIENI STATO ATTUALE,ALTO,False,False,True,False,,False,False,False,False
2026-05-07,2350.65,2352.47,2279.69,2290.81,2290.81,2222.1328,2686.0910500000005,49.768236512453036,84.48898178882239,112568.32393233,121921.5427578205,MANTIENI STATO ATTUALE,ALTO,False,False,True,False,,False,False,False,False
2026-05-08,2290.81,2321.44,2269.55,2307.24,2307.24,2225.518,2677.72515,51.48445494373003,82.16048308962078,36253.77775924,120795.688913808,MANTIENI STATO ATTUALE,ALTO,False,False,True,False,,False,False,False,False
2026-05-09,2307.24,2337.83,2299.57,2326.16,2326.16,2229.1234,2669.9831,53.45652001150972,79.024734297505,28649.36569572,118232.41638812752,MANTIENI STATO ATTUALE,ALTO,False,False,True,False,,False,False,False,False
2026-05-10,2326.15,2382.48,2311.85,2371.12,2371.12,2234.853,2662.8081000000006,57.84193638798226,78.42511041911179,62055.44366944,113481.00621359897,MANTIENI STATO ATTUALE,ALTO,False,False,True,False,,False,False,False,False
2026-05-11,2370.96,2375.28,2302.75,2339.39,2339.39,2240.571,2655.2129999999997,53.97661108929151,78.00403110346096,93430.60738316,110897.23178183803,MANTIENI STATO ATTUALE,ALTO,False,False,True,False,,False,False,False,False
2026-05-12,2339.48,2340.45,2255.29,2274.43,2274.43,2243.0254,2646.9046500000004,47.0452345601547,78.51517173892803,111664.09992572,106425.46052460201,MANTIENI STATO ATTUALE,ALTO,False,False,True,False,,False,False,False,False
2026-05-13,2274.32,2323.1,2232.72,2257.85,2257.85,2245.0712,2638.4213,45.44129581619433,79.36265947186176,92947.96701131,102462.31507155151,MANTIENI STATO ATTUALE,ALTO,False,False,True,False,,False,False,False,False
2026-05-14,2257.82,2319.78,2237.11,2283.08,2283.08,2247.3732,2629.0426499999994,48.32826779343865,79.5988980810145,130000.90141912,101526.8098552725,MANTIENI STATO ATTUALE,ALTO,False,False,True,False,,False,False,False,False
2026-05-15,2283.09,2299.87,2203.0,2223.0,2223.0,2250.6584,2619.55715,42.553773506338224,80.83254821808488,134836.29108122,106741.6566129115,MANTIENI STATO ATTUALE,ALTO,False,False,True,False,,False,False,False,False
2026-05-16,2223.0,2230.45,2161.8,2179.96,2179.96,2254.4266,2610.5557,38.96221165394799,79.96236620250735,46679.61569179,105243.86697666449,VENDI,ALTO,False,False,True,False,,False,True,False,False
2026-05-17,2179.95,2197.3,2078.22,2129.74,2129.74,2257.1618,2601.6834,35.22626240945554,82.75648290232829,44593.6607403,99160.66315387949,VENDI,ALTO,False,False,True,False,,False,True,False,False
2026-05-18,2129.74,2156.48,2076.4,2128.57,2128.57,2260.074,2593.3061500000003,35.14172007846699,82.56530555216199,164422.28980877,102377.984607843,VENDI,ALTO,False,False,True,False,,False,True,False,False
2026-05-19,2128.52,2145.4,2092.45,2110.06,2110.06,2261.7832,2584.6275,33.76123652519907,80.44992658415043,87637.18979544,96198.9402816915,VENDI,ALTO,False,False,True,False,,False,True,False,False
2026-05-20,2110.05,2147.59,2100.43,2127.49,2127.49,2262.2608,2575.9041500000003,36.298881887004136,78.07207468528257,80875.41732147,94562.68678175399,VENDI,ALTO,False,False,True,False,,False,True,False,False
2026-05-21,2127.48,2155.19,2102.38,2131.96,2131.96,2262.0958,2567.0341,36.96582623482496,76.26764077919096,120736.37287797,93757.817443804,VENDI,ALTO,False,False,True,False,,False,True,False,False
2026-05-22,2131.96,2139.39,2055.11,2063.39,2063.39,2262.228,2559.3366499999997,31.514905572863356,76.83995215210587,94975.89132846,97208.65960162251,VENDI,ALTO,False,False,True,False,,False,True,False,False
2026-05-23,2063.58,2146.73,2006.64,2115.04,2115.04,2263.4584,2553.4808000000003,38.83163770948695,81.35781271266973,92074.10968906,99849.462985336,VENDI,ALTO,False,False,True,False,,False,True,False,False
2026-05-24,2115.11,2128.94,2059.33,2097.35,2097.35,2264.102,2546.8481,37.35944812888255,80.51868323319333,54263.65695297,92486.9427001165,VENDI,ALTO,False,False,True,False,,False,True,False,False
2026-05-25,2097.38,2139.94,2089.6,2110.91,2110.91,2264.1354,2540.83535,39.26038038603627,78.36306300225095,61283.2490891,90288.2216717305,VENDI,ALTO,False,False,True,False,,False,True,False,False
2026-05-26,2111.04,2138.55,2052.0,2070.88,2070.88,2263.4051999999997,2534.0212,35.80594706392982,78.9478442163759,152229.07735511,90108.86542638499,VENDI,ALTO,False,False,True,False,,False,True,False,False
2026-05-27,2070.88,2094.51,2012.35,2021.64,2021.64,2259.0443999999998,2527.1270999999997,32.06816821776039,79.17728391520622,110952.52779291,90028.07561941401,VENDI,ALTO,False,False,True,False,,False,True,False,False
2026-05-28,2021.52,2027.08,1964.01,2006.61,2006.61,2255.3718,2519.24555,31.004257008592248,78.02676363554863,158565.4794059,96143.66070174701,VENDI,ALTO,False,False,True,False,,False,True,False,False
2026-05-29,2006.6,2043.16,1973.36,2011.65,2011.65,2251.8017999999997,2511.4713500000003,31.82109790655319,77.43913766158089,154169.91151552,102419.687992737,VENDI,ALTO,False,False,True,False,,False,True,False,False
2026-05-30,2011.64,2029.35,1999.33,2019.58,2019.58,2247.2676,2504.48655,33.161905838097965,74.0520564000394,38268.00736613,101230.3161775715,VENDI,ALTO,False,False,True,False,,False,True,False,False
2026-05-31,2019.6,2034.89,1991.1,2004.0,2004.0,2241.6318,2497.43625,31.83716798707522,71.89048094289375,51986.49360124,99158.1104884755,VENDI,ALTO,False,False,True,False,,False,True,False,False
2026-06-01,2004.01,2018.48,1954.0,2004.0,2004.0,2237.8758000000003,2491.308,31.83716798707522,71.3611608755442,143475.0246555,100748.6567249645,VENDI,ALTO,False,False,True,False,,False,True,False,False
2026-06-02,2004.08,2004.11,1836.96,1857.32,1857.32,2227.6166,2485.0471500000003,22.167989372936063,78.20322081300532,228372.53137535,107519.88494316649,VENDI,ALTO,False,False,True,False,,False,True,False,False
2026-06-03,1857.31,1890.1,1768.0,1810.66,1810.66,2217.3582,2478.2689499999997,20.078914956031483,81.33870504064778,257717.58935891,113905.71934015599,VENDI,ALTO,False,False,True,False,,False,True,False,False
2026-06-04,1810.65,1818.0,1715.36,1768.53,1768.53,2205.5168,2471.65035,18.393441172286487,82.86022610917294,300066.45335875,122167.22745403252,VENDI,ALTO,False,False,True,False,,False,True,False,False
2026-06-05,1768.52,1772.86,1539.26,1582.85,1582.85,2190.2016,2464.42515,13.153025167813809,93.62735281566059,487135.90405701,144190.0418722935,VENDI,ALTO,False,False,True,False,,False,True,False,False
2026-06-06,1582.71,1600.85,1505.0,1568.87,1568.87,2173.1828,2456.6607999999997,12.856038690672449,93.78611332882768,155069.0668797,149713.8121792635,VENDI,ALTO,False,False,True,False,,False,True,False,False
2026-06-07,1568.86,1720.15,1563.2,1689.75,1689.75,2159.9506,2449.99405,27.995275433835886,98.2978195196257,138897.69034752,148437.58220620098,VENDI,ALTO,False,False,True,False,,False,True,False,False
2026-06-08,1689.58,1714.19,1644.08,1689.89,1689.89,2148.4706,2444.2905499999997,28.01087425753849,96.28440383965246,237778.56552869,155944.6509928635,VENDI,ALTO,False,False,True,False,,False,True,False,False
2026-06-09,1689.8,1696.2,1612.37,1638.45,1638.45,2134.9437999999996,2438.66285,25.799324106346518,95.39480356539158,188435.91379266,161322.67581642297,VENDI,ALTO,False,False,True,False,,False,True,False,False
2026-06-10,1638.45,1666.76,1601.5,1620.03,1620.03,2120.7843999999996,2432.9204999999997,25.037023654329516,93.24231759643504,171498.50345678,163860.7823453635,VENDI,ALTO,False,False,True,False,,False,True,False,False
2026-06-11,1619.96,1691.86,1619.96,1671.94,1671.94,2106.719,2427.2745,31.206018150104427,91.71786633954682,153835.9553949,166803.7855486855,VENDI,ALTO,False,False,True,False,,False,True,False,False
2026-06-12,1671.84,1689.95,1650.0,1665.52,1665.52,2093.4078,2420.8391500000002,30.86768827414052,88.02016160100776,104730.69571056,167436.6148497605,VENDI,ALTO,False,False,True,False,,False,True,False,False
2026-06-13,1665.5,1696.27,1661.33,1680.3,1680.3,2080.6976,2414.4498000000003,32.67730894971895,84.22872148665006,48967.87286664,167171.825645444,VENDI,ALTO,False,False,True,False,,False,True,False,False
2026-06-14,1680.36,1731.39,1651.74,1724.73,1724.73,2068.7928,2407.9413,37.936615527535594,83.90166995188935,74935.04569191,167854.4154755845,VENDI,ALTO,False,False,True,False,,False,True,False,False
2026-06-15,1724.73,1848.42,1708.89,1795.01,1795.01,2057.2835999999998,2401.8420499999997,45.22586288042471,87.87512209818296,155590.45111945,168022.4841638015,VENDI,ALTO,False,False,True,False,,False,True,False,False
2026-06-16,1795.0,1838.0,1757.61,1791.24,1791.24,2047.0395999999998,2395.63895,44.921079209923285,87.34047051974133,119036.05169935,168426.6603591235,VENDI,ALTO,False,False,True,False,,False,True,False,False
2026-06-17,1791.24,1809.05,1723.78,1749.0,1749.0,2036.2338,2389.4323999999997,41.542999260510754,87.19257976833124,116224.29075813,166309.600926735,VENDI,ALTO,False,False,True,False,,False,True,False,False
2026-06-18,1748.98,1761.53,1669.2,1709.01,1709.01,2025.3769999999997,2383.01795,38.58466872501793,87.55953835630758,123048.41607822,164753.52615487,VENDI,ALTO,False,False,True,False,,False,True,False,False
2026-06-19,1709.0,1717.4,1677.36,1709.42,1709.42,2014.4293999999998,2377.5735499999996,38.632919184016586,84.16528561657134,60117.40532152,165845.9960526395,VENDI,ALTO,False,False,True,False,,False,True,False,False
2026-06-20,1709.41,1747.6,1702.29,1738.46,1738.46,2003.2878,2371.28235,42.10253687674353,81.38990807253052,45619.28664727,165527.635704941,VENDI,ALTO,False,False,True,False,,False,True,False,False
2026-06-21,1738.61,1739.14,1700.0,1704.8,1704.8,1991.046,2363.8574,39.32704681142023,78.37205749592121,46556.48361857,160681.7086530945,VENDI,ALTO,False,False,True,False,,False,True,False,False
2026-06-22,1704.99,1777.83,1704.99,1726.15,1726.15,1979.119,2356.8175,41.94141246496621,77.99048196049826,119549.5611865,155240.560143652,VENDI,ALTO,False,False,True,False,,False,True,False,False
2026-06-23,1726.12,1734.25,1633.47,1665.04,1665.04,1965.4808000000003,2350.02965,37.02383025571645,79.61830467760552,101355.91937495,147422.476644454,VENDI,ALTO,False,False,True,False,,False,True,False,False
2026-06-24,1665.04,1689.85,1550.93,1619.72,1619.72,1950.6652000000001,2342.9326,33.85370058822433,83.85414005777655,163107.19756151,140574.513854592,VENDI,ALTO,False,False,True,False,,False,True,False,False
2026-06-25,1619.72,1657.72,1530.38,1565.19,1565.19,1934.9558,2335.45355,30.472758512629667,86.96027291079251,180478.067505,125241.62202699152,VENDI,ALTO,False,False,True,False,,False,True,False,False
2026-06-26,1565.28,1591.67,1510.0,1576.27,1576.27,1920.665,2327.71025,31.95967610487544,86.58239627430734,159251.5558169,125450.7464738515,VENDI,ALTO,False,False,True,False,,False,True,False,False
2026-06-27,1576.46,1608.27,1560.65,1571.6,1571.6,1905.9522,2318.97555,31.6524199274765,83.79936796899968,44653.45847059,120738.53488000501,VENDI,ALTO,False,False,True,False,,False,True,False,False
2026-06-28,1571.59,1586.51,1545.14,1569.41,1569.41,1890.8171999999997,2310.1975,31.49948256671418,80.76869882835685,39136.40992702,110806.42709992151,VENDI,ALTO,False,False,True,False,,False,True,False,False
2026-06-29,1569.4,1635.0,1547.77,1610.62,1610.62,1875.6072,2302.0636,37.60855019809834,81.23022034061708,141716.40419777,108470.45162017699,VENDI,ALTO,False,False,True,False,,False,True,False,False
2026-06-30,1610.6,1612.08,1547.08,1569.45,1569.45,1860.2084,2294.4863,34.31594278289985,80.07091888771586,102263.75051461,105008.71397306849,VENDI,ALTO,False,False,True,False,,False,True,False,False
2026-07-01,1569.45,1644.0,1550.59,1607.64,1607.64,1846.8726000000001,2286.9495,39.59861575885984,81.02371039573616,146745.33179112,104654.1827928795,VENDI,ALTO,False,False,True,False,,False,True,False,False
2026-07-02,1607.8,1723.05,1595.2,1698.63,1698.63,1835.6882,2280.12615,49.93081886003103,84.36844536746929,148608.91614114,106848.0938144085,VENDI,ALTO,False,False,True,False,,False,True,False,False
2026-07-03,1698.63,1774.0,1692.84,1756.14,1756.14,1825.1494,2274.0848499999997,55.15258959336433,84.13927069836434,70703.71252693,107934.885797423,VENDI,ALTO,False,False,True,False,,False,True,False,False
2026-07-04,1756.14,1806.01,1742.45,1779.34,1779.34,1816.2762,2268.17175,57.09647041008355,82.66932279133832,49946.53713918,106685.46036978651,VENDI,ALTO,False,False,True,False,,False,True,False,False
2026-07-05,1779.16,1806.51,1747.58,1784.2,1784.2,1808.361,2262.9315,57.51193326517374,80.97365687767129,40849.20348219,100948.3979879235,MANTIENI STATO ATTUALE,ALTO,False,False,True,False,,False,False,False,False
2026-07-06,1784.13,1831.62,1727.17,1798.45,1798.45,1801.7351999999998,2257.7909,58.7725665136749,82.65053852926619,125709.95162441,101282.0929841765,MANTIENI STATO ATTUALE,ALTO,False,False,True,False,,False,False,False,False
2026-07-07,1798.45,1811.15,1756.54,1770.09,1770.09,1794.5656,2251.7512,55.25859930527593,80.64764292003291,100841.93544012,100512.975218276,MANTIENI STATO ATTUALE,ALTO,False,False,True,False,,False,False,False,False
2026-07-08,1770.23,1783.71,1710.95,1741.8,1741.8,1787.2003999999997,2245.5772,51.92357474191513,80.08423985431627,99162.10019618,99318.65942417401,VENDI,ALTO,False,False,True,False,,False,True,False,False
2026-07-09,1741.85,1760.57,1720.0,1743.82,1743.82,1779.527,2239.2891999999997,52.14566196973548,77.26179415043653,76004.55079192,100113.016697694,VENDI,ALTO,False,False,True,False,,False,True,False,False
2026-07-10,1743.82,1810.79,1736.17,1795.74,1795.74,1772.8026,2233.22945,57.57094912149229,77.07309456826249,95798.3569098,102621.97021082051,MANTIENI STATO ATTUALE,ALTO,False,False,True,False,,False,False,False,False
2026-07-11,1795.73,1829.25,1785.25,1786.81,1786.81,1767.271,2227.3492499999998,56.38686962736685,74.71073067052946,51872.15076301,102887.7535680425,MANTIENI STATO ATTUALE,ALTO,False,False,True,False,,False,False,False,False
2026-07-12,1786.81,1825.46,1778.55,1805.51,1805.51,1761.0804,2221.65145,58.32008026282481,72.72496419406308,39647.67901761,98892.659459598,MANTIENI STATO ATTUALE,ALTO,False,False,True,False,,False,False,False,False
2026-07-13,1805.56,1844.67,1748.05,1774.57,1774.57,1754.6248,2216.0126,54.05104814372016,74.43175246591572,106281.79272453,99138.953127077,MANTIENI STATO ATTUALE,ALTO,False,False,True,False,,False,False,False,False
2026-07-14,1774.57,1895.61,1771.36,1890.63,1890.63,1750.2191999999998,2210.8386,64.5374819431687,77.99019871835031,138211.47661573,97894.167079788,MANTIENI STATO ATTUALE,ALTO,False,False,True,False,,False,False,False,False
2026-07-15,1890.72,1944.82,1863.05,1916.76,1916.76,1747.1368000000002,2205.6894,66.39688392448768,78.26018452418243,104370.66103244,94088.79675616001,MANTIENI STATO ATTUALE,ALTO,False,False,True,False,,False,False,False,False
2026-07-16,1916.75,1928.2,1855.79,1863.17,1863.17,1743.9674000000002,2200.26065,59.50573587517938,77.84231420102655,93251.3109594,90788.784513285,MANTIENI STATO ATTUALE,ALTO,False,False,True,False,,False,False,False,False
2026-07-17,1863.16,1869.36,1800.82,1840.94,1840.94,1740.6540000000002,2194.7944,56.86903925315643,77.17786318666751,91675.01190502,93139.8621850065,MANTIENI STATO ATTUALE,ALTO,False,False,True,False,,False,False,False,False
2026-07-18,1840.92,1865.01,1835.91,1861.54,1861.54,1737.6517999999999,2189.25,58.695503221321296,73.74373010190554,36359.787703,93001.0310738055,MANTIENI STATO ATTUALE,ALTO,False,False,True,False,,False,False,False,False
2026-07-19,1861.61,1877.67,1850.3,1870.89,1870.89,1734.6779999999999,2183.77025,59.53313021116105,70.4313208089123,47975.58611931,88313.9901698825,MANTIENI STATO ATTUALE,ALTO,False,False,True,False,,False,False,False,False
2026-07-20,1870.99,1917.43,1841.52,1903.52,1903.52,1732.6684,2178.2857999999997,62.398916699849494,70.82265503684714,120073.02683301,89204.4539858025,MANTIENI STATO ATTUALE,ALTO,False,False,True,False,,False,False,False,False
2026-07-21,1903.53,1952.0,1899.56,1929.0,1929.0,1731.1684,2172.3046,64.51234975762655,69.50960824850091,106885.51485654,87211.4631390735,MANTIENI STATO ATTUALE,ALTO,False,False,True,False,,False,False,False,False
2026-07-22,1929.11,1955.87,1909.27,1933.54,1933.54,1732.6928,2166.3451499999996,64.89100817049128,67.87320765932228,105832.1299862,85072.6238313265,MANTIENI STATO ATTUALE,ALTO,False,False,True,False,,False,False,False,False
2026-07-23,1933.56,1940.67,1867.06,1876.91,1876.91,1734.0178,2160.014,56.75600745841172,68.28297854079926,99340.53352605,86504.4648812825,MANTIENI STATO ATTUALE,ALTO,False,False,True,False,,False,False,False,False
2026-07-24,1877.04,1908.26,1845.35,1859.77,1859.77,1735.8426000000002,2153.1868999999997,54.5278770655726,67.89919435931361,86148.07399363,88314.541724005,MANTIENI STATO ATTUALE,ALTO,False,False,True,False,,False,False,False,False
2026-07-25,1859.77,1875.36,1849.26,1873.05,1873.05,1741.6466,2146.0742,55.97015147482829,64.91353761936264,22008.90014172,87372.5265569815,MANTIENI STATO ATTUALE,ALTO,False,False,True,False,,False,False,False,False
2026-07-26,1873.01,1965.01,1872.16,1952.93,1952.93,1749.3278,2140.01065,63.4746505954135,66.90899921797958,38607.17095977,83017.3875237495,MANTIENI STATO ATTUALE,ALTO,False,False,True,False,,False,False,False,False
2026-07-27,1953.12,1979.0,1880.7,1890.67,1890.67,1753.3462,2133.9425,55.53026989825792,69.15121355955247,105349.16279901,83242.74889169399,MANTIENI STATO ATTUALE,ALTO,False,False,True,False,,False,False,False,False
2026-07-28,1890.69,1927.1,1854.52,1919.9,1919.9,1757.9464,2128.1204500000003,58.17682597199675,69.3961268767273,101428.68420724,83356.07809224699,MANTIENI STATO ATTUALE,ALTO,False,False,True,False,,False,False,False,False
2026-07-29,1919.99,1932.72,1871.84,1908.48,1908.48,1763.3470000000002,2122.2509,56.75565056200221,68.7878320998182,88424.3929117,83977.070198236,MANTIENI STATO ATTUALE,ALTO,False,False,True,False,,False,False,False,False
2026-07-30,1908.3,1935.34,1890.89,1916.82,1916.82,1769.2828,2116.24175,57.5708182338801,67.04941552125975,65630.02880406,82468.653792949,MANTIENI STATO ATTUALE,ALTO,False,False,True,False,,False,False,False,False
2026-07-31,1916.82,1934.67,1845.8,1860.66,1860.66,1773.0572,2110.08535,50.64740140360509,68.60802869831264,90891.68098819,84419.630304208,MANTIENI STATO ATTUALE,ALTO,False,False,True,False,,False,False,False,False
2026-08-01,1860.8,1873.8,1820.14,1843.18,1843.18,1776.6104,2102.68435,48.68489393481081,67.54031236271886,36623.09614728,84268.40116069149,MANTIENI STATO ATTUALE,ALTO,False,False,True,False,,False,False,False,False
2026-08-02,1843.24,1896.6,1842.0,1883.35,1883.35,1780.6714,2095.327,53.17519268210086,66.61600433681038,37236.89081126,80816.156065028,MANTIENI STATO ATTUALE,ALTO,False,False,True,False,,False,False,False,False
2026-08-03,1883.34,1883.97,1826.31,1858.95,1858.95,1783.3557999999998,2088.03185,50.296216950135026,65.97628974132392,59606.09813762,76885.8871411225,MANTIENI STATO ATTUALE,ALTO,False,False,True,False,,False,False,False,False
2026-08-04,1858.96,1881.34,1846.73,1868.39,1868.39,1784.8234,2080.8994,51.392688540110576,63.735840474086494,68086.22447977,75071.66531348901,MANTIENI STATO ATTUALE,ALTO,False,False,True,False,,False,False,False,False
2026-08-05,1868.38,1926.34,1853.72,1907.29,1907.29,1787.1444000000001,2073.8892,55.72690059138248,64.37042329736602,91253.81724219,74971.7906276285,MANTIENI STATO ATTUALE,ALTO,False,False,True,False,,False,False,False,False
2026-08-06,1907.29,1918.39,1889.68,1902.42,1902.42,1790.2128,2066.98855,55.06491645390145,61.82325020469702,74098.22974247,74092.951519501,MANTIENI STATO ATTUALE,ALTO,False,False,True,False,,False,False,False,False
2026-08-07,1902.45,1942.0,1892.61,1913.15,1913.15,1794.2956,2060.61675,56.29674957384744,60.935160904361524,69386.14761465,75744.26951508349,MANTIENI STATO ATTUALE,ALTO,False,False,True,False,,False,False,False,False
2026-08-08,1913.17,1925.0,1911.36,1915.4,1915.4,1798.4152000000001,2055.51125,56.56563500960821,57.55693512547857,17577.70766728,74224.375592482,MANTIENI STATO ATTUALE,ALTO,False,False,True,False,,False,False,False,False
2026-08-09,1915.37,1936.36,1906.08,1909.09,1909.09,1801.8278,2050.1587,55.5337248948139,55.60858261651581,36517.95081871,70046.621791767,MANTIENI STATO ATTUALE,ALTO,False,False,True,False,,False,False,False,False
2026-08-10,1909.18,1929.93,1865.88,1871.44,1871.44,1805.1606,2044.7691,49.70696942276102,56.21154100105039,75690.08842457,68486.85047016849,MANTIENI STATO ATTUALE,ALTO,False,False,True,False,,False,False,False,False
2026-08-11,1871.4,1896.45,1851.45,1880.72,1880.72,1808.2520000000002,2039.4088499999998,51.0697169275102,55.41071664383251,61108.79920688,66250.6839312025,MANTIENI STATO ATTUALE,ALTO,False,False,True,False,,False,False,False,False
2026-08-12,1880.72,1923.84,1871.11,1877.59,1877.59,1812.503,2034.0525,50.571981442697236,55.21923688355876,61807.14029078,64374.014269439,MANTIENI STATO ATTUALE,ALTO,False,False,True,False,,False,False,False,False
2026-08-13,1877.65,1898.35,1860.81,1884.61,1884.61,1817.8008,2029.40415,51.70877303027908,53.95643424901885,51084.97388002,62620.8592637585,MANTIENI STATO ATTUALE,ALTO,False,False,True,False,,False,False,False,False
2026-08-14,1884.61,1889.61,1862.09,1880.41,1880.41,1824.1052000000002,2024.1719499999997,50.95371494089993,52.068117516946074,45591.99307329,63800.013910337,MANTIENI STATO ATTUALE,ALTO,False,False,True,False,,False,False,False,False
2026-08-15,1880.41,1884.88,1873.77,1880.94,1880.94,1830.1986000000002,2018.4670999999998,51.05084922778783,49.14253769430708,13098.43800884,62524.5772627905,MANTIENI STATO ATTUALE,ALTO,False,False,True,False,,False,False,False,False
2026-08-16,1880.88,1890.34,1867.32,1874.13,1874.13,1836.2491999999997,2012.8069,49.689141637065525,47.27664214471372,15508.129025,58032.525574089996,MANTIENI STATO ATTUALE,ALTO,False,False,True,False,,False,False,False,False
2026-08-17,1874.1,1917.15,1870.47,1911.94,1911.94,1843.0998000000002,2008.2776499999998,56.60937915220985,47.23402484866275,87781.72726339,57350.177726897506,ACQUISTA,ALTO,False,True,True,True,breakout_protected,True,False,False,False
2026-08-18,1911.94,1922.25,1884.12,1916.72,1916.72,1849.2218,2004.3478,57.40701245697323,46.583737359472565,70566.6455293,56457.2903577775,MANTIENI STATO ATTUALE,ALTO,False,True,True,True,,True,False,False,False
2026-08-19,1916.76,2334.15,1904.5,2251.69,2251.69,1862.8666,2003.3594500000002,82.15850417174099,73.94561326236739,307583.63913079,68554.97087411399,MANTIENI STATO ATTUALE,ALTO,False,False,True,False,,True,False,False,False
2026-08-20,2251.68,2358.92,2220.22,2326.35,2326.35,1877.2408000000003,2003.6503,84.34250285232517,78.57092660076974,220347.48079693,75027.760864551,MANTIENI STATO ATTUALE,ALTO,False,False,True,False,,True,False,False,False
2026-08-21,2326.3,2548.0,2324.4,2515.8,2515.8,1893.5841999999998,2004.50375,88.26725372908037,88.93014612928617,268406.85619991,86616.94886718251,MANTIENI STATO ATTUALE,ALTO,False,False,True,False,,True,False,False,False
2026-08-22,2515.68,2530.28,2385.0,2422.0,2422.0,1906.9013999999997,2005.4613499999998,77.86082599459539,92.95513569148004,114652.49286625,90487.728969932,MANTIENI STATO ATTUALE,ALTO,False,False,True,False,,True,False,False,False
2026-08-23,2422.0,2484.99,2355.82,2463.39,2463.39,1920.5824,2007.06045,79.03536292888103,95.54191171351715,110317.61892305,93023.30500920351,MANTIENI STATO ATTUALE,ALTO,False,False,True,False,,True,False,False,False
2026-08-24,2463.58,2533.19,2424.55,2482.2,2482.2,1934.5424000000003,2010.35545,79.56592750071871,96.47748944826591,191270.22665507,99182.50511796851,MANTIENI STATO ATTUALE,ALTO,False,False,True,False,,True,False,False,False
2026-08-25,2482.08,2533.02,2415.0,2442.55,2442.55,1947.4244,2012.25845,75.24320587312565,98.0162402019612,142177.42041932,101728.68527682501,MANTIENI STATO ATTUALE,ALTO,False,False,True,False,,True,False,False,False
2026-08-26,2442.55,2515.77,2432.12,2506.93,2506.93,1962.1612,2014.3622500000001,77.39105106642722,96.99008018753541,118053.95560105,103926.471569754,MANTIENI STATO ATTUALE,ALTO,False,False,True,False,,True,False,False,False
2026-08-27,2507.29,2567.0,2481.49,2511.67,2511.67,1977.5586,2016.4785000000002,77.54551381038712,96.17007445985433,133639.09943779,107139.119160911,MANTIENI STATO ATTUALE,ALTO,False,False,True,False,,True,False,False,False
2026-08-28,2511.67,2535.55,2406.0,2442.79,2442.79,1991.5379999999998,2018.1733000000002,70.05546149351933,98.55435485557905,119081.6069727,112214.314126182,MANTIENI STATO ATTUALE,ALTO,False,False,True,False,,True,False,False,False
2026-08-29,2442.77,2459.82,2430.79,2457.68,2457.68,2004.7767999999999,2020.35315,70.71399006342696,93.588329508752,27598.50045218,111768.34160785549,MANTIENI STATO ATTUALE,ALTO,False,False,True,False,,True,False,False,False
2026-08-30,2457.68,2534.49,2387.45,2416.86,2416.86,2017.3778,2022.7402,66.40271418354584,97.40630597241257,61258.48995931,111046.76168459251,MANTIENI STATO ATTUALE,MEDIO,False,False,True,False,,True,False,False,False
2026-08-31,2416.8,2489.9,2401.21,2467.29,2467.29,2030.6134,2025.3461000000002,68.92348537615936,96.78371268866883,86532.24059679,112317.93375408801,MANTIENI STATO ATTUALE,MEDIO,False,False,True,False,,True,False,False,False
2026-09-01,2466.84,2485.11,2382.33,2417.25,2417.25,2043.4669999999999,2027.1949500000003,63.807667026757755,97.2120189251925,82693.84775986,113362.26912754201,MANTIENI STATO ATTUALE,MEDIO,False,False,True,False,,True,False,False,False
2026-09-02,2417.4,2427.9,2355.2,2390.83,2390.83,2053.471,2028.7221,61.22381026624817,95.46116043053591,74246.34712404,114520.33778974302,MANTIENI STATO ATTUALE,MEDIO,False,False,True,False,,True,False,False,False
